time,pre,pre_predicted,pre,tmp
1901-01-16,4.2000003,,4.2000003,20.9
1901-02-15,3.7,,3.7,21.9
1901-03-16,5.8,,5.8,24.800001
1901-04-16,48.5,,48.5,28.6
1901-05-16,213.3,,213.3,27.2
1901-06-16,202.40001,,202.40001,26.0
1901-07-16,227.90001,,227.90001,25.1
1901-08-16,260.1,,260.1,25.0
1901-09-16,221.1,,221.1,25.300001
1901-10-16,165.0,,165.0,25.2
1901-11-16,35.100002,,35.100002,23.300001
1901-12-16,6.0,,6.0,20.6
1902-01-16,3.9,9.336963921785355,3.9,19.7
1902-02-15,1.7,7.9966122746467505,1.7,20.2
1902-03-16,3.6000001,7.872034302353853,3.6000001,25.2
1902-04-16,46.5,45.96322396099568,46.5,28.1
1902-05-16,181.3,178.52083072066307,181.3,27.1
1902-06-16,202.0,199.91877991557124,202.0,26.2
1902-07-16,240.2,235.82141681313516,240.2,25.4
1902-08-16,271.7,263.8901096403599,271.7,25.2
1902-09-16,239.40001,245.11519882678988,239.40001,25.300001
1902-10-16,102.8,99.13601939976216,102.8,25.4
1902-11-16,35.2,34.61248425841332,35.2,23.4
1902-12-16,16.9,24.6331841558218,16.9,21.4
1903-01-16,3.9,9.336963921785355,3.9,20.1
1903-02-15,1.7,7.9966122746467505,1.7,21.300001
1903-03-16,4.7000003,8.809972387552264,4.7000003,25.1
1903-04-16,22.2,23.89954269826412,22.2,28.9
1903-05-16,126.3,125.14265980571508,126.3,28.0
1903-06-16,206.40001,203.6302511692047,206.40001,25.5
1903-07-16,222.90001,219.96988603472712,222.90001,25.1
1903-08-16,272.0,266.5047617316246,272.0,24.7
1903-09-16,229.0,217.90965818166734,229.0,25.1
1903-10-16,169.6,167.58581750988964,169.6,25.0
1903-11-16,37.7,39.259949836134915,37.7,22.6
1903-12-16,6.0,10.309920269250867,6.0,19.0
1904-01-16,3.9,10.77716254293918,3.9,18.6
1904-02-15,1.7,7.9966122746467505,1.7,20.6
1904-03-16,3.6000001,7.872034302353853,3.6000001,24.9
1904-04-16,51.3,51.25409585982561,51.3,27.2
1904-05-16,140.1,138.50106940567494,140.1,27.1
1904-06-16,206.0,199.85414680242542,206.0,25.5
1904-07-16,257.1,247.91742997765544,257.1,25.0
1904-08-16,270.30002,265.82396857142453,270.30002,25.2
1904-09-16,236.6,228.25039393901827,236.6,25.6
1904-10-16,77.4,75.19937493409962,77.4,25.300001
1904-11-16,41.0,41.649730771780014,41.0,22.800001
1904-12-16,7.6,10.892070609331128,7.6,20.0
1905-01-16,3.9,9.336963921785355,3.9,19.9
1905-02-15,2.1000001,7.435024237632746,2.1000001,21.9
1905-03-16,3.6000001,8.39847571551799,3.6000001,24.6
1905-04-16,22.1,22.783982744812967,22.1,27.7
1905-05-16,179.8,176.48110404610634,179.8,27.4
1905-06-16,199.7,197.12377368807796,199.7,25.7
1905-07-16,226.5,219.5252170622349,226.5,25.300001
1905-08-16,273.5,261.6481951355935,273.5,25.300001
1905-09-16,311.7,299.28263760805135,311.7,25.7
1905-10-16,123.200005,128.44063561409712,123.200005,25.5
1905-11-16,36.9,35.322238236665726,36.9,23.6
1905-12-16,10.2,10.892070609331128,10.2,22.1
1906-01-16,3.9,9.284054499864581,3.9,21.7
1906-02-15,1.7,6.828955855965617,1.7,22.300001
1906-03-16,3.6000001,8.266471108794207,3.6000001,24.6
1906-04-16,22.5,22.273843252658843,22.5,29.0
1906-05-16,213.0,209.9095164239407,213.0,28.6
1906-06-16,167.6,162.09356156885627,167.6,26.0
1906-07-16,234.8,228.36087047457698,234.8,25.5
1906-08-16,267.80002,246.99858109354975,267.80002,25.300001
1906-09-16,277.5,267.52837811708457,277.5,26.0
1906-10-16,182.0,174.2276553362608,182.0,25.1
1906-11-16,35.5,33.63353464752436,35.5,22.9
1906-12-16,6.0,9.536700657010073,6.0,20.800001
1907-01-16,36.8,29.767262381315234,36.8,20.4
1907-02-15,1.7,6.828955855965617,1.7,21.6
1907-03-16,11.8,14.82509395480156,11.8,24.2
1907-04-16,24.2,30.016613924503325,24.2,27.7
1907-05-16,227.0,216.6658588945866,227.0,26.800001
1907-06-16,186.1,189.1285707950592,186.1,25.7
1907-07-16,225.40001,217.44667629003527,225.40001,25.0
1907-08-16,271.2,267.3407134830952,271.2,24.9
1907-09-16,227.3,220.12735513448717,227.3,25.5
1907-10-16,146.6,146.68785501718523,146.6,25.1
1907-11-16,34.600002,33.44766096323728,34.600002,23.300001
1907-12-16,20.6,27.632328087091445,20.6,19.6
1908-01-16,3.9,9.336963921785355,3.9,20.0
1908-02-15,1.7,7.9966122746467505,1.7,21.4
1908-03-16,3.8,8.941976994276047,3.8,24.800001
1908-04-16,172.8,152.34784898459912,172.8,28.5
1908-05-16,201.7,197.1914874792099,201.7,27.1
1908-06-16,209.0,209.0662174999714,209.0,25.6
1908-07-16,233.7,226.87234066128732,233.7,25.0
1908-08-16,265.6,258.6014535069466,265.6,24.9
1908-09-16,190.1,194.1770685195923,190.1,25.5
1908-10-16,100.9,98.31035949662328,100.9,25.1
1908-11-16,37.0,37.1680166721344,37.0,22.5
1908-12-16,6.4,10.219070830941192,6.4,20.5
1909-01-16,3.9,9.167557194828987,3.9,20.300001
1909-02-15,3.5,8.580810287594787,3.5,21.7
1909-03-16,10.2,16.5130426555872,10.2,24.9
1909-04-16,23.9,31.092684353888032,23.9,27.800001
1909-05-16,270.80002,258.9091545581818,270.80002,27.1
1909-06-16,195.6,197.66286788582804,195.6,25.5
1909-07-16,238.8,235.10271419882775,238.8,25.0
1909-08-16,273.5,265.08205084800727,273.5,24.9
1909-09-16,204.0,204.3668999552727,204.0,25.6
1909-10-16,166.7,164.48395375013354,166.7,25.4
1909-11-16,38.0,38.3607249930501,38.0,22.9
1909-12-16,6.1,10.309920269250867,6.1,19.9
1910-01-16,3.9,9.167557194828987,3.9,20.4
1910-02-15,1.7,7.9966122746467505,1.7,21.0
1910-03-16,7.8,11.3787504941225,7.8,23.800001
1910-04-16,164.1,150.5237330943346,164.1,27.2
1910-05-16,307.7,284.1455429494381,307.7,27.2
1910-06-16,181.3,179.62201417684557,181.3,25.5
1910-07-16,239.0,234.55789874196054,239.0,25.1
1910-08-16,280.2,268.9159301519394,280.2,25.1
1910-09-16,257.5,252.7961114406586,257.5,25.2
1910-10-16,119.700005,121.904873354733,119.700005,25.0
1910-11-16,37.4,38.3607249930501,37.4,23.1
1910-12-16,6.0,9.974132481217381,6.0,19.6
1911-01-16,45.2,56.61686705425382,45.2,19.7
1911-02-15,0.0,7.2233926624059706,0.0,21.1
1911-03-16,5.5,8.39847571551799,5.5,24.2
1911-04-16,33.100002,40.413046383857726,33.100002,27.4
1911-05-16,106.8,115.57910453230144,106.8,27.0
1911-06-16,215.0,217.77809367179873,215.0,25.6
1911-07-16,194.2,188.12521108984947,194.2,25.1
1911-08-16,210.3,207.5841179907322,210.3,25.300001
1911-09-16,225.0,220.3597384989262,225.0,25.6
1911-10-16,135.5,133.22900247871877,135.5,25.1
1911-11-16,5.7000003,10.815762704610819,5.7000003,23.9
1911-12-16,0.0,6.919071799516672,0.0,21.1
1912-01-16,0.5,6.828955855965617,0.5,20.1
1912-02-15,0.4,6.828955855965617,0.4,21.7
1912-03-16,12.2,14.655473291873932,12.2,25.300001
1912-04-16,34.8,33.38660974949598,34.8,28.0
1912-05-16,151.6,146.44638243019583,151.6,27.9
1912-06-16,182.1,181.27273190617564,182.1,26.0
1912-07-16,284.80002,267.3229629099369,284.80002,24.9
1912-08-16,337.80002,313.93456215858464,337.80002,24.7
1912-09-16,163.90001,173.31482110917568,163.90001,25.300001
1912-10-16,116.700005,115.75874351114035,116.700005,24.9
1912-11-16,82.8,82.84352895477787,82.8,22.5
1912-12-16,0.0,6.919071799516672,0.0,20.2
1913-01-16,0.0,6.828955855965617,0.0,19.9
1913-02-15,5.8,9.782892060279849,5.8,22.1
1913-03-16,1.6,7.664186337590209,1.6,24.6
1913-04-16,12.6,18.105857086181636,12.6,28.300001
1913-05-16,179.2,167.660493388772,179.2,27.0
1913-06-16,195.6,192.7074628710747,195.6,25.4
1913-07-16,234.2,226.90179047584536,234.2,24.7
1913-08-16,258.30002,246.64132024645806,258.30002,24.7
1913-09-16,164.1,166.70834995508196,164.1,25.300001
1913-10-16,93.3,94.25646385550499,93.3,24.9
1913-11-16,103.8,95.88478707298637,103.8,22.7
1913-12-16,21.6,25.775913977622984,21.6,20.1
1914-01-16,20.9,21.821258649230003,20.9,19.0
1914-02-15,0.4,6.828955855965617,0.4,21.800001
1914-03-16,7.7000003,9.977628806233398,7.7000003,24.7
1914-04-16,29.5,36.193810327351095,29.5,27.6
1914-05-16,174.5,172.2453001767397,174.5,27.5
1914-06-16,189.2,192.4816198348999,189.2,25.300001
1914-07-16,278.9,272.80573843121533,278.9,24.9
1914-08-16,275.7,267.4885860264302,275.7,24.6
1914-09-16,145.2,145.55722785890106,145.2,25.300001
1914-10-16,108.3,107.76213475316763,108.3,24.7
1914-11-16,41.3,51.673181146383286,41.3,23.300001
1914-12-16,3.8,15.09093079268932,3.8,20.9
1915-01-16,0.0,6.828955855965617,0.0,20.300001
1915-02-15,0.7,6.828955855965617,0.7,22.1
1915-03-16,4.3,9.557696944475168,4.3,24.9
1915-04-16,52.600002,64.99935976415873,52.600002,27.800001
1915-05-16,150.5,151.2966104090214,150.5,26.800001
1915-06-16,269.6,248.93489723205568,269.6,25.800001
1915-07-16,216.8,212.5680192768574,216.8,25.0
1915-08-16,256.9,245.01549243927005,256.9,25.0
1915-09-16,150.40001,147.83197847902778,150.40001,25.2
1915-10-16,167.0,161.8377736091614,167.0,25.1
1915-11-16,43.0,48.743465550243855,43.0,22.9
1915-12-16,57.8,64.04211548566819,57.8,19.2
1916-01-16,7.5,14.031874385476115,7.5,18.5
1916-02-15,4.8,12.103290504217142,4.8,21.2
1916-03-16,20.4,21.299303779006003,20.4,24.7
1916-04-16,34.3,37.87630671709776,34.3,27.6
1916-05-16,135.0,136.92298599481583,135.0,27.1
1916-06-16,299.0,296.65406134128574,299.0,25.2
1916-07-16,239.0,235.79196699857715,239.0,25.0
1916-08-16,294.7,273.5446855008603,294.7,24.800001
1916-09-16,300.2,291.0397213101387,300.2,25.2
1916-10-16,109.200005,115.66221865713598,109.200005,24.800001
1916-11-16,38.4,41.649730771780014,38.4,22.300001
1916-12-16,21.7,26.140619796514514,21.7,19.5
1917-01-16,6.3,11.296146759390822,6.3,19.5
1917-02-15,0.0,7.2233926624059706,0.0,21.2
1917-03-16,7.5,11.246745887398717,7.5,23.9
1917-04-16,3.9,15.924009689688674,3.9,27.7
1917-05-16,108.0,111.93847053498031,108.0,26.9
1917-06-16,264.30002,253.18949690461162,264.30002,25.1
1917-07-16,198.1,191.46648753881456,198.1,24.800001
1917-08-16,307.7,294.85196251869206,307.7,24.5
1917-09-16,246.0,244.99699614644052,246.0,25.0
1917-10-16,203.3,191.18948324322702,203.3,24.5
1917-11-16,5.6,12.764432117342949,5.6,22.7
1917-12-16,11.0,19.68574367165565,11.0,19.7
1918-01-16,0.0,6.828955855965617,0.0,19.7
1918-02-15,12.2,21.095477810502054,12.2,20.5
1918-03-16,2.7,8.058623144030562,2.7,24.2
1918-04-16,38.3,51.84938798099756,38.3,26.9
1918-05-16,294.2,282.8325995564461,294.2,26.1
1918-06-16,162.40001,158.95026146769527,162.40001,25.0
1918-07-16,184.90001,180.6399459779263,184.90001,25.300001
1918-08-16,292.2,270.9862313330174,292.2,24.800001
1918-09-16,249.40001,242.2196304678917,249.40001,25.6
1918-10-16,60.100002,65.50202983468772,60.100002,25.1
1918-11-16,39.600002,40.45655179172754,39.600002,23.6
1918-12-16,6.4,13.119137957692146,6.4,21.2
1919-01-16,0.0,6.787464502453801,0.0,21.0
1919-02-15,9.3,17.63371873497963,9.3,21.7
1919-03-16,8.0,11.14652605354786,8.0,25.300001
1919-04-16,15.900001,18.348491039872165,15.900001,27.9
1919-05-16,171.90001,166.88269554674628,171.90001,27.7
1919-06-16,218.90001,218.9306706607342,218.90001,25.4
1919-07-16,269.30002,259.68487416505815,269.30002,24.9
1919-08-16,282.7,269.75168630480766,282.7,25.0
1919-09-16,125.4,132.8307087123394,125.4,25.2
1919-10-16,35.9,55.03908468186856,35.9,25.0
1919-11-16,80.0,77.14240102153272,80.0,23.0
1919-12-16,0.4,8.863236331939689,0.4,20.6
1920-01-16,3.2,9.328534844517705,3.2,19.300001
1920-02-15,4.0,11.515431129932395,4.0,21.300001
1920-03-16,13.2,18.257317641377448,13.2,24.800001
1920-04-16,21.300001,24.041712319850923,21.300001,27.6
1920-05-16,95.700005,112.536702747643,95.700005,27.2
1920-06-16,131.6,134.19744783341886,131.6,25.6
1920-07-16,245.90001,237.49575307369236,245.90001,25.0
1920-08-16,254.2,246.24914504885675,254.2,25.0
1920-09-16,258.7,252.7465516448021,258.7,25.4
1920-10-16,135.8,132.04488521516325,135.8,24.7
1920-11-16,31.5,35.322238236665726,31.5,23.5
1920-12-16,18.2,24.284199574589728,18.2,20.7
1921-01-16,7.6,10.6231469810009,7.6,20.800001
1921-02-15,1.5,7.9966122746467505,1.5,21.300001
1921-03-16,14.5,18.257317641377448,14.5,24.9
1921-04-16,33.9,33.18611201345921,33.9,28.2
1921-05-16,137.7,139.47892794311048,137.7,27.1
1921-06-16,88.8,112.64964871555568,88.8,25.6
1921-07-16,322.4,310.50716120004654,322.4,24.800001
1921-08-16,327.5,306.098368704319,327.5,25.0
1921-09-16,253.5,254.25493471622468,253.5,25.2
1921-10-16,76.6,78.75932183377445,76.6,24.7
1921-11-16,34.3,32.06548177748918,34.3,22.800001
1921-12-16,0.0,6.919071799516672,0.0,20.7
1922-01-16,0.0,6.787464502453801,0.0,21.0
1922-02-15,0.0,6.999096077680591,0.0,22.1
1922-03-16,19.6,25.746928709745404,19.6,24.7
1922-04-16,37.4,51.18365591317415,37.4,27.7
1922-05-16,153.2,159.88175702393056,153.2,27.6
1922-06-16,129.1,134.71200051903725,129.1,25.7
1922-07-16,233.40001,226.94159479141237,233.40001,24.7
1922-08-16,228.2,226.9853966534138,228.2,24.9
1922-09-16,258.9,257.35105276703837,258.9,25.6
1922-10-16,79.700005,88.19719965681435,79.700005,25.0
1922-11-16,88.4,84.23593026865274,88.4,22.9
1922-12-16,13.3,15.467011892795554,13.3,20.1
1923-01-16,17.1,19.822008660435678,17.1,20.7
1923-02-15,2.1000001,7.9966122746467505,2.1000001,21.0
1923-03-16,14.400001,18.257317641377448,14.400001,24.6
1923-04-16,54.600002,53.87247043699026,54.600002,27.300001
1923-05-16,137.5,139.7680838018656,137.5,26.6
1923-06-16,256.80002,241.26360562443736,256.80002,25.5
1923-07-16,145.2,149.26913920938972,145.2,24.5
1923-08-16,278.9,267.9353821337223,278.9,24.6
1923-09-16,104.9,120.50321988314391,104.9,25.4
1923-10-16,153.90001,154.56855326592924,153.90001,24.9
1923-11-16,33.2,35.62631765753031,33.2,23.7
1923-12-16,0.0,6.919071799516672,0.0,21.2
1924-01-16,0.0,6.787464502453801,0.0,20.9
1924-02-15,0.0,6.787464502453801,0.0,21.7
1924-03-16,6.5,9.39671929478645,6.5,25.6
1924-04-16,45.600002,54.10572177022696,45.600002,28.0
1924-05-16,135.7,128.95935393869877,135.7,27.300001
1924-06-16,158.0,163.40632158815862,158.0,25.6
1924-07-16,224.6,220.49736656546594,224.6,24.6
1924-08-16,244.5,245.76639547348026,244.5,24.9
1924-09-16,157.6,163.6097074598074,157.6,25.4
1924-10-16,121.700005,136.72120158672334,121.700005,24.9
1924-11-16,18.800001,22.9909016162157,18.800001,23.6
1924-12-16,4.8,9.536700657010073,4.8,19.9
1925-01-16,4.5,12.457220062613487,4.5,19.800001
1925-02-15,3.3,9.782892060279849,3.3,20.7
1925-03-16,6.1,10.51084893345832,6.1,24.9
1925-04-16,57.3,59.263569810241464,57.3,27.0
1925-05-16,89.8,93.15825105309487,89.8,26.9
1925-06-16,192.5,191.44159761667254,192.5,25.6
1925-07-16,255.1,247.3207075417042,255.1,25.0
1925-08-16,246.7,242.42455667853358,246.7,25.0
1925-09-16,246.3,245.1887805759907,246.3,25.4
1925-10-16,70.700005,83.0808546221815,70.700005,24.6
1925-11-16,3.6000001,11.33787038624287,3.6000001,23.300001
1925-12-16,33.600002,29.593295761942862,33.600002,19.9
1926-01-16,2.4,7.040587431192392,2.4,20.9
1926-02-15,0.8,6.828955855965617,0.8,21.7
1926-03-16,3.3,9.791156101226804,3.3,24.6
1926-04-16,8.2,20.017656162381172,8.2,27.9
1926-05-16,79.4,82.6213262683712,79.4,27.9
1926-06-16,228.7,218.68677142858508,228.7,25.7
1926-07-16,240.90001,228.92467122077943,240.90001,25.1
1926-08-16,254.6,241.1076279640198,254.6,24.9
1926-09-16,187.40001,191.99190205931666,187.40001,25.800001
1926-10-16,251.3,233.97967259883882,251.3,24.9
1926-11-16,36.4,44.150770637393,36.4,23.300001
1926-12-16,25.1,27.9971255928278,25.1,21.0
1927-01-16,6.4,9.940776807069781,6.4,20.300001
1927-02-15,9.5,14.921389591693881,9.5,21.6
1927-03-16,3.6000001,9.204409193992618,3.6000001,24.4
1927-04-16,61.3,64.47741253450513,61.3,27.1
1927-05-16,326.5,308.99305686950686,326.5,26.300001
1927-06-16,161.0,159.15381848812103,161.0,25.800001
1927-07-16,326.9,315.5311846494675,326.9,25.1
1927-08-16,153.0,155.62586151063442,153.0,25.1
1927-09-16,198.40001,198.7682078123093,198.40001,25.4
1927-10-16,186.3,184.74520611763,186.3,24.9
1927-11-16,25.2,29.8299089461565,25.2,23.2
1927-12-16,0.0,6.919071799516672,0.0,20.9
1928-01-16,6.0,9.171634203195566,6.0,22.0
1928-02-15,4.5,11.296146759390822,4.5,21.6
1928-03-16,5.0,11.913162550330156,5.0,25.0
1928-04-16,114.200005,102.26866701766849,114.200005,27.800001
1928-05-16,120.3,123.87899809181691,120.3,27.1
1928-06-16,276.1,262.7188896596432,276.1,25.0
1928-07-16,224.7,222.3798441886902,224.7,25.1
1928-08-16,182.1,189.85658879280092,182.1,25.1
1928-09-16,135.90001,144.09808062314988,135.90001,25.7
1928-10-16,84.0,88.9966722689569,84.0,24.2
1928-11-16,53.5,54.438740615546706,53.5,22.800001
1928-12-16,0.0,6.919071799516672,0.0,21.300001
1929-01-16,0.0,6.787464502453801,0.0,21.6
1929-02-15,12.0,14.910894504189486,12.0,21.7
1929-03-16,9.900001,13.494399988651267,9.900001,24.300001
1929-04-16,74.3,71.85666931644083,74.3,27.4
1929-05-16,161.7,163.46556351482872,161.7,27.300001
1929-06-16,143.7,155.4522127389908,143.7,25.2
1929-07-16,238.1,234.28489199280742,238.1,25.0
1929-08-16,250.2,235.82828721404078,250.2,25.1
1929-09-16,266.2,249.92370929121972,266.2,25.6
1929-10-16,60.8,62.40262786671519,60.8,25.2
1929-11-16,4.6,10.515427163243288,4.6,23.1
1929-12-16,8.3,9.536700657010073,8.3,21.5
1930-01-16,6.6,11.697068881988528,6.6,20.300001
1930-02-15,0.3,7.435024237632746,0.3,21.5
1930-03-16,1.3000001,9.557696944475168,1.3000001,24.0
1930-04-16,33.0,31.241351516544817,33.0,27.800001
1930-05-16,191.7,193.78920871615412,191.7,26.9
1930-06-16,213.8,205.51552829742434,213.8,25.4
1930-07-16,300.5,280.49570970535285,300.5,25.2
1930-08-16,230.5,227.40491898059847,230.5,24.9
1930-09-16,234.40001,239.94590674042703,234.40001,25.800001
1930-10-16,23.800001,45.486100901663306,23.800001,25.1
1930-11-16,39.5,47.36298257112503,39.5,23.7
1930-12-16,1.6,8.276489424705503,1.6,21.4
1931-01-16,3.8,8.818346452713016,3.8,21.0
1931-02-15,4.0,8.20824384987354,4.0,22.2
1931-03-16,4.2000003,9.39671929478645,4.2000003,25.0
1931-04-16,25.9,24.09951170682907,25.9,28.800001
1931-05-16,55.0,64.83322472944856,55.0,28.1
1931-06-16,182.5,178.21689494252206,182.5,26.6
1931-07-16,191.0,186.4670606136322,191.0,25.4
1931-08-16,272.80002,259.66744143962865,272.80002,25.5
1931-09-16,319.2,298.6209275364876,319.2,25.4
1931-10-16,73.0,69.2572739161551,73.0,24.5
1931-11-16,0.1,9.34755680859088,0.1,22.7
1931-12-16,6.9,9.69767830669879,6.9,21.0
1932-01-16,0.0,7.066492021083832,0.0,19.6
1932-02-15,0.0,7.435024237632746,0.0,21.0
1932-03-16,2.2,7.452554762363434,2.2,24.4
1932-04-16,35.5,40.218994233012204,35.5,27.9
1932-05-16,71.6,83.83000338142739,71.6,28.2
1932-06-16,148.2,149.81696810722354,148.2,25.9
1932-07-16,274.30002,276.43860349655154,274.30002,25.2
1932-08-16,166.7,169.5358805626631,166.7,25.6
1932-09-16,239.1,223.16791095733646,239.1,25.5
1932-10-16,178.5,173.7314828068018,178.5,25.0
1932-11-16,6.0,18.825183171033856,6.0,24.2
1932-12-16,1.0,9.14226385056972,1.0,19.9
1933-01-16,5.9,8.580810287594787,5.9,21.0
1933-02-15,0.1,6.787464502453801,0.1,22.1
1933-03-16,0.2,7.517163425683975,0.2,24.9
1933-04-16,32.600002,33.97002536803484,32.600002,27.800001
1933-05-16,223.3,210.46394066214563,223.3,27.300001
1933-06-16,136.40001,147.97248551249504,136.40001,25.4
1933-07-16,343.30002,325.7782775759697,343.30002,25.0
1933-08-16,278.80002,272.11838049292567,278.80002,25.300001
1933-09-16,201.0,199.78813227415088,201.0,25.800001
1933-10-16,133.7,126.13369374275209,133.7,25.5
1933-11-16,31.5,32.96125002652407,31.5,22.7
1933-12-16,4.7000003,7.804167699813846,4.7000003,20.7
1934-01-16,0.5,7.040587431192392,0.5,20.2
1934-02-15,0.0,7.2233926624059706,0.0,21.0
1934-03-16,5.4,9.204409193992618,5.4,24.4
1934-04-16,97.9,89.24533921703697,97.9,27.5
1934-05-16,86.1,81.51277797087096,86.1,27.9
1934-06-16,289.9,266.1782465398312,289.9,25.6
1934-07-16,337.4,326.5354153156281,337.4,24.9
1934-08-16,304.1,287.93498469591145,304.1,25.0
1934-09-16,250.5,246.4457094192505,250.5,25.9
1934-10-16,137.5,122.85922032892705,137.5,25.0
1934-11-16,47.100002,50.554558852314955,47.100002,23.5
1934-12-16,11.6,13.23994454443455,11.6,18.9
1935-01-16,0.0,6.787464502453801,0.0,20.9
1935-02-15,5.6,10.97393473684788,5.6,21.9
1935-03-16,1.0,7.305531850457186,1.0,25.0
1935-04-16,38.0,40.59123976677656,38.0,28.0
1935-05-16,204.0,199.11231465339662,204.0,27.7
1935-06-16,174.5,167.23151509165766,174.5,25.6
1935-07-16,262.80002,250.12365996241573,262.80002,25.0
1935-08-16,211.8,202.25824922323227,211.8,24.9
1935-09-16,298.7,279.72583360672,298.7,25.6
1935-10-16,172.1,160.19339449703693,172.1,26.0
1935-11-16,37.7,37.322521230578424,37.7,24.300001
1935-12-16,32.2,30.314810106158255,32.2,21.9
1936-01-16,0.2,6.828955855965617,0.2,19.800001
1936-02-15,14.8,20.176952886581418,14.8,20.800001
1936-03-16,4.2000003,9.204409193992618,4.2000003,24.5
1936-04-16,25.6,33.89826207458973,25.6,28.0
1936-05-16,188.7,182.72431803345683,188.7,27.4
1936-06-16,270.2,258.9546067833901,270.2,25.1
1936-07-16,304.6,301.1089906573296,304.6,24.9
1936-08-16,151.2,153.83351816833022,151.2,25.2
1936-09-16,165.7,168.04128719270233,165.7,25.300001
1936-10-16,55.9,64.23367681056261,55.9,24.4
1936-11-16,19.2,21.92488312125206,19.2,23.9
1936-12-16,1.2,6.919071799516672,1.2,22.7
1937-01-16,1.5,6.999096077680591,1.5,20.800001
1937-02-15,7.4,12.26426815390586,7.4,22.0
1937-03-16,11.0,9.278669425845138,11.0,24.800001
1937-04-16,70.3,66.15007245391608,70.3,28.4
1937-05-16,208.7,205.95211660265926,208.7,26.6
1937-06-16,190.6,196.34196607470514,190.6,25.4
1937-07-16,347.9,340.9342352747917,347.9,24.7
1937-08-16,259.9,246.78124659657482,259.9,24.9
1937-09-16,293.30002,287.3935188651085,293.30002,25.4
1937-10-16,123.9,122.38100619614124,123.9,25.1
1937-11-16,31.2,36.006980043649676,31.2,24.4
1937-12-16,36.100002,33.69586947709322,36.100002,21.5
1938-01-16,0.6,6.999096077680591,0.6,21.0
1938-02-15,3.7,7.435024237632746,3.7,21.800001
1938-03-16,21.0,16.640169522166246,21.0,24.5
1938-04-16,60.7,63.7157515771687,60.7,27.6
1938-05-16,235.7,228.68396269083024,235.7,25.800001
1938-06-16,306.6,294.01824792623523,306.6,24.9
1938-07-16,396.4,369.2766683459282,396.4,24.0
1938-08-16,241.6,234.12483121156694,241.6,24.9
1938-09-16,227.3,232.64886860847474,227.3,25.300001
1938-10-16,100.4,110.30088541805745,100.4,24.800001
1938-11-16,14.0,18.056052792072293,14.0,21.9
1938-12-16,0.1,6.787464502453801,0.1,20.7
1939-01-16,1.8000001,7.040587431192392,1.8000001,20.2
1939-02-15,2.4,7.206944042444221,2.4,21.2
1939-03-16,1.1,7.942327550053591,1.1,24.2
1939-04-16,23.0,36.68136123716831,23.0,27.300001
1939-05-16,134.90001,139.93276560008528,134.90001,26.9
1939-06-16,220.3,209.1984543800354,220.3,25.0
1939-07-16,338.1,334.1054235219956,338.1,24.6
1939-08-16,405.30002,376.67029551267626,405.30002,24.6
1939-09-16,340.30002,319.422276544571,340.30002,25.0
1939-10-16,56.9,62.47181170359254,56.9,25.0
1939-11-16,64.3,66.63195253238082,64.3,24.0
1939-12-16,0.0,7.040587431192392,0.0,18.1
1940-01-16,0.0,6.787464502453801,0.0,18.2
1940-02-15,0.4,7.040587431192392,0.4,21.1
1940-03-16,0.0,7.305531850457186,0.0,24.1
1940-04-16,12.6,17.999041911959644,12.6,28.4
1940-05-16,173.3,170.44494340419772,173.3,27.2
1940-06-16,253.8,240.18144413232807,253.8,25.4
1940-07-16,130.7,138.08229279816152,130.7,24.7
1940-08-16,335.4,325.7198669433594,335.4,24.7
1940-09-16,192.6,192.99136201739313,192.6,25.800001
1940-10-16,124.200005,119.8593887463212,124.200005,25.7
1940-11-16,14.900001,21.572438889741896,14.900001,23.7
1940-12-16,2.3,11.217271623015407,2.3,21.300001
1941-01-16,0.90000004,6.787464502453801,0.90000004,22.5
1941-02-15,6.9,8.773120388388634,6.9,22.4
1941-03-16,1.5,7.481356656551355,1.5,25.6
1941-04-16,30.5,36.06395424902439,30.5,28.9
1941-05-16,194.7,184.36968125104906,194.7,27.6
1941-06-16,269.7,257.88465797901154,269.7,25.9
1941-07-16,221.90001,213.78406801223758,221.90001,25.6
1941-08-16,286.9,270.89120708704,286.9,25.2
1941-09-16,250.40001,226.48397963643077,250.40001,26.0
1941-10-16,174.1,171.07756429612638,174.1,25.300001
1941-11-16,16.4,22.690792235732076,16.4,23.9
1941-12-16,6.2000003,9.010656553506848,6.2000003,22.1
1942-01-16,0.4,6.999096077680591,0.4,20.300001
1942-02-15,0.0,6.787464502453801,0.0,22.5
1942-03-16,6.0,10.900236850976938,6.0,25.2
1942-04-16,105.700005,101.40309430286288,105.700005,27.800001
1942-05-16,218.90001,204.04103268384935,218.90001,27.1
1942-06-16,258.2,245.44748417735101,258.2,25.300001
1942-07-16,239.90001,236.3898508012295,239.90001,24.9
1942-08-16,434.9,377.2555020809174,434.9,24.6
1942-09-16,303.7,290.2109944820404,303.7,25.2
1942-10-16,68.6,65.55284879654647,68.6,25.300001
1942-11-16,46.5,49.57309702187777,46.5,23.5
1942-12-16,12.5,14.708358263969416,12.5,20.7
1943-01-16,1.3000001,6.787464502453801,1.3000001,19.800001
1943-02-15,6.2000003,15.097868430614469,6.2000003,20.9
1943-03-16,3.0,7.81678992211819,3.0,24.7
1943-04-16,51.5,50.56210162341595,51.5,27.2
1943-05-16,198.8,185.22806571722032,198.8,27.2
1943-06-16,131.7,139.3188610494137,131.7,25.1
1943-07-16,237.2,235.8345952689648,237.2,24.800001
1943-08-16,297.6,280.7629585206509,297.6,24.5
1943-09-16,328.80002,304.0862703323364,328.80002,25.1
1943-10-16,11.5,25.650192975997925,11.5,25.1
1943-11-16,81.0,85.72938442956657,81.0,23.1
1943-12-16,5.0,9.69767830669879,5.0,20.5
1944-01-16,19.4,15.26054534316063,19.4,20.6
1944-02-15,6.9,9.72317336201668,6.9,22.0
1944-03-16,10.2,11.514343112707138,10.2,25.1
1944-04-16,26.7,27.12836217582226,26.7,27.9
1944-05-16,112.200005,107.36657936722041,112.200005,26.9
1944-06-16,221.1,211.501701271534,221.1,25.2
1944-07-16,283.30002,275.67574449777607,283.30002,24.9
1944-08-16,294.30002,271.0360845267773,294.30002,24.800001
1944-09-16,168.90001,170.53237597942353,168.90001,25.4
1944-10-16,172.90001,167.99837774932388,172.90001,25.2
1944-11-16,35.9,36.17797295302152,35.9,23.0
1944-12-16,1.1,7.130703374743462,1.1,19.9
1945-01-16,28.1,33.6076392263174,28.1,20.300001
1945-02-15,3.1000001,8.712417584657672,3.1000001,21.6
1945-03-16,7.2000003,10.841343334317202,7.2000003,24.6
1945-04-16,41.8,41.223995132744314,41.8,27.6
1945-05-16,160.0,155.47966989278797,160.0,26.9
1945-06-16,314.6,304.02675945758824,314.6,25.4
1945-07-16,247.0,245.5473739385605,247.0,25.1
1945-08-16,235.7,225.69215981960298,235.7,24.9
1945-09-16,216.40001,210.65865907073024,216.40001,25.4
1945-10-16,44.4,52.828279523551466,44.4,24.6
1945-11-16,3.0,10.807669812440864,3.0,23.7
1945-12-16,27.5,30.45941554158926,27.5,20.9
1946-01-16,0.0,7.066492021083832,0.0,19.9
1946-02-15,6.7000003,11.808016076683998,6.7000003,21.5
1946-03-16,15.7,18.656075954437256,15.7,25.7
1946-04-16,101.4,95.02430144995452,101.4,27.6
1946-05-16,133.90001,136.76741786897185,133.90001,26.9
1946-06-16,169.1,162.3863543391228,169.1,25.9
1946-07-16,181.3,174.11947708427908,181.3,25.1
1946-08-16,257.9,242.9942009329796,257.9,25.0
1946-09-16,247.8,227.42694827318195,247.8,25.4
1946-10-16,166.0,161.90713776350023,166.0,24.7
1946-11-16,5.9,8.688426193594935,5.9,23.6
1946-12-16,2.9,7.130703374743462,2.9,22.7
1947-01-16,10.6,17.279226830601687,10.6,22.5
1947-02-15,8.0,10.892070609331128,8.0,22.2
1947-03-16,9.7,12.705000704526896,9.7,25.2
1947-04-16,82.700005,83.15423351423816,82.700005,27.1
1947-05-16,84.5,95.95203173309565,84.5,28.0
1947-06-16,286.1,280.0367498099804,286.1,25.6
1947-07-16,216.6,213.499007499218,216.6,24.800001
1947-08-16,245.2,232.79465069174768,245.2,25.2
1947-09-16,195.5,195.61658865809443,195.5,25.800001
1947-10-16,84.1,85.68448308948427,84.1,25.300001
1947-11-16,5.7000003,9.202764943242073,5.7000003,22.9
1947-12-16,2.1000001,7.130703374743462,2.1000001,21.0
1948-01-16,2.0,6.919071799516672,2.0,19.800001
1948-02-15,1.5,6.787464502453801,1.5,22.1
1948-03-16,8.5,12.675416415929789,8.5,24.800001
1948-04-16,55.7,58.30486465469003,55.7,26.7
1948-05-16,155.2,158.5568026542664,155.2,26.6
1948-06-16,148.40001,150.1854330867529,148.40001,25.800001
1948-07-16,191.5,190.49877567887307,191.5,24.7
1948-08-16,247.90001,235.24724934101107,247.90001,25.1
1948-09-16,256.2,255.3576951861382,256.2,25.4
1948-10-16,196.2,188.53825421333315,196.2,24.7
1948-11-16,29.5,26.31598005592823,29.5,22.0
1948-12-16,3.9,7.562334477901459,3.9,21.5
1949-01-16,1.8000001,7.198099318146703,1.8000001,19.2
1949-02-15,4.4,9.72317336201668,4.4,21.1
1949-03-16,4.1,7.692988231778145,4.1,24.800001
1949-04-16,76.3,82.82639516666532,76.3,26.7
1949-05-16,145.5,138.98749256730082,145.5,26.5
1949-06-16,148.0,143.2157108783722,148.0,25.9
1949-07-16,220.2,211.83265410661699,220.2,24.7
1949-08-16,273.4,267.29974780082705,273.4,24.7
1949-09-16,298.30002,284.6785002410412,298.30002,25.4
1949-10-16,174.0,163.04763042628767,174.0,25.300001
1949-11-16,90.3,88.80699510872364,90.3,23.300001
1949-12-16,2.1000001,6.919071799516672,2.1000001,21.0
1950-01-16,0.3,6.919071799516672,0.3,19.7
1950-02-15,0.0,6.787464502453801,0.0,20.9
1950-03-16,6.9,9.161194127798083,6.9,24.9
1950-04-16,53.3,58.49219463169575,53.3,27.5
1950-05-16,154.0,146.6455690443516,154.0,27.4
1950-06-16,244.6,228.67739791274073,244.6,25.300001
1950-07-16,225.0,224.89530333876613,225.0,24.7
1950-08-16,228.1,225.01551090478898,228.1,25.1
1950-09-16,259.6,251.22100479602815,259.6,25.4
1950-10-16,211.5,199.54162913560867,211.5,25.0
1950-11-16,35.600002,33.18067498356104,35.600002,23.300001
1950-12-16,9.5,19.68574367165565,9.5,19.300001
1951-01-16,52.100002,48.869449387490754,52.100002,19.6
1951-02-15,0.0,6.919071799516672,0.0,21.300001
1951-03-16,4.3,9.879945641756052,4.3,24.5
1951-04-16,24.300001,31.65120393782854,24.300001,28.0
1951-05-16,147.90001,139.8645750373602,147.90001,27.5
1951-06-16,292.30002,285.0459077656269,292.30002,24.800001
1951-07-16,267.0,261.6525472044945,267.0,24.7
1951-08-16,245.90001,246.95462030768397,245.90001,24.9
1951-09-16,275.4,264.6507803797722,275.4,25.6
1951-10-16,203.0,190.29168565869332,203.0,25.1
1951-11-16,19.5,23.60989173054695,19.5,23.9
1951-12-16,6.4,16.663072896003726,6.4,20.6
1952-01-16,0.0,6.787464502453801,0.0,20.300001
1952-02-15,3.8,7.040587431192392,3.8,22.5
1952-03-16,24.5,28.8556628704071,24.5,24.4
1952-04-16,18.0,22.073342460393903,18.0,27.6
1952-05-16,125.8,130.07627085745335,125.8,27.800001
1952-06-16,154.1,169.07673118114474,154.1,25.5
1952-07-16,264.2,259.5733340620995,264.2,24.7
1952-08-16,254.40001,247.2559399545193,254.40001,24.4
1952-09-16,248.8,245.59497774839403,248.8,25.1
1952-10-16,105.4,124.22848389446736,105.4,25.0
1952-11-16,18.300001,26.534286433458327,18.300001,23.6
1952-12-16,1.0,6.919071799516672,1.0,19.2
1953-01-16,45.5,48.205343233048914,45.5,20.2
1953-02-15,7.9,13.830151101946825,7.9,21.300001
1953-03-16,3.0,7.517163425683975,3.0,24.5
1953-04-16,88.700005,88.18104672692716,88.700005,27.9
1953-05-16,145.0,160.12805845141412,145.0,26.9
1953-06-16,282.30002,280.5914796710015,282.30002,25.5
1953-07-16,221.2,221.98836581110956,221.2,24.7
1953-08-16,248.7,241.10178445577623,248.7,24.7
1953-09-16,250.0,246.4780198633671,250.0,25.2
1953-10-16,138.1,138.6690335929394,138.1,25.7
1953-11-16,57.9,66.3849145539105,57.9,23.5
1953-12-16,6.7000003,10.892070609331128,6.7000003,20.7
1954-01-16,0.0,6.919071799516672,0.0,21.5
1954-02-15,3.3,10.522927147150043,3.3,21.4
1954-03-16,15.6,18.692769029736517,15.6,24.2
1954-04-16,27.4,31.97624602764845,27.4,28.6
1954-05-16,224.0,217.07640813589097,224.0,27.300001
1954-06-16,137.8,141.00255548059943,137.8,25.5
1954-07-16,137.1,141.5097854435444,137.1,25.300001
1954-08-16,232.5,230.06427757740022,232.5,24.9
1954-09-16,260.80002,256.51578561067583,260.80002,25.0
1954-10-16,148.7,151.76389546990396,148.7,24.6
1954-11-16,17.5,23.368981489539145,17.5,22.6
1954-12-16,7.2000003,10.470897918939585,7.2000003,19.800001
1955-01-16,0.0,6.919071799516672,0.0,18.1
1955-02-15,4.7000003,9.940776807069781,4.7000003,21.2
1955-03-16,17.9,20.2080775141716,17.9,24.5
1955-04-16,91.6,91.9056758068502,91.6,27.300001
1955-05-16,146.0,150.98791913986207,146.0,27.2
1955-06-16,318.1,317.76611872911457,318.1,24.9
1955-07-16,183.6,185.17239346504215,183.6,24.7
1955-08-16,305.4,278.5579877018929,305.4,24.6
1955-09-16,255.5,228.1987192332745,255.5,25.300001
1955-10-16,45.4,54.83776176422835,45.4,24.800001
1955-11-16,23.1,28.65213641226292,23.1,21.9
1955-12-16,0.0,6.787464502453801,0.0,18.800001
1956-01-16,0.5,6.787464502453801,0.5,18.4
1956-02-15,15.6,20.176952886581418,15.6,21.7
1956-03-16,3.2,7.824992838501927,3.2,25.0
1956-04-16,88.5,90.62916188947857,88.5,27.7
1956-05-16,159.7,169.7638140588999,159.7,26.300001
1956-06-16,192.8,192.1938453912735,192.8,25.2
1956-07-16,230.7,234.9776655673981,230.7,24.5
1956-08-16,273.4,265.0725154161454,273.4,24.4
1956-09-16,317.6,302.7473978996277,317.6,25.0
1956-10-16,81.8,83.31155209476128,81.8,24.6
1956-11-16,15.1,26.64775807261467,15.1,21.800001
1956-12-16,0.7,7.562334477901459,0.7,19.5
1957-01-16,0.5,6.919071799516672,0.5,19.9
1957-02-15,5.8,12.87080108225345,5.8,20.6
1957-03-16,7.6,10.511460179090491,7.6,24.300001
1957-04-16,31.1,33.613763907551764,31.1,28.1
1957-05-16,133.7,129.3041728809476,133.7,28.7
1957-06-16,253.2,250.73451439738275,253.2,25.800001
1957-07-16,228.0,226.47993319034578,228.0,24.800001
1957-08-16,266.4,257.449634462595,266.4,25.0
1957-09-16,223.1,208.0815741360188,223.1,25.300001
1957-10-16,92.5,92.23879397958518,92.5,24.9
1957-11-16,7.8,20.906908532977106,7.8,23.7
1957-12-16,0.0,6.919071799516672,0.0,21.4
1958-01-16,31.9,32.427048850059506,31.9,20.6
1958-02-15,1.1,8.128219571709636,1.1,20.9
1958-03-16,20.7,18.837145248055457,20.7,25.7
1958-04-16,46.9,44.50057428777218,46.9,28.800001
1958-05-16,116.4,117.03525666445495,116.4,28.800001
1958-06-16,261.5,254.68114407062532,261.5,26.1
1958-07-16,218.2,219.84535084962846,218.2,25.0
1958-08-16,216.8,210.1841246366501,216.8,24.9
1958-09-16,174.5,174.31055858135227,174.5,25.300001
1958-10-16,110.6,111.37842894941569,110.6,25.0
1958-11-16,4.6,10.032261940836904,4.6,22.1
1958-12-16,0.0,6.919071799516672,0.0,19.300001
1959-01-16,8.2,18.07773978710174,8.2,19.800001
1959-02-15,1.5,7.130703374743462,1.5,22.300001
1959-03-16,3.7,9.924713271856305,3.7,24.0
1959-04-16,55.4,54.68208055794239,55.4,28.7
1959-05-16,242.8,223.37354621291163,242.8,28.0
1959-06-16,167.1,173.65262600779533,167.1,26.4
1959-07-16,355.2,331.08325396776206,355.2,24.5
1959-08-16,299.30002,291.3513832330704,299.30002,24.7
1959-09-16,324.5,309.4966254711152,324.5,25.1
1959-10-16,48.100002,53.48213203251362,48.100002,24.9
1959-11-16,5.1,12.44896824657917,5.1,23.9
1959-12-16,1.1,8.863236331939689,1.1,22.800001
1960-01-16,22.6,32.60594210922718,22.6,20.5
1960-02-15,0.4,7.2233926624059706,0.4,21.0
1960-03-16,3.8,9.11769177615642,3.8,25.300001
1960-04-16,18.300001,34.5700485303998,18.300001,29.0
1960-05-16,156.2,164.45251738727094,156.2,28.1
1960-06-16,161.40001,166.82202941775324,161.40001,25.800001
1960-07-16,232.5,230.22292026877406,232.5,24.9
1960-08-16,344.9,325.50666446685796,344.9,25.0
1960-09-16,214.0,216.80874367356301,214.0,25.2
1960-10-16,121.4,133.75157470703127,121.4,24.9
1960-11-16,34.4,38.790959399938586,34.4,24.0
1960-12-16,25.4,35.63065444529057,25.4,20.0
1961-01-16,1.5,10.6231469810009,1.5,19.0
1961-02-15,5.3,15.900794580578804,5.3,20.9
1961-03-16,16.4,18.58816045224666,16.4,24.6
1961-04-16,62.9,61.76879365220667,62.9,28.300001
1961-05-16,231.40001,223.2695366561413,231.40001,27.2
1961-06-16,207.3,201.42691848874094,207.3,25.9
1961-07-16,228.0,227.80310883522037,228.0,24.800001
1961-08-16,359.6,342.4881928205491,359.6,24.800001
1961-09-16,304.5,296.5826189517975,304.5,25.0
1961-10-16,133.7,131.8373337045312,133.7,24.6
1961-11-16,20.9,24.193050625920293,20.9,22.6
1961-12-16,20.1,28.465248060226443,20.1,20.5
1962-01-16,10.0,14.672490370273593,10.0,18.9
1962-02-15,1.2,8.20824384987354,1.2,20.300001
1962-03-16,1.1,7.2535515218973075,1.1,24.7
1962-04-16,39.7,42.33146525025368,39.7,28.0
1962-05-16,143.8,149.6771823436022,143.8,27.6
1962-06-16,156.7,155.06476247012617,156.7,25.300001
1962-07-16,246.8,243.6365345180035,246.8,24.800001
1962-08-16,219.6,214.22459273934368,219.6,24.6
1962-09-16,210.0,211.58421943187716,210.0,25.1
1962-10-16,121.5,129.16515117436649,121.5,24.800001
1962-11-16,5.1,10.531631284952155,5.1,22.7
1962-12-16,8.1,12.21671935617924,8.1,20.300001
1963-01-16,0.3,7.2233926624059706,0.3,17.0
1963-02-15,4.6,10.072384104132652,4.6,20.7
1963-03-16,6.2000003,10.886942258477205,6.2000003,24.4
1963-04-16,35.2,37.39287560284138,35.2,27.0
1963-05-16,67.4,68.76337827667595,67.4,28.0
1963-06-16,255.7,250.19263291954996,255.7,25.300001
1963-07-16,265.7,262.10631151199345,265.7,24.300001
1963-08-16,244.7,239.72159181833268,244.7,24.7
1963-09-16,281.6,271.32184185981754,281.6,25.4
1963-10-16,216.7,216.60650694370273,216.7,24.9
1963-11-16,66.6,71.95576904267074,66.6,24.1
1963-12-16,10.5,19.68574367165565,10.5,20.5
1964-01-16,4.8,8.186373481154433,4.8,20.300001
1964-02-15,1.2,6.828955855965617,1.2,21.2
1964-03-16,4.9,10.752089247107506,4.9,24.5
1964-04-16,50.9,54.03544685989618,50.9,27.9
1964-05-16,181.40001,172.9865394175053,181.40001,26.800001
1964-06-16,170.2,162.19465548396113,170.2,25.300001
1964-07-16,218.40001,220.69992114305498,218.40001,24.7
1964-08-16,223.5,213.91317531466487,223.5,24.800001
1964-09-16,243.0,243.88384450078013,243.0,25.2
1964-10-16,198.0,187.3279267370701,198.0,25.2
1964-11-16,17.2,27.306100180745126,17.2,22.0
1964-12-16,13.900001,12.21517290472984,13.900001,19.5
1965-01-16,1.2,8.012015664577476,1.2,18.5
1965-02-15,16.4,26.45828415155411,16.4,21.800001
1965-03-16,6.3,9.320160779356954,6.3,24.0
1965-04-16,23.5,30.31913466900587,23.5,27.300001
1965-05-16,153.1,154.78112615942956,153.1,27.4
1965-06-16,259.9,252.7197301864624,259.9,24.9
1965-07-16,213.3,196.6175156056881,213.3,25.0
1965-08-16,284.80002,273.4925829231739,284.80002,24.9
1965-09-16,216.7,201.22256684899332,216.7,25.1
1965-10-16,198.5,199.03808498382568,198.5,25.2
1965-11-16,15.400001,23.02658002376556,15.400001,23.6
1965-12-16,8.5,21.138032731413837,8.5,22.300001
1966-01-16,15.2,20.191152122616764,15.2,21.5
1966-02-15,1.7,7.198099318146703,1.7,22.4
1966-03-16,4.1,8.124619334936142,4.1,25.4
1966-04-16,4.3,14.391415178775787,4.3,28.2
1966-05-16,270.80002,262.18400083184247,270.80002,27.0
1966-06-16,144.40001,145.45640900433065,144.40001,25.5
1966-07-16,208.90001,210.67900132536892,208.90001,25.1
1966-08-16,353.5,325.5426301598549,353.5,24.7
1966-09-16,182.1,172.10243373513225,182.1,25.0
1966-10-16,82.4,80.9650483526988,82.4,25.4
1966-11-16,27.5,28.457998687028883,27.5,23.6
1966-12-16,22.0,17.247845479845992,22.0,22.4
1967-01-16,6.3,12.197801303863528,6.3,19.300001
1967-02-15,1.5,9.740881147980687,1.5,20.7
1967-03-16,2.1000001,8.223256042599672,2.1000001,24.5
1967-04-16,56.9,56.46310821548104,56.9,27.4
1967-05-16,157.3,159.00443616807462,157.3,27.1
1967-06-16,187.1,177.30541156828406,187.1,25.800001
1967-07-16,197.1,199.63992965817454,197.1,25.2
1967-08-16,344.9,327.4009635806084,344.9,25.0
1967-09-16,288.9,279.901750099659,288.9,25.2
1967-10-16,76.1,80.34046472003683,76.1,24.5
1967-11-16,47.5,50.038282454013824,47.5,23.4
1967-12-16,1.0,9.14226385056972,1.0,19.800001
1968-01-16,10.0,13.23994454443455,10.0,19.9
1968-02-15,3.6000001,9.782892060279849,3.6000001,20.7
1968-03-16,6.2000003,10.326839548349383,6.2000003,24.5
1968-04-16,86.3,88.13675816059113,86.3,26.6
1968-05-16,217.8,203.89384473562242,217.8,26.9
1968-06-16,275.30002,262.77162793278694,275.30002,25.1
1968-07-16,174.0,184.9196556210518,174.0,25.2
1968-08-16,248.2,239.1174488604069,248.2,25.1
1968-09-16,135.3,146.64421207904817,135.3,25.6
1968-10-16,88.1,89.85133883357048,88.1,25.1
1968-11-16,10.7,21.4255137771368,10.7,24.300001
1968-12-16,2.0,6.919071799516672,2.0,22.5
1969-01-16,21.9,21.24981733262539,21.9,21.7
1969-02-15,0.0,6.787464502453801,0.0,21.9
1969-03-16,5.0,7.385158818960193,5.0,25.2
1969-04-16,36.4,37.661074905097486,36.4,28.4
1969-05-16,217.7,212.92448550462726,217.7,27.7
1969-06-16,192.7,192.67312309145927,192.7,25.7
1969-07-16,213.3,220.7432951331139,213.3,24.6
1969-08-16,324.2,319.33824249506,324.2,24.7
1969-09-16,262.0,255.95830514431003,262.0,25.2
1969-10-16,121.5,119.50246102809908,121.5,25.300001
1969-11-16,18.2,22.29854980111122,18.2,22.300001
1969-12-16,9.2,10.992290443181986,9.2,19.6
1970-01-16,15.6,14.201495048403743,15.6,20.4
1970-02-15,4.3,9.35402989983558,4.3,21.300001
1970-03-16,13.0,13.771477633714667,13.0,25.0
1970-04-16,51.3,52.76582855731249,51.3,27.0
1970-05-16,236.5,224.4354387998581,236.5,26.9
1970-06-16,319.4,294.1724040746689,319.4,25.2
1970-07-16,279.0,268.3748188436032,279.0,24.7
1970-08-16,342.6,331.4974584579468,342.6,24.4
1970-09-16,250.90001,249.3834781765938,250.90001,25.300001
1970-10-16,88.8,91.618760163337,88.8,24.800001
1970-11-16,14.3,23.460442173480985,14.3,23.0
1970-12-16,47.9,51.99042985439301,47.9,21.7
1971-01-16,0.3,7.2233926624059706,0.3,18.6
1971-02-15,1.6,9.740881147980687,1.6,20.4
1971-03-16,14.1,20.308560183644296,14.1,23.800001
1971-04-16,42.100002,42.85601485818625,42.100002,27.1
1971-05-16,260.7,247.03246855139736,260.7,26.7
1971-06-16,278.5,271.49031338095665,278.5,24.9
1971-07-16,341.4,335.94236334562305,341.4,24.2
1971-08-16,307.2,304.69895850420005,307.2,24.4
1971-09-16,198.6,189.659242027998,198.6,25.5
1971-10-16,137.0,134.56650572121146,137.0,24.1
1971-11-16,11.900001,21.677450889348982,11.900001,21.2
1971-12-16,30.1,32.10374269783497,30.1,20.7
1972-01-16,2.8,9.940776807069781,2.8,18.7
1972-02-15,2.3,7.2233926624059706,2.3,21.7
1972-03-16,7.0,12.139030036330226,7.0,23.7
1972-04-16,95.5,95.96030647084118,95.5,26.800001
1972-05-16,92.700005,92.6267836727202,92.700005,28.300001
1972-06-16,164.3,162.41691662073137,164.3,25.6
1972-07-16,276.1,254.17211093306543,276.1,25.5
1972-08-16,258.6,252.90810386538507,258.6,25.1
1972-09-16,182.90001,191.06227080225946,182.90001,25.6
1972-10-16,150.40001,147.7120215237141,150.40001,25.800001
1972-11-16,112.200005,118.07667252272368,112.200005,24.2
1972-12-16,30.9,36.31349833458662,30.9,21.6
1973-01-16,0.0,6.787464502453801,0.0,20.2
1973-02-15,0.0,6.787464502453801,0.0,22.6
1973-03-16,37.7,36.74598823785782,37.7,25.1
1973-04-16,8.1,14.661500173807141,8.1,28.5
1973-05-16,194.7,201.51693052053452,194.7,27.300001
1973-06-16,249.6,237.56673091650012,249.6,25.9
1973-07-16,282.30002,268.43741039633755,282.30002,25.300001
1973-08-16,310.0,308.2605401039124,310.0,25.0
1973-09-16,272.7,265.22073025703435,272.7,25.300001
1973-10-16,62.0,68.04920499250294,62.0,25.0
1973-11-16,17.4,25.863059267401695,17.4,22.300001
1973-12-16,0.0,6.828955855965617,0.0,19.0
1974-01-16,0.0,6.787464502453801,0.0,18.9
1974-02-15,0.0,7.2233926624059706,0.0,20.1
1974-03-16,22.0,26.989016509056093,22.0,24.0
1974-04-16,79.8,86.87374054677785,79.8,27.2
1974-05-16,183.7,180.51530688107016,183.7,26.7
1974-06-16,198.1,197.720056027174,198.1,25.2
1974-07-16,189.3,197.50797824263574,189.3,25.0
1974-08-16,321.0,297.29163943529136,321.0,24.800001
1974-09-16,251.0,248.3459253907204,251.0,25.5
1974-10-16,136.8,128.5788504764438,136.8,25.300001
1974-11-16,78.1,82.87139755329117,78.1,23.2
1974-12-16,3.5,9.994071313738814,3.5,20.4
1975-01-16,78.8,74.31891800612212,78.8,20.5
1975-02-15,0.6,7.2233926624059706,0.6,21.800001
1975-03-16,3.6000001,7.821086978912348,3.6000001,25.7
1975-04-16,10.7,20.10818164050579,10.7,28.300001
1975-05-16,189.5,185.90328431725504,189.5,26.800001
1975-06-16,238.5,236.08619619607927,238.5,25.300001
1975-07-16,230.1,228.8189379513264,230.1,24.800001
1975-08-16,408.80002,375.98706959486015,408.80002,24.800001
1975-09-16,202.5,203.75055653452876,202.5,25.300001
1975-10-16,166.90001,163.72185269594195,166.90001,25.300001
1975-11-16,40.100002,36.65656300187111,40.100002,23.0
1975-12-16,27.9,32.88738099187613,27.9,18.7
1976-01-16,0.5,6.787464502453801,0.5,19.6
1976-02-15,6.9,12.87080108225345,6.9,21.800001
1976-03-16,4.5,12.439603963494292,4.5,25.0
1976-04-16,37.8,43.70368418842554,37.8,27.4
1976-05-16,175.0,172.9460688441992,175.0,26.0
1976-06-16,131.0,134.60061933994294,131.0,25.6
1976-07-16,262.30002,256.69825465679173,262.30002,25.0
1976-08-16,305.5,294.29553339481356,305.5,24.300001
1976-09-16,263.5,241.89581698179248,263.5,25.5
1976-10-16,127.5,133.2953837543726,127.5,25.5
1976-11-16,23.6,31.472151754796506,23.6,23.1
1976-12-16,4.8,15.353760302066803,4.8,20.5
1977-01-16,71.9,68.38488886877894,71.9,20.7
1977-02-15,0.0,10.384143826365474,0.0,20.0
1977-03-16,17.1,27.108502805233,17.1,24.300001
1977-04-16,58.7,61.930871544033295,58.7,27.1
1977-05-16,152.2,148.16795575320722,152.2,26.5
1977-06-16,84.9,103.79028966948391,84.9,25.9
1977-07-16,252.40001,245.07193486094476,252.40001,25.1
1977-08-16,257.5,247.67058454155924,257.5,25.0
1977-09-16,262.9,257.1866032421589,262.9,25.1
1977-10-16,197.40001,186.70809921622276,197.40001,25.5
1977-11-16,15.3,18.64629602432251,15.3,22.6
1977-12-16,36.3,44.67862708419562,36.3,20.6
1978-01-16,24.6,32.62855208516121,24.6,21.0
1978-02-15,20.300001,28.636335712671283,20.300001,21.4
1978-03-16,1.6,7.173527243733403,1.6,25.4
1978-04-16,17.2,25.01016378700733,17.2,28.2
1978-05-16,162.7,169.40217669308186,162.7,27.4
1978-06-16,155.0,151.43729470372202,155.0,25.800001
1978-07-16,443.30002,380.57840448617935,443.30002,25.0
1978-08-16,224.6,226.18555729389192,224.6,25.1
1978-09-16,227.8,224.29803078174592,227.8,25.4
1978-10-16,101.9,99.47836585342884,101.9,25.300001
1978-11-16,0.4,7.173527243733403,0.4,23.6
1978-12-16,2.3,8.144882127642632,2.3,21.5
1979-01-16,0.4,6.787464502453801,0.4,22.4
1979-02-15,2.8,6.787464502453801,2.8,23.1
1979-03-16,0.3,8.192437037825584,0.3,26.2
1979-04-16,43.9,53.70631859302521,43.9,28.7
1979-05-16,117.4,123.56834472417833,117.4,28.300001
1979-06-16,226.5,228.13518636226655,226.5,25.9
1979-07-16,132.0,140.4630884230137,132.0,26.1
1979-08-16,223.40001,226.90652151703836,223.40001,25.5
1979-09-16,234.1,227.82004033923153,234.1,26.1
1979-10-16,59.8,62.159018976241356,59.8,25.300001
1979-11-16,0.1,6.919071799516672,0.1,23.2
1979-12-16,0.0,6.787464502453801,0.0,21.4
1980-01-16,0.0,6.787464502453801,0.0,20.7
1980-02-15,0.1,6.787464502453801,0.1,22.300001
1980-03-16,19.7,21.611032938957216,19.7,25.9
1980-04-16,32.9,35.471696962416175,32.9,29.300001
1980-05-16,222.8,221.9724734246731,222.8,28.4
1980-06-16,220.6,222.04747326374056,220.6,25.4
1980-07-16,233.90001,231.64037443995477,233.90001,25.5
1980-08-16,202.0,202.36140303611757,202.0,24.800001
1980-09-16,238.7,238.93337835073473,238.7,25.4
1980-10-16,101.8,118.58948010206223,101.8,25.1
1980-11-16,30.5,35.22972621023655,30.5,23.4
1980-12-16,20.300001,28.073121762275697,20.300001,21.0
1981-01-16,1.0,7.9966122746467505,1.0,19.4
1981-02-15,0.90000004,6.828955855965617,0.90000004,21.800001
1981-03-16,3.3,8.763248771429062,3.3,25.0
1981-04-16,54.100002,57.952651168406014,54.100002,27.2
1981-05-16,253.5,232.62304959297182,253.5,26.6
1981-06-16,210.3,218.12471884489062,210.3,25.0
1981-07-16,372.2,358.4174251437188,372.2,24.2
1981-08-16,227.90001,229.74816578626636,227.90001,24.6
1981-09-16,140.2,144.27315359711648,140.2,25.300001
1981-10-16,112.9,110.61578083038331,112.9,25.1
1981-11-16,89.700005,95.03265564963222,89.700005,23.300001
1981-12-16,2.3,11.372405764460567,2.3,19.300001
1982-01-16,1.7,8.416091814637184,1.7,19.300001
1982-02-15,0.0,6.787464502453801,0.0,21.800001
1982-03-16,1.8000001,7.385158818960193,1.8000001,25.2
1982-04-16,38.5,42.60621404945851,38.5,27.1
1982-05-16,154.6,166.37495213747025,154.6,27.6
1982-06-16,179.7,180.3766702592373,179.7,25.2
1982-07-16,165.6,162.91156103610996,165.6,24.6
1982-08-16,239.5,236.56463037729264,239.5,24.300001
1982-09-16,282.5,267.18243753910065,282.5,24.6
1982-10-16,94.8,91.91399638801813,94.8,25.1
1982-11-16,19.300001,24.76929633319378,19.300001,24.4
1982-12-16,0.90000004,6.787464502453801,0.90000004,19.0
1983-01-16,8.8,10.928684222698209,8.8,19.2
1983-02-15,0.0,6.787464502453801,0.0,22.4
1983-03-16,0.5,7.803776502609253,0.5,25.300001
1983-04-16,15.900001,16.728537303209308,15.900001,29.300001
1983-05-16,169.6,160.9716385483742,169.6,27.9
1983-06-16,150.0,151.56857804059985,150.0,25.1
1983-07-16,165.5,169.78954750001432,165.5,25.300001
1983-08-16,233.90001,233.9913473904133,233.90001,24.7
1983-09-16,213.5,200.3223609566689,213.5,25.300001
1983-10-16,223.2,213.18831134438517,223.2,24.800001
1983-11-16,91.6,92.43993352353573,91.6,21.9
1983-12-16,37.5,37.78459542244673,37.5,19.800001
1984-01-16,0.0,7.592536124587056,0.0,19.300001
1984-02-15,18.0,23.36217221319675,18.0,22.4
1984-03-16,0.3,7.481356656551355,0.3,24.9
1984-04-16,96.3,94.44229780882597,96.3,28.4
1984-05-16,127.9,125.35839283913376,127.9,26.7
1984-06-16,279.2,268.5999772846699,279.2,25.0
1984-07-16,227.2,222.18592039942743,227.2,24.300001
1984-08-16,257.0,247.04119713902475,257.0,24.6
1984-09-16,202.40001,193.99395155310634,202.40001,24.800001
1984-10-16,132.8,134.66634658277036,132.8,24.2
1984-11-16,5.9,10.884142753481868,5.9,23.4
1984-12-16,0.0,6.787464502453801,0.0,21.1
1985-01-16,2.4,6.828955855965617,2.4,20.9
1985-02-15,0.2,6.787464502453801,0.2,22.5
1985-03-16,0.8,7.173527243733403,0.8,25.1
1985-04-16,102.3,102.29710674881936,102.3,28.0
1985-05-16,166.3,162.76657357215885,166.3,26.7
1985-06-16,172.1,178.67832427024842,172.1,24.800001
1985-07-16,197.7,202.0367704808712,197.7,24.1
1985-08-16,244.8,242.95590028166774,244.8,24.6
1985-09-16,218.7,212.89982785582544,218.7,24.9
1985-10-16,166.6,154.25797936022283,166.6,24.7
1985-11-16,109.3,106.2500949047506,109.3,23.800001
1985-12-16,0.0,6.999096077680591,0.0,20.4
1986-01-16,0.0,6.828955855965617,0.0,19.1
1986-02-15,0.6,6.787464502453801,0.6,21.7
1986-03-16,1.2,7.173527243733403,1.2,24.1
1986-04-16,75.700005,73.8305235773325,75.700005,27.800001
1986-05-16,184.1,177.87969517707825,184.1,26.800001
1986-06-16,212.8,204.64781622290613,212.8,25.5
1986-07-16,197.0,188.3541592538357,197.0,24.7
1986-08-16,234.5,228.20646982789043,234.5,25.0
1986-09-16,169.40001,161.18602072894575,169.40001,25.300001
1986-10-16,88.700005,90.52783340886236,88.700005,25.1
1986-11-16,16.7,23.24496586322784,16.7,23.300001
1986-12-16,61.0,55.47262898385525,61.0,20.9
1987-01-16,3.7,7.866655340790743,3.7,20.9
1987-02-15,4.8,8.771482250094408,4.8,22.0
1987-03-16,19.5,22.60864082276821,19.5,24.800001
1987-04-16,64.5,62.94511600583792,64.5,28.4
1987-05-16,70.700005,82.95485321162269,70.700005,28.4
1987-06-16,213.6,206.51309339404108,213.6,26.2
1987-07-16,155.1,150.30413698852064,155.1,26.1
1987-08-16,328.80002,309.50278682708745,328.80002,25.800001
1987-09-16,214.40001,207.5389958381653,214.40001,26.0
1987-10-16,66.1,63.62543239444494,66.1,26.2
1987-11-16,94.3,93.31937769390643,94.3,24.9
1987-12-16,0.0,7.198099318146703,0.0,19.0
1988-01-16,0.0,6.787464502453801,0.0,21.300001
1988-02-15,3.9,7.338551339507106,3.9,23.0
1988-03-16,0.4,7.870017191767687,0.4,25.800001
1988-04-16,83.3,79.9789395750966,83.3,28.1
1988-05-16,201.1,193.91595661044124,201.1,27.4
1988-06-16,325.7,318.63736380338673,325.7,25.4
1988-07-16,243.40001,241.37348313927652,243.40001,25.2
1988-08-16,246.5,231.8036381483078,246.5,25.300001
1988-09-16,117.3,125.4365314245224,117.3,26.0
1988-10-16,156.7,155.34048314988615,156.7,25.0
1988-11-16,43.100002,54.52473370730877,43.100002,22.2
1988-12-16,0.0,6.919071799516672,0.0,20.5
1989-01-16,5.1,9.303241500258437,5.1,21.7
1989-02-15,1.9,7.338551339507106,1.9,21.9
1989-03-16,13.7,19.422736901044843,13.7,24.5
1989-04-16,11.2,17.118395879864693,11.2,27.9
1989-05-16,198.5,184.61793255209926,198.5,27.800001
1989-06-16,199.7,202.71019201874736,199.7,25.5
1989-07-16,265.0,250.00726656913758,265.0,25.4
1989-08-16,157.2,160.96259822547438,157.2,25.4
1989-09-16,168.0,162.67000898718834,168.0,25.9
1989-10-16,161.40001,160.43699421882633,161.40001,25.300001
1989-11-16,10.900001,17.479385325312613,10.900001,23.5
1989-12-16,0.0,6.919071799516672,0.0,20.300001
1990-01-16,1.3000001,6.787464502453801,1.3000001,22.0
1990-02-15,14.5,20.002106073498723,14.5,22.7
1990-03-16,11.0,20.437581911683083,11.0,24.6
1990-04-16,36.4,40.86107415109873,36.4,28.6
1990-05-16,301.5,276.96300334930424,301.5,27.300001
1990-06-16,198.90001,192.4625611960888,198.90001,26.4
1990-07-16,216.2,205.49787552356722,216.2,25.300001
1990-08-16,198.1,193.0521442830563,198.1,25.7
1990-09-16,174.8,172.50023239254955,174.8,26.0
1990-10-16,141.3,140.22824173867704,141.3,25.5
1990-11-16,49.5,50.11461175233126,49.5,24.0
1990-12-16,0.1,6.787464502453801,0.1,21.4
1991-01-16,6.4,8.892606684565536,6.4,22.300001
1991-02-15,0.0,6.919071799516672,0.0,22.2
1991-03-16,1.7,7.81678992211819,1.7,26.5
1991-04-16,46.3,50.56650870442391,46.3,28.6
1991-05-16,112.200005,106.9532199241221,112.200005,28.4
1991-06-16,279.5,269.2778853654862,279.5,25.6
1991-07-16,165.0,168.9943658322096,165.0,25.7
1991-08-16,342.80002,324.3736840128899,342.80002,25.0
1991-09-16,197.1,191.23562006354334,197.1,26.0
1991-10-16,107.0,104.59690774306657,107.0,25.2
1991-11-16,53.4,51.522386848926544,53.4,23.2
1991-12-16,18.5,24.433661356568336,18.5,21.5
1992-01-16,14.6,13.040421745181078,14.6,19.7
1992-02-15,17.9,22.365242812037465,17.9,21.7
1992-03-16,0.0,7.803776502609253,0.0,25.6
1992-04-16,21.5,28.24711894392967,21.5,29.300001
1992-05-16,46.4,52.41882746815682,46.4,28.6
1992-06-16,192.3,177.09170175790788,192.3,26.300001
1992-07-16,334.2,323.03329569101334,334.2,25.300001
1992-08-16,260.0,241.34550031423572,260.0,25.300001
1992-09-16,236.6,224.89074344635011,236.6,25.9
1992-10-16,150.7,146.4137541383505,150.7,24.2
1992-11-16,27.800001,32.13566500097513,27.800001,22.2
1992-12-16,51.4,44.93027385473251,51.4,20.800001
1993-01-16,0.0,7.2233926624059706,0.0,20.2
1993-02-15,0.0,6.919071799516672,0.0,21.1
1993-03-16,28.2,28.73738684058189,28.2,24.9
1993-04-16,61.0,60.63430189341307,61.0,27.800001
1993-05-16,148.7,155.70853859484197,148.7,27.9
1993-06-16,141.40001,139.6230474382639,141.40001,26.1
1993-07-16,167.40001,155.06908397674562,167.40001,26.0
1993-08-16,218.40001,206.95797019004823,218.40001,25.2
1993-09-16,278.7,264.3993383765221,278.7,25.800001
1993-10-16,76.0,84.1910990308039,76.0,25.4
1993-11-16,2.0,9.89914486706256,2.0,23.7
1993-12-16,1.2,6.919071799516672,1.2,20.7
1994-01-16,0.0,6.919071799516672,0.0,21.5
1994-02-15,0.5,6.787464502453801,0.5,23.5
1994-03-16,33.0,30.685377770662306,33.0,24.4
1994-04-16,50.4,53.54184156209231,50.4,28.300001
1994-05-16,251.90001,242.70838247537614,251.90001,27.2
1994-06-16,294.30002,289.03119261264806,294.30002,25.5
1994-07-16,377.80002,354.7977507591248,377.80002,24.7
1994-08-16,354.4,341.91362192630777,354.4,24.800001
1994-09-16,170.3,166.79838032424453,170.3,25.800001
1994-10-16,55.7,58.27011534050107,55.7,24.6
1994-11-16,16.7,22.636189663410185,16.7,23.1
1994-12-16,5.4,14.680295976996419,5.4,22.5
1995-01-16,0.6,6.787464502453801,0.6,21.0
1995-02-15,0.2,6.787464502453801,0.2,21.0
1995-03-16,11.2,19.53772442936897,11.2,25.300001
1995-04-16,19.300001,31.97462011426687,19.300001,28.4
1995-05-16,211.2,196.24578046202663,211.2,27.800001
1995-06-16,178.1,177.07556487321855,178.1,26.300001
1995-07-16,336.30002,323.6164729237557,336.30002,25.0
1995-08-16,390.0,360.9254637718201,390.0,24.5
1995-09-16,204.40001,199.638988339901,204.40001,25.800001
1995-10-16,89.200005,93.21283834427595,89.200005,25.2
1995-11-16,71.1,69.59414742924274,71.1,23.6
1995-12-16,0.0,6.919071799516672,0.0,20.300001
1996-01-16,0.1,6.787464502453801,0.1,20.7
1996-02-15,16.300001,21.173882287740703,16.300001,20.2
1996-03-16,10.0,12.30759935677051,10.0,25.1
1996-04-16,86.0,87.39435946326704,86.0,27.300001
1996-05-16,113.0,128.99586058408022,113.0,26.6
1996-06-16,238.1,235.79601344466212,238.1,25.300001
1996-07-16,206.7,213.71966717243197,206.7,24.9
1996-08-16,283.9,267.5644660592079,283.9,24.9
1996-09-16,245.6,227.80881786942484,245.6,25.0
1996-10-16,107.1,101.82769455313684,107.1,25.0
1996-11-16,72.4,76.13539332598448,72.4,23.9
1996-12-16,1.0,7.409730893373492,1.0,20.5
1997-01-16,0.0,6.787464502453801,0.0,19.9
1997-02-15,0.2,6.787464502453801,0.2,21.4
1997-03-16,13.3,19.00639916360378,13.3,24.7
1997-04-16,29.800001,42.09856538325548,29.800001,26.4
1997-05-16,101.6,98.02206396609546,101.6,27.7
1997-06-16,105.700005,124.06402214467526,105.700005,26.300001
1997-07-16,302.0,294.325826728344,302.0,25.300001
1997-08-16,356.4,340.22602163553245,356.4,25.300001
1997-09-16,193.8,194.9976657807827,193.8,25.5
1997-10-16,103.5,101.87526932880283,103.5,25.7
1997-11-16,16.800001,29.52450617849827,16.800001,24.5
1997-12-16,0.1,6.919071799516672,0.1,23.2
1998-01-16,0.3,7.206944042444221,0.3,22.2
1998-02-15,0.0,6.787464502453801,0.0,23.2
1998-03-16,4.5,8.530944868922234,4.5,26.1
1998-04-16,36.2,39.0435963883996,36.2,28.7
1998-05-16,162.1,161.21827616095544,162.1,28.6
1998-06-16,174.3,168.13266230225565,174.3,26.7
1998-07-16,203.5,203.29201228618624,203.5,25.7
1998-08-16,232.1,214.8386867761612,232.1,25.6
1998-09-16,185.3,176.4182924449444,185.3,25.7
1998-10-16,38.100002,51.326626266539094,38.100002,25.9
1998-11-16,41.9,45.050762593746185,41.9,23.800001
1998-12-16,1.7,10.497633802890775,1.7,22.0
1999-01-16,9.3,16.884955060482028,9.3,21.1
1999-02-15,8.0,15.26054534316063,8.0,22.300001
1999-03-16,14.3,18.24022721350193,14.3,25.4
1999-04-16,116.8,110.9664432808757,116.8,27.300001
1999-05-16,232.5,228.495026665926,232.5,25.9
1999-06-16,142.5,146.4067676007748,142.5,25.300001
1999-07-16,150.6,152.63547061681749,150.6,25.0
1999-08-16,323.1,301.4019240140915,323.1,25.0
1999-09-16,220.3,203.71872286200525,220.3,25.300001
1999-10-16,144.5,141.3908614933491,144.5,25.1
1999-11-16,43.600002,49.91973136365414,43.600002,23.6
1999-12-16,11.8,21.54057465493679,11.8,18.9
2000-01-16,0.3,6.919071799516672,0.3,21.7
2000-02-15,7.8,16.200738924741742,7.8,21.2
2000-03-16,10.0,15.22385226786136,10.0,24.800001
2000-04-16,123.200005,113.97942275702954,123.200005,27.4
2000-05-16,229.40001,217.69019654989245,229.40001,26.5
2000-06-16,232.2,224.7430787265301,232.2,25.2
2000-07-16,228.90001,217.64997658729555,228.90001,24.7
2000-08-16,190.5,192.92760909795763,190.5,25.4
2000-09-16,277.1,263.32133335471156,277.1,25.1
2000-10-16,136.1,139.78155565559865,136.1,25.6
2000-11-16,2.0,9.882818496227259,2.0,23.1
2000-12-16,0.5,6.999096077680591,0.5,22.4
2001-01-16,9.8,10.69233387410641,9.8,22.5
2001-02-15,1.5,7.130703374743462,1.5,22.7
2001-03-16,51.2,48.30591758936644,51.2,24.6
2001-04-16,14.400001,22.420780590176584,14.400001,29.300001
2001-05-16,251.90001,242.63497187495233,251.90001,26.6
2001-06-16,180.6,183.49918189644814,180.6,25.1
2001-07-16,248.8,246.66146690249445,248.8,24.9
2001-08-16,284.7,260.9532577514649,284.7,25.0
2001-09-16,212.3,203.42071616649628,212.3,25.7
2001-10-16,178.0,173.43266315460207,178.0,25.4
2001-11-16,8.2,22.636189663410185,8.2,22.0
2001-12-16,8.8,18.315275952219963,8.8,21.2
2002-01-16,13.5,18.98314126729965,13.5,20.5
2002-02-15,3.0,9.849927368760106,3.0,22.300001
2002-03-16,4.1,10.725353363156316,4.1,25.1
2002-04-16,45.2,45.69234129041433,45.2,28.300001
2002-05-16,263.9,258.55892303586006,263.9,26.6
2002-06-16,166.0,160.68534943163397,166.0,25.6
2002-07-16,192.3,188.2981447041035,192.3,25.300001
2002-08-16,338.1,325.3879116654397,338.1,24.6
2002-09-16,316.5,293.3206699609757,316.5,24.9
2002-10-16,87.8,90.17460372671485,87.8,25.300001
2002-11-16,124.4,114.68578126579524,124.4,23.9
2002-12-16,31.4,34.171794494986536,31.4,22.800001
2003-01-16,16.7,24.604962944984436,16.7,20.2
2003-02-15,9.2,11.846029442548755,9.2,21.9
2003-03-16,20.1,23.270901015400888,20.1,23.9
2003-04-16,53.600002,56.09270711541176,53.600002,27.9
2003-05-16,109.3,110.58527050465347,109.3,27.4
2003-06-16,250.2,236.51497278213503,250.2,25.2
2003-07-16,253.7,235.99273673892023,253.7,24.9
2003-08-16,180.8,166.10228768587115,180.8,25.1
2003-09-16,233.7,236.02778556346897,233.7,25.2
2003-10-16,82.5,79.00537398764864,82.5,25.6
2003-11-16,4.9,9.173657426238051,4.9,24.5
2003-12-16,0.0,6.787464502453801,0.0,20.7
2004-01-16,4.6,9.69767830669879,4.6,20.800001
2004-02-15,2.5,9.24139566719532,2.5,21.0
2004-03-16,0.8,7.385158818960193,0.8,25.6
2004-04-16,48.2,44.61021647304297,48.2,28.5
2004-05-16,235.2,233.15449099540712,235.2,27.2
2004-06-16,307.0,293.2435552120209,307.0,25.300001
2004-07-16,226.8,223.68119836449625,226.8,24.6
2004-08-16,162.90001,159.35549287199976,162.90001,25.0
2004-09-16,305.80002,291.31077207326894,305.80002,25.2
2004-10-16,51.5,56.77560601681471,51.5,25.0
2004-11-16,18.5,21.61185200810432,18.5,24.5
2004-12-16,0.0,6.787464502453801,0.0,20.5
2005-01-16,12.400001,9.782892060279849,12.400001,20.800001
2005-02-15,2.7,6.787464502453801,2.7,23.5
2005-03-16,11.7,16.142096018791193,11.7,25.0
2005-04-16,57.100002,58.913162554800515,57.100002,28.300001
2005-05-16,94.4,103.31720694378019,94.4,28.0
2005-06-16,247.40001,239.7558826982975,247.40001,26.0
2005-07-16,277.80002,260.5056670248509,277.80002,25.0
2005-08-16,274.0,266.1741145193577,274.0,25.0
2005-09-16,336.30002,317.138687312603,336.30002,25.1
2005-10-16,83.700005,89.86793568059802,83.700005,25.4
2005-11-16,34.600002,43.25173833668232,34.600002,24.0
2005-12-16,36.9,41.22023902833462,36.9,20.9
2006-01-16,0.0,6.919071799516672,0.0,20.800001
2006-02-15,6.4,11.515431129932395,6.4,22.6
2006-03-16,18.0,20.445613679289814,18.0,25.5
2006-04-16,98.3,94.29498913958669,98.3,27.7
2006-05-16,277.7,253.34090244770053,277.7,26.4
2006-06-16,219.8,206.90896051526073,219.8,25.6
2006-07-16,371.0,352.62110506296165,371.0,24.9
2006-08-16,305.30002,295.8646498322487,305.30002,24.7
2006-09-16,261.1,253.5967820942402,261.1,25.300001
2006-10-16,136.90001,132.4656972706318,136.90001,25.5
2006-11-16,4.8,9.568962201476097,4.8,24.800001
2006-12-16,0.3,7.130703374743462,0.3,21.4
2007-01-16,0.0,6.787464502453801,0.0,20.5
2007-02-15,1.2,6.828955855965617,1.2,21.9
2007-03-16,5.7000003,8.530944868922234,5.7000003,25.1
2007-04-16,47.0,47.65748071670532,47.0,27.6
2007-05-16,311.0,298.1491926074028,311.0,26.2
2007-06-16,230.0,222.1876807868481,230.0,25.9
2007-07-16,167.40001,171.61728807687763,167.40001,25.0
2007-08-16,201.3,199.96945217847826,201.3,25.0
2007-09-16,220.0,219.90219669342042,220.0,25.5
2007-10-16,147.40001,139.37751618027687,147.40001,24.9
2007-11-16,21.5,33.62514224499464,21.5,22.4
2007-12-16,0.0,6.919071799516672,0.0,22.300001
2008-01-16,40.9,37.165000174939635,40.9,21.300001
2008-02-15,17.9,27.573495694994925,17.9,20.800001
2008-03-16,7.8,15.990513214468947,7.8,24.7
2008-04-16,84.0,84.8193477973342,84.0,27.5
2008-05-16,189.90001,192.58820884823803,189.90001,26.0
2008-06-16,189.1,181.7902063459158,189.1,25.0
2008-07-16,262.80002,250.35770591497425,262.80002,24.800001
2008-08-16,211.6,201.98603709340097,211.6,25.0
2008-09-16,225.3,212.39858198761942,225.3,25.300001
2008-10-16,194.7,193.70398885011673,194.7,25.6
2008-11-16,59.3,55.774234388023615,59.3,23.1
2008-12-16,28.6,26.050277692079547,28.6,20.5
2009-01-16,0.0,7.2233926624059706,0.0,19.1
2009-02-15,0.3,6.787464502453801,0.3,22.9
2009-03-16,13.5,18.692769029736517,13.5,25.1
2009-04-16,59.4,61.276244281232366,59.4,27.9
2009-05-16,186.90001,189.98462030291557,186.90001,27.0
2009-06-16,250.8,244.73052972555163,250.8,25.6
2009-07-16,226.90001,223.72371661067012,226.90001,25.0
2009-08-16,212.2,214.99352751970292,212.2,25.6
2009-09-16,174.8,175.87635595500473,174.8,25.800001
2009-10-16,107.1,121.34999679476024,107.1,25.800001
2009-11-16,3.9,7.711777922511104,3.9,24.300001
2009-12-16,0.0,6.787464502453801,0.0,22.1
2010-01-16,32.0,34.735350742936134,32.0,21.9
2010-02-15,0.0,6.919071799516672,0.0,23.2
2010-03-16,4.6,10.564375713467598,4.6,25.300001
2010-04-16,21.5,27.72561639547348,21.5,29.300001
2010-05-16,83.3,87.73266634736211,83.3,28.800001
2010-06-16,191.5,195.31698049902917,191.5,26.6
2010-07-16,289.1,274.7986559152604,289.1,25.5
2010-08-16,350.5,331.17183568477634,350.5,24.7
2010-09-16,216.3,217.52652941942216,216.3,25.7
2010-10-16,178.6,183.88885709941388,178.6,25.1
2010-11-16,0.3,8.541721129417411,0.3,23.800001
2010-12-16,42.0,40.73671317100525,42.0,22.2
2011-01-16,26.0,24.155569043755534,26.0,20.2
2011-02-15,1.7,6.828955855965617,1.7,22.0
2011-03-16,24.7,31.242635132372378,24.7,23.300001
2011-04-16,47.9,59.04267786368728,47.9,26.9
2011-05-16,211.5,216.2278769493103,211.5,26.5
2011-06-16,263.0,260.37773331403736,263.0,25.4
2011-07-16,257.5,255.289920270443,257.5,24.7
2011-08-16,355.9,332.0122006297112,355.9,24.7
2011-09-16,228.2,234.09708065986635,228.2,25.300001
2011-10-16,93.5,95.35089763179423,93.5,25.2
2011-11-16,18.9,21.093246763944627,18.9,24.4
2011-12-16,13.2,15.927255403995517,13.2,21.1
2012-01-16,8.900001,22.170781126618387,8.900001,21.7
2012-02-15,2.2,6.787464502453801,2.2,22.800001
2012-03-16,11.900001,12.753484708070758,11.900001,25.4
2012-04-16,51.9,57.351746284216645,51.9,28.0
2012-05-16,182.7,179.0628588974476,182.7,27.300001
2012-06-16,160.40001,159.79527799189094,160.40001,25.5
2012-07-16,242.1,228.86969578862193,242.1,24.9
2012-08-16,243.40001,236.5626743912697,243.40001,25.1
2012-09-16,176.8,188.43852337598804,176.8,25.5
2012-10-16,162.2,145.68977036178114,162.2,26.0
2012-11-16,33.8,48.074781166017054,33.8,25.5
2012-12-16,7.6,9.107642897963515,7.6,23.5
2013-01-16,22.7,29.83282458782196,22.7,21.4
2013-02-15,5.3,12.08975752592086,5.3,23.5
2013-03-16,17.0,15.829761725664142,17.0,25.4
2013-04-16,48.600002,37.15542806833982,48.600002,28.5
2013-05-16,181.5,162.76573616564275,181.5,27.7
2013-06-16,228.40001,208.13989919424057,228.40001,25.9
2013-07-16,327.2,317.71071542501454,327.2,24.7
2013-08-16,285.2,287.58796832561495,285.2,25.2
2013-09-16,255.8,258.7268811106682,255.8,25.300001
2013-10-16,129.7,141.71972386837007,129.7,25.1
2013-11-16,40.3,50.07797980159521,40.3,24.7
2013-12-16,40.8,37.555219386518004,40.8,19.300001
2014-01-16,3.4,7.9966122746467505,3.4,18.9
2014-02-15,3.6000001,7.2233926624059706,3.6000001,21.9
2014-03-16,8.0,11.046636292338363,8.0,25.1
2014-04-16,51.9,49.193287323415284,51.9,28.2
2014-05-16,180.1,188.01158052682877,180.1,28.1
2014-06-16,211.0,184.1529702246189,211.0,26.2
2014-07-16,233.1,231.79674329757694,233.1,25.4
2014-08-16,273.0,263.04093053340915,273.0,25.1
2014-09-16,216.8,182.7586883753538,216.8,25.800001
2014-10-16,130.40001,134.48629195690157,130.40001,25.6
2014-11-16,36.3,32.82749725729227,36.3,24.9
2014-12-16,12.900001,12.95029968917369,12.900001,22.0
2015-01-16,8.5,16.13525006771087,8.5,20.300001
2015-02-15,3.6000001,7.2233926624059706,3.6000001,21.800001
2015-03-16,8.2,20.16794923841953,8.2,25.4
2015-04-16,47.9,63.983795011788615,47.9,27.9
2015-05-16,178.1,159.23828040957454,178.1,28.5
2015-06-16,204.7,174.53668890297416,204.7,26.5
2015-07-16,231.8,211.1069221675396,231.8,25.800001
2015-08-16,268.30002,229.31691976785663,268.30002,25.5
2015-09-16,169.3,174.03050417006017,169.3,26.0
2015-10-16,136.8,129.7061494022608,136.8,25.7
2015-11-16,36.9,52.1486141115427,36.9,25.7
2015-12-16,17.800001,21.532512325048444,17.800001,23.2
2016-01-16,29.7,33.136044883728026,29.7,21.2
2016-02-15,2.6000001,10.01228032112121,2.6000001,21.300001
2016-03-16,7.8,9.269017857313159,7.8,26.4
2016-04-16,47.3,45.23061245232821,47.3,30.4
2016-05-16,182.2,166.89513439536097,182.2,28.6
2016-06-16,185.0,185.4387376368046,185.0,25.800001
2016-07-16,250.2,245.88987931609157,250.2,25.0
2016-08-16,271.9,263.1754534721375,271.9,25.300001
2016-09-16,283.6,264.50963153839115,283.6,25.7
2016-10-16,147.6,150.12627673447133,147.6,25.9
2016-11-16,69.0,77.38412039894611,69.0,25.6
2016-12-16,5.2000003,10.85473572611808,5.2000003,22.5
2017-01-16,9.3,42.81767141968012,9.3,22.0
2017-02-15,1.5,6.919071799516672,1.5,21.9
2017-03-16,6.0,10.84809148609638,6.0,25.5
2017-04-16,68.6,76.32603090591729,68.6,27.6
2017-05-16,220.90001,223.07789892554285,220.90001,27.2
2017-06-16,263.9,262.65220276117327,263.9,25.800001
2017-07-16,245.3,241.81904453039172,245.3,24.800001
2017-08-16,271.5,260.4895790398121,271.5,25.5
2017-09-16,223.6,221.48732776641847,223.6,26.300001
2017-10-16,154.90001,170.9873016536236,154.90001,25.6
2017-11-16,25.4,32.156267035007474,25.4,24.5
2017-12-16,41.8,36.011588835716246,41.8,21.6
2018-01-16,9.6,12.926968443393704,9.6,21.6
2018-02-15,4.8,9.952512723207477,4.8,21.5
2018-03-16,11.3,14.294245460629455,11.3,25.1
2018-04-16,62.100002,57.285993063449865,62.100002,27.0
2018-05-16,342.1,303.90700421333315,342.1,27.0
2018-06-16,220.5,218.56702840924265,220.5,25.6
2018-07-16,221.6,219.3461220920086,221.6,25.0
2018-08-16,235.2,224.2617105662823,235.2,24.9
2018-09-16,170.2,164.6507076710463,170.2,26.0
2018-10-16,142.5,147.35956506729127,142.5,26.2
2018-11-16,36.4,34.353829556703566,36.4,25.0
2018-12-16,20.7,32.04730027616024,20.7,23.5
2019-01-16,8.400001,42.88749706447125,8.400001,22.0
2019-02-15,1.8000001,6.787464502453801,1.8000001,23.6
2019-03-16,3.1000001,7.173527243733403,3.1000001,25.5
2019-04-16,19.7,26.937708550691603,19.7,29.4
2019-05-16,138.2,143.86564224660398,138.2,28.4
2019-06-16,123.200005,136.35188697576524,123.200005,26.300001
2019-07-16,191.90001,164.27234662473205,191.90001,26.0
2019-08-16,251.6,251.02043065428737,251.6,25.2
2019-09-16,125.3,171.13268642723563,125.3,25.800001
2019-10-16,129.0,126.0308363839984,129.0,26.5
2019-11-16,27.300001,41.846102599799636,27.300001,24.7
2019-12-16,11.1,8.538848274946204,11.1,21.6
2020-01-16,3.4,6.787464502453801,3.4,22.7
2020-02-15,1.4,6.787464502453801,1.4,22.9
2020-03-16,3.3,8.754844143986702,3.3,26.0
2020-04-16,46.100002,58.64256564155221,46.100002,28.7
2020-05-16,111.9,98.67332784980536,111.9,28.9
2020-06-16,199.6,203.80086205005648,199.6,26.2
2020-07-16,175.0,173.71702073514462,175.0,26.1
2020-08-16,268.5,285.2784011542798,268.5,25.4
2020-09-16,211.2,216.13770599365236,211.2,26.4
2020-10-16,68.700005,115.89873404204846,68.700005,24.6
2020-11-16,20.800001,22.73162344396114,20.800001,24.7
2020-12-16,5.2000003,7.94066496193409,5.2000003,21.9
2021-01-16,19.9,26.023315647244452,19.9,20.0
2021-02-15,3.7,9.564322847127912,3.7,22.1
2021-03-16,3.1000001,10.539143493771547,3.1000001,26.1
2021-04-16,48.0,85.93213575184346,48.0,27.1
2021-05-16,137.1,78.53243624176831,137.1,28.2
2021-06-16,213.8,220.1116216719151,213.8,25.9
2021-07-16,238.3,226.8984530746937,238.3,25.5
2021-08-16,281.7,236.96709895133975,281.7,25.9
2021-09-16,202.90001,222.396274471283,202.90001,25.4
2021-10-16,179.90001,189.23800821304323,179.90001,25.6
2021-11-16,35.100002,42.96023223847151,35.100002,24.9
2021-12-16,5.2000003,7.198099318146703,5.2000003,21.6
2022-01-16,9.1,28.261110356450082,9.1,21.800001
2022-02-15,4.2000003,14.5225823789835,4.2000003,21.7
2022-03-16,11.3,22.360126686096187,11.3,25.800001
2022-04-16,49.0,70.18993083909155,49.0,27.300001
2022-05-16,208.40001,225.29607264995576,208.40001,26.5
2022-06-16,208.40001,183.13122425079348,208.40001,26.1
2022-07-16,242.7,238.85845186114312,242.7,25.4
2022-08-16,319.7,288.699555182457,319.7,25.1
2022-09-16,218.8,248.23928747773172,218.8,25.2
2022-10-16,148.40001,143.4883080929518,148.40001,25.1
2022-11-16,41.100002,41.103411650657655,41.100002,24.9
2022-12-16,5.2000003,22.396935898065564,5.2000003,21.800001
2023-01-16,3.4,7.592536124587056,3.4,20.300001
2023-02-15,3.7,9.77248865962028,3.7,22.4
2023-03-16,5.7000003,14.173224937915805,5.7000003,25.4
2023-04-16,31.9,34.406827609241006,31.9,29.800001
2023-05-16,120.3,125.19258940517904,120.3,29.2
2023-06-16,212.1,201.78351919054987,212.1,26.4
2023-07-16,170.1,173.70425181388856,170.1,26.300001
2023-08-16,198.90001,164.17932726442814,198.90001,25.9
2023-09-16,236.7,259.9171108305454,236.7,25.9
2023-10-16,166.90001,195.77543917298317,166.90001,26.1
2023-11-16,36.5,32.11848594248295,36.5,25.0
2023-12-16,7.2000003,10.454858833551398,7.2000003,23.5
