time,actual_spei,predicted_spei
1901-01-16,-0.38459527,0.0
1901-02-15,-1.3616713,-2.621792405017524e-08
1901-03-16,-0.83086246,-1.2801128513886062e-07
1901-04-16,0.5452391,-2.0512049506094028e-07
1901-05-16,-0.8227308,-1.2347652847983108e-07
1901-06-16,0.743385,-5.784300043444849e-08
1901-07-16,0.8788479,9.294582180109033e-09
1901-08-16,-0.70110244,7.678727971825103e-08
1901-09-16,-0.550119,7.881329924153828e-08
1901-10-16,-0.8666777,-3.595498538750127e-08
1901-11-16,0.9870439,-9.751467379603848e-08
1901-12-16,-0.947275,4.7525835027188846e-08
1902-01-16,-0.3229977,-0.3845949304401394
1902-02-15,0.35637626,-1.359220600433346
1902-03-16,-0.3210037,-0.7628872422226565
1902-04-16,1.2459543,0.6526232389664712
1902-05-16,0.32671365,-0.7158707504904563
1902-06-16,0.3438088,0.8282548822734946
1902-07-16,-1.1829327,0.9375141112305869
1902-08-16,0.97078925,-0.7651715672334986
1902-09-16,-0.85330623,-0.6159525914671606
1902-10-16,1.7466357,-0.8609056448239427
1902-11-16,1.7198766,1.1050345972384181
1902-12-16,0.13726246,-0.8440892796069499
1903-01-16,-0.13617024,-0.22354179084215153
1903-02-15,-0.41775116,-0.37775509679961317
1903-03-16,-1.021428,-0.5257844318928293
1903-04-16,-0.6794158,0.9047192264414778
1903-05-16,0.13745612,-0.2901506754497635
1903-06-16,-0.42109966,0.4432940980897623
1903-07-16,-0.87536645,-0.295032527352056
1903-08-16,1.8457626,0.14610522437653672
1903-09-16,-1.5681677,-0.7133292348298527
1903-10-16,-0.7862124,0.5725240124891056
1903-11-16,-0.56074226,1.3321797701569658
1903-12-16,0.45062152,-0.5594345252250371
1904-01-16,1.5631025,-0.37025177264783504
1904-02-15,0.2071792,-0.43121227909214677
1904-03-16,-1.245087,-0.597800160873649
1904-04-16,-0.1862808,0.35240659394848284
1904-05-16,-0.19336735,-0.139244200829792
1904-06-16,-0.95337117,0.11651978469949226
1904-07-16,0.8174295,-0.4747901457459571
1904-08-16,0.40494725,0.7757093282943106
1904-09-16,-0.9831489,-1.0223859732859721
1904-10-16,0.1589367,-0.04363286264773869
1904-11-16,-0.12513839,0.5723270704378538
1904-12-16,-0.74115473,-0.11771136262101323
1905-01-16,0.2831166,0.25475982425304355
1905-02-15,-0.18166219,-0.32150610181314543
1905-03-16,-0.2991946,-0.9064814376988322
1905-04-16,-0.12245042,0.2239179882829092
1905-05-16,1.4613329,-0.1259298887537041
1905-06-16,-0.47044152,-0.08530459167198445
1905-07-16,-0.0099261785,0.06100169444582271
1905-08-16,0.47877488,0.6315821823470172
1905-09-16,1.0673553,-1.0077172623931325
1905-10-16,0.8248213,0.12051701987273941
1905-11-16,0.45214903,0.5623358242667791
1905-12-16,-0.32764176,-0.23477297230546756
1906-01-16,0.50411797,0.22866608611397168
1906-02-15,0.34884474,-0.2749714766189032
1906-03-16,-0.672256,-0.672492972029975
1906-04-16,-0.09959708,0.17092115039166242
1906-05-16,-0.5778579,0.30874335136715514
1906-06-16,-0.12585418,-0.22945806030742824
1906-07-16,-0.7322941,-0.10930035872203164
1906-08-16,1.3858562,0.5325116480138004
1906-09-16,-0.29404655,-0.4220304609467991
1906-10-16,-0.64611936,0.2824663392261162
1906-11-16,-0.26067153,0.4747313655520713
1906-12-16,1.8201916,-0.3811822608069735
1907-01-16,1.0973449,0.2926983686123116
1907-02-15,-0.68479043,-0.010888836404683744
1907-03-16,0.3355473,-0.630888878097405
1907-04-16,-0.85290366,0.11665651023121072
1907-05-16,-1.2774333,-0.008053015611782954
1907-06-16,1.2435305,-0.21458368062113606
1907-07-16,0.60568887,-0.27163621755788114
1907-08-16,-1.8486816,0.847721760563607
1907-09-16,-1.7457122,-0.4915784710106139
1907-10-16,0.9508942,-0.15946109590523583
1907-11-16,1.4885635,0.1650130503209961
1907-12-16,0.61770785,0.2731296525204867
1908-01-16,0.09749729,0.5757276698842176
1908-02-15,0.76529497,-0.2375286324883129
1908-03-16,-0.5437501,-0.46331814334558163
1908-04-16,0.3696844,-0.08266262239170008
1908-05-16,0.749186,-0.19668298377185045
1908-06-16,0.62405837,0.21676533383758279
1908-07-16,-0.001987725,0.08108272554371931
1908-08-16,0.83034056,0.1981210206498787
1908-09-16,2.2111008,-0.7514315938061242
1908-10-16,0.06953019,0.3960080169439636
1908-11-16,0.791003,0.7652073256895029
1908-12-16,0.6147083,0.28773593320891844
1909-01-16,2.0689197,0.33768015696825904
1909-02-15,1.2601503,0.04928781335061483
1909-03-16,0.52969056,-0.40831871966141053
1909-04-16,0.051703822,0.19845092385118618
1909-05-16,-0.41945994,0.12224975772882096
1909-06-16,-0.09613308,0.19483026715925533
1909-07-16,-0.86709154,-0.08760236250660422
1909-08-16,1.5285996,0.3663437766885548
1909-09-16,-0.94014657,-0.08716277058262989
1909-10-16,-0.31033227,0.16934366170818604
1909-11-16,-1.220232,0.5565238710364344
1909-12-16,-1.2753524,0.14239794828698804
1910-01-16,0.19142114,0.5490898273491331
1910-02-15,1.1591238,0.026219896397073228
1910-03-16,0.5478678,-0.3589011216670662
1910-04-16,0.021861268,0.09420462055489567
1910-05-16,-0.7400954,-0.025023530079876066
1910-06-16,1.8229136,0.10874348820724941
1910-07-16,1.1855398,-0.1896611739005074
1910-08-16,-0.45387867,0.7312594531965537
1910-09-16,-0.8274452,-0.32133705769252663
1910-10-16,0.3948673,0.05000404368954531
1910-11-16,-0.28914434,0.1414512394208558
1910-12-16,1.2354975,-0.09030236472325681
1911-01-16,-0.096483864,0.5522233298096761
1911-02-15,-1.1133626,0.33122232724145784
1911-03-16,-0.030310841,-0.2532381518683534
1911-04-16,-0.6964149,-0.07545116163470947
1911-05-16,-1.0431334,-0.27427171238717446
1911-06-16,-0.792181,0.40700129145477826
1911-07-16,-1.5246767,0.0017410503001080713
1911-08-16,-0.47296065,0.20160002253562137
1911-09-16,0.7429209,-0.5964040907435721
1911-10-16,1.2436498,0.12552009859445062
1911-11-16,0.56939596,0.2852276698637519
1911-12-16,0.37643418,0.38442552282838405
1912-01-16,0.43361,0.4804538878016707
1912-02-15,0.4050019,-0.014747216816703546
1912-03-16,-0.6796846,-0.2146512339552623
1912-04-16,-0.6559499,-0.11769654546803965
1912-05-16,1.5615219,-0.3648495182852871
1912-06-16,-0.5540022,0.15100698125770873
1912-07-16,-1.2254639,-0.22481756558601274
1912-08-16,0.43594888,0.24541344336570742
1912-09-16,-0.5172648,-0.26880119754999743
1912-10-16,1.1358234,0.3216781601668435
1912-11-16,1.0266312,0.3199513889353015
1912-12-16,0.42774698,0.27610176016835686
1913-01-16,1.5579774,0.5320601112266438
1913-02-15,-0.7763381,0.20500786430493345
1913-03-16,-0.42336145,-0.29832294370771173
1913-04-16,0.4803371,-0.20114690819171144
1913-05-16,0.9228954,0.047181028512125245
1913-06-16,2.2027516,0.12974563296426767
1913-07-16,-1.1971263,-0.22316405401681982
1913-08-16,-1.549527,0.433328920928636
1913-09-16,-0.10749393,-0.369551214837974
1913-10-16,0.79498506,0.31470024403218777
1913-11-16,1.3366785,0.37204291924048305
1913-12-16,0.6246987,0.32018417695605716
1914-01-16,0.26496112,0.74085406757592
1914-02-15,-0.010682142,-0.02321035988155784
1914-03-16,-0.7664107,-0.3293335452846065
1914-04-16,-0.4292191,-0.06371539266204773
1914-05-16,-1.0431335,0.08355851854974294
1914-06-16,1.3296756,0.42199491678506584
1914-07-16,-1.1178468,-0.5092826293048087
1914-08-16,-0.6096337,-0.04378039616181595
1914-09-16,0.7898796,-0.28454692826916694
1914-10-16,1.3252852,0.4536170219838164
1914-11-16,1.0772538,0.610684046318252
1914-12-16,0.52167505,0.4097497221505244
1915-01-16,-0.5637912,0.5897095740166458
1915-02-15,-1.198186,-0.01747704833291202
1915-03-16,1.5958537,-0.4913235829873435
1915-04-16,0.58527046,-0.16830457181068725
1915-05-16,-0.38016537,-0.045787459782440476
1915-06-16,1.5956681,0.6352813808171431
1915-07-16,1.522478,-0.49748497618227394
1915-08-16,1.4979279,0.08029616036588505
1915-09-16,0.7429209,0.10679139882131738
1915-10-16,1.2242362,0.7743897132838388
1915-11-16,0.28284645,0.6913614159894204
1915-12-16,-1.1693248,0.35842397412817084
1916-01-16,-0.9541834,0.2945802846157174
1916-02-15,-0.64726454,-0.3568103780580014
1916-03-16,1.1077541,-0.14127046082841566
1916-04-16,-0.7218055,-0.0031168116229896015
1916-05-16,-0.2173818,-0.0898359443290846
1916-06-16,-1.2887207,0.6807631221075536
1916-07-16,2.1827354,-0.23919543930983367
1916-08-16,1.2321199,0.25608889276083424
1916-09-16,-1.1654102,0.09596738130928628
1916-10-16,-0.14696944,0.7617591992239823
1916-11-16,-0.28709972,0.4422813951717518
1916-12-16,-0.41033208,-0.07428665534394296
1917-01-16,1.0066297,0.09817331567045062
1917-02-15,0.4932254,-0.2387765804313261
1917-03-16,0.98719895,0.14171298586970493
1917-04-16,-0.5436334,-0.05656928027095731
1917-05-16,-0.7025769,-0.0696366245561123
1917-06-16,-1.1442417,0.25041250006930826
1917-07-16,0.41321206,0.06322706731128269
1917-08-16,1.9246293,0.2790056986333336
1917-09-16,-0.61354023,-0.22191983647216718
1917-10-16,-2.289784,0.5730714012035034
1917-11-16,1.7842113,0.3169665995329781
1917-12-16,-0.577215,-0.06434686581024329
1918-01-16,0.7864685,0.35401859126790824
1918-02-15,-0.26823676,-0.033743879498995155
1918-03-16,-0.09361327,0.1744396496743672
1918-04-16,0.8185296,-0.19246847682833768
1918-05-16,-0.6301627,-0.2062240540912415
1918-06-16,1.3194385,0.15413411171468994
1918-07-16,-1.2879714,0.13738908956414414
1918-08-16,-0.4006947,0.5804423015494264
1918-09-16,0.71922296,-0.3164702669470727
1918-10-16,0.5860988,-0.024861158294956276
1918-11-16,1.2260823,0.7140779225226783
1918-12-16,1.1686903,0.049556074812451945
1919-01-16,-0.53765684,0.5120492723432523
1919-02-15,-0.30965245,-0.1105854698274818
1919-03-16,-0.02797902,0.05932253272701524
1919-04-16,-0.062981606,-0.039636052245439424
1919-05-16,0.56656975,-0.27310340655233734
1919-06-16,-1.3164606,0.44080962357376174
1919-07-16,0.2896102,-0.1949730876722673
1919-08-16,-1.4294351,0.28214799390630996
1919-09-16,0.6639885,-0.1586073450090466
1919-10-16,0.123334624,0.24867505093855108
1919-11-16,-0.40747577,0.6694860461342795
1919-12-16,1.4302727,0.19320514309363157
1920-01-16,-0.17111646,0.2163854882819508
1920-02-15,-0.042985413,-0.15575276905171606
1920-03-16,1.3357195,0.10558194436709342
1920-04-16,0.2717718,-0.020366554862889123
1920-05-16,-0.71257854,-0.013446696829010452
1920-06-16,-1.2128426,0.07958391161626421
1920-07-16,-1.3661237,-0.08990083620445782
1920-08-16,-0.083460316,-0.06688401196631966
1920-09-16,-0.5090399,-0.09934154861937872
1920-10-16,-0.8552059,0.16902648117124983
1920-11-16,0.58304787,0.4103670008480538
1920-12-16,-0.7302278,0.2940479569953265
1921-01-16,0.052139625,0.1498065569039413
1921-02-15,-0.23106125,-0.1874263166117553
1921-03-16,1.0721161,0.2590872920364444
1921-04-16,-1.6498907,0.028570829645069185
1921-05-16,1.1271048,-0.26664571945243826
1921-06-16,-1.0606567,-0.087174173468334
1921-07-16,-0.60964876,-0.30247475550460745
1921-08-16,-0.43674377,0.13118722731143967
1921-09-16,-0.43896374,-0.18871397198867262
1921-10-16,0.79383165,0.00039766028816945465
1921-11-16,-0.87765807,0.5452836851837363
1921-12-16,-1.0140561,0.079368566928252
1922-01-16,1.2262028,0.12398806106321189
1922-02-15,-0.65560657,-0.22915730231186288
1922-03-16,1.5347846,0.3699290656068167
1922-04-16,0.36287493,-0.2421143949874065
1922-05-16,1.1239622,0.09468623956681244
1922-06-16,0.065913245,-0.06956805579371705
1922-07-16,-1.0688251,-0.1810861638292553
1922-08-16,-0.92736626,0.062473682643167494
1922-09-16,-0.8014959,-0.22113879417357477
1922-10-16,0.3504804,0.13524852973666845
1922-11-16,1.8848039,0.23610044670047214
1922-12-16,0.81640375,0.014245203614499102
1923-01-16,1.2793448,0.5184391207237696
1923-02-15,0.4932254,-0.11150399375583142
1923-03-16,1.3951479,0.6191309583190899
1923-04-16,-0.04694578,-0.006957183199147177
1923-05-16,-0.9430015,0.20338237930270708
1923-06-16,-0.5197436,-0.09875294954502162
1923-07-16,-0.81738544,-0.4608333500938039
1923-08-16,-0.6368051,-0.16487087454838034
1923-09-16,1.6405128,-0.291576587456024
1923-10-16,0.6399327,0.25052672327550185
1923-11-16,-0.3272826,0.7490266998399422
1923-12-16,-0.27843997,0.22648890297707946
1924-01-16,0.64210266,0.43222214267094194
1924-02-15,0.6251371,-0.14389617147335476
1924-03-16,1.2325001,0.6345931059866697
1924-04-16,0.97649586,-0.05355006565721408
1924-05-16,0.05328414,-0.010871768662790604
1924-06-16,0.66490203,-0.09503269970118444
1924-07-16,1.3927214,-0.3463013000477076
1924-08-16,-0.7128281,-0.024287413278696213
1924-09-16,1.4689844,0.2170109069806434
1924-10-16,-0.48093507,0.3581952118418175
1924-11-16,0.352895,0.4026361958901731
1924-12-16,0.45165887,0.04842074429247739
1925-01-16,0.6461148,0.4508879438294669
1925-02-15,-0.059187442,0.02323667237146998
1925-03-16,0.79817015,0.6953822347698251
1925-04-16,-0.035486378,0.07181821665493415
1925-05-16,0.46748966,-0.020781295964968666
1925-06-16,0.55813706,0.012534323487248589
1925-07-16,-0.8236034,-0.035273962844375006
1925-08-16,-0.54586303,-0.18238147007649086
1925-09-16,0.25798476,0.2180011861297495
1925-10-16,0.7225824,0.08266182030188796
1925-11-16,1.7012001,0.4520013012606382
1925-12-16,-0.62696296,0.22384340800520142
1926-01-16,0.22607419,0.5497527715542373
1926-02-15,-0.44692957,-0.06304659576715745
1926-03-16,-0.40135354,0.598907077024099
1926-04-16,-0.4003226,-0.08135673366187253
1926-05-16,-0.34346142,-0.021615827565772905
1926-06-16,1.0456443,-0.017185258781149515
1926-07-16,-0.69488925,-0.2967082085094854
1926-08-16,0.19183539,-0.19829629222981826
1926-09-16,0.7880843,0.2107301964869422
1926-10-16,-0.47079298,0.3013655274504481
1926-11-16,1.9429904,0.6775880184699179
1926-12-16,2.1179867,0.013981063036921593
1927-01-16,1.0083458,0.5501299439876679
1927-02-15,-0.06324323,0.05515889086518777
1927-03-16,0.19329746,0.5660287425708206
1927-04-16,0.71495366,-0.07777183911512503
1927-05-16,-1.5537509,-0.035233818640609815
1927-06-16,0.51995844,0.16245064856247404
1927-07-16,-1.0933574,-0.37015043385882135
1927-08-16,-1.4034352,-0.1986242200719402
1927-09-16,1.5534261,0.21566730101877252
1927-10-16,0.28836626,0.0713166661147776
1927-11-16,-0.48027417,0.8472495896456984
1927-12-16,0.08695724,0.41190733563960724
1928-01-16,-0.5454923,0.4765828942461324
1928-02-15,0.42354947,-0.18866669747897694
1928-03-16,-0.8630809,0.43758543657799664
1928-04-16,-0.16579178,0.031303256688770875
1928-05-16,-0.5927888,-0.33307971925357904
1928-06-16,-1.4087278,0.12417165718233958
1928-07-16,-0.6678645,-0.519023905689156
1928-08-16,-0.88781613,-0.4738916958626268
1928-09-16,-1.4070536,0.3915445390479575
1928-10-16,-0.37094012,0.09210194232534585
1928-11-16,0.6106266,0.3919142620836139
1928-12-16,1.0150332,0.14532629285491333
1929-01-16,-0.97007555,0.35438794615235236
1929-02-15,0.017467724,0.004560760683593068
1929-03-16,1.5782518,0.22620872841026496
1929-04-16,0.29003423,-0.0021957678102157985
1929-05-16,-0.3215061,-0.16840228621310183
1929-06-16,-1.0524533,-0.045169857842597416
1929-07-16,-2.7136307,-0.47329022749938376
1929-08-16,-1.2196593,-0.5358816819920839
1929-09-16,0.84332967,-0.1042310430051554
1929-10-16,-1.5724955,-0.004852666550585971
1929-11-16,0.93009907,0.5738048440742606
1929-12-16,-1.821249,0.34644215114418575
1930-01-16,0.8426294,0.04750906598295357
1930-02-15,-0.22281425,-0.0978403518414476
1930-03-16,-0.81599003,0.5238012156161056
1930-04-16,0.32194602,0.035145663325927834
1930-05-16,-0.4071653,-0.3094825477014691
1930-06-16,-0.07071292,-0.21682120972272934
1930-07-16,-1.1524644,-0.8100977851229458
1930-08-16,0.3877506,-0.5190521833465568
1930-09-16,-1.0855362,0.3321608187601376
1930-10-16,1.8014655,-0.19296030097379724
1930-11-16,0.07158813,0.6878516512317994
1930-12-16,0.29803556,-0.013629815326566819
1931-01-16,0.365862,0.40571223137969337
1931-02-15,-0.59718895,-0.06880848493413869
1931-03-16,-1.2939175,0.24362955779654238
1931-04-16,-0.9481944,0.005259015296056102
1931-05-16,0.88811135,-0.40348579846241145
1931-06-16,0.98630416,-0.16714682525597108
1931-07-16,0.34358364,-0.6771564846822862
1931-08-16,-1.6517415,-0.16509225413088935
1931-09-16,-0.68471897,0.06900350659202381
1931-10-16,-0.10010352,0.1896317060195709
1931-11-16,-0.61454046,0.43339058343297865
1931-12-16,1.4010044,0.05703673359282188
1932-01-16,-0.49074277,0.3015604735149611
1932-02-15,0.6599109,-0.13955503741956637
1932-03-16,0.9650286,0.09895785925153677
1932-04-16,0.09762332,-0.05985822328837631
1932-05-16,0.44272196,0.020197286086175326
1932-06-16,0.6371042,0.13048032688046007
1932-07-16,-1.2960123,-0.4975675323430493
1932-08-16,0.93874407,-0.5786666621276468
1932-09-16,-1.2571371,0.013369090713971854
1932-10-16,0.7915226,0.09000556356731557
1932-11-16,0.6685948,0.38488888385991615
1932-12-16,-0.55283093,0.33787013657123555
1933-01-16,0.24671297,0.18589728347012818
1933-02-15,0.24203274,-0.008390791703576816
1933-03-16,0.11235732,0.28445770754576294
1933-04-16,1.2731305,-0.0024318310461263343
1933-05-16,-0.43423077,0.00892992480879562
1933-06-16,-1.1035835,0.15618857155756133
1933-07-16,-0.009926235,-0.7570702917698253
1933-08-16,0.7202903,-0.30735009922254664
1933-09-16,-1.9085474,-0.16261121123337396
1933-10-16,-1.1446114,0.2455143003510838
1933-11-16,0.7453817,0.382061980537745
1933-12-16,-0.102079935,-0.010278024716347534
1934-01-16,1.2748475,0.19964264033125792
1934-02-15,0.5041084,0.06581062318837705
1934-03-16,0.046116915,0.2900240304927886
1934-04-16,-0.23396848,0.2527899203487476
1934-05-16,-0.027726972,-0.14834455960557613
1934-06-16,2.0389845,-0.15973063323254
1934-07-16,-1.1605964,-0.49946120053589527
1934-08-16,1.1626964,-0.0735786705843221
1934-09-16,0.30788735,-0.33059070953697
1934-10-16,1.3640928,0.014741388964342406
1934-11-16,0.9035125,0.6418385805406611
1934-12-16,-1.1321665,0.22862259457294076
1935-01-16,1.5502616,0.4243553788672376
1935-02-15,0.19161144,0.06949311876155839
1935-03-16,0.2199449,0.21538407289250358
1935-04-16,-0.5784285,0.10068559977342034
1935-05-16,-0.34590414,-0.11338755397814815
1935-06-16,0.0009969882,0.26915905736529155
1935-07-16,-1.2557514,-0.7570789639100797
1935-08-16,2.1023903,-0.03340094370750557
1935-09-16,-1.2756608,-0.15803908481546824
1935-10-16,1.4721692,0.3249081257646622
1935-11-16,0.04182592,0.6282764270722707
1935-12-16,0.9782736,-0.08218820609904087
1936-01-16,1.3670915,0.5994487506519526
1936-02-15,-0.5804906,0.14283614471953254
1936-03-16,-0.27502036,0.26720589736045114
1936-04-16,0.21688505,-0.061527075107742135
1936-05-16,1.5502424,-0.18773785429240683
1936-06-16,-1.3676662,0.19610979732693506
1936-07-16,-1.8251556,-0.7272540693394469
1936-08-16,-0.49017233,0.23725631119338852
1936-09-16,0.26799375,-0.5668703837724783
1936-10-16,0.5251288,0.3528961625938105
1936-11-16,0.60361916,0.47829435965776096
1936-12-16,0.50631946,0.21668900392717583
1937-01-16,-0.41555053,0.6512244125569763
1937-02-15,0.67026937,-0.057940667346575325
1937-03-16,1.3227451,0.10993292555574591
1937-04-16,0.8886383,0.08923176961858631
1937-05-16,-0.5356197,0.2827451408467345
1937-06-16,-1.290706,-0.04824557304488675
1937-07-16,-0.23979135,-0.9822791082582766
1937-08-16,0.1935045,-0.024883308958272732
1937-09-16,0.28796965,-0.24474644168289217
1937-10-16,1.0408638,0.41331578566024574
1937-11-16,0.15578409,0.5683748189233924
1937-12-16,0.19160749,0.2088821969776425
1938-01-16,0.67799085,0.40269292772387044
1938-02-15,-0.6639469,0.1143818675058087
1938-03-16,0.17320092,0.34815144665544007
1938-04-16,0.48258287,0.1409438696443972
1938-05-16,-0.60274875,-0.07646222180294948
1938-06-16,-1.3872526,-0.23357761040216873
1938-07-16,-0.5576863,-0.8036470751252296
1938-08-16,1.5472585,0.04213371885876688
1938-09-16,-0.13025858,-0.16715993554516295
1938-10-16,-1.1948967,0.5562181816010323
1938-11-16,-1.5362765,0.43377636418484933
1938-12-16,-0.7389704,-0.005117726014380708
1939-01-16,-0.38202012,0.314276643974471
1939-02-15,-0.40108964,-0.19010823792530585
1939-03-16,-0.2316702,0.19258623638698472
1939-04-16,1.2962768,0.13202845173803773
1939-05-16,0.22663485,-0.09553412251814719
1939-06-16,0.820058,-0.30376182855633393
1939-07-16,-1.638132,-0.6521712157624969
1939-08-16,-1.1379198,0.38737091354727937
1939-09-16,1.0241115,-0.2772083839059963
1939-10-16,-0.9709412,0.07295359321467032
1939-11-16,-0.7626232,0.0929744556149188
1939-12-16,0.2067564,-0.037639284146776975
1940-01-16,-0.23905985,0.26458296672807236
1940-02-15,-0.6514359,-0.10759951705903104
1940-03-16,-1.2255187,0.15120885220880104
1940-04-16,-0.5849296,0.26258922166894205
1940-05-16,-0.01374771,-0.14182436777443674
1940-06-16,-0.2624191,-0.1820380814884619
1940-07-16,-0.74683416,-0.9429453132901885
1940-08-16,-0.875965,0.022576464890917913
1940-09-16,-0.5562706,-0.026388851320034545
1940-10-16,0.55761296,-0.01737201708199687
1940-11-16,1.1128168,0.0361427639675147
1940-12-16,-0.12100462,0.13569792965526173
1941-01-16,0.40973723,0.35619671859232327
1941-02-15,0.51856846,-0.12433406298830896
1941-03-16,0.2727222,-0.011891615030453107
1941-04-16,-0.5827632,0.18001867451079645
1941-05-16,0.11938999,-0.026181801699192556
1941-06-16,-1.3164606,-0.2115157197068092
1941-07-16,-0.3918664,-0.8975244808247536
1941-08-16,0.022671176,-0.09039750162815141
1941-09-16,1.1520401,-0.17560155543356593
1941-10-16,0.7131113,0.2651325427952369
1941-11-16,0.12474104,0.39392068142896497
1941-12-16,0.24341562,0.1008155666185018
1942-01-16,1.6709439,0.34870914691870436
1942-02-15,-0.7389238,0.04163675461539296
1942-03-16,-0.030310774,0.14827540747199358
1942-04-16,2.0416565,0.06355179114863108
1942-05-16,-0.5654244,0.023569705694537674
1942-06-16,-0.022148998,-0.29729600338476936
1942-07-16,-1.7811066,-0.7184976697635357
1942-08-16,0.188495,-0.03851084854408347
1942-09-16,-0.70091766,0.05547677216038216
1942-10-16,0.25095978,0.19981091413107355
1942-11-16,1.0718303,0.18596975638433738
1942-12-16,2.3724768,0.09276797357365499
1943-01-16,-0.5324359,0.6951484537504676
1943-02-15,2.4366841,-0.061038745548336326
1943-03-16,2.303595,0.17168314817558888
1943-04-16,0.6953333,0.6078013258078228
1943-05-16,-0.7751406,0.0909123914276827
1943-06-16,-1.3401443,-0.19859797896139184
1943-07-16,-1.4059857,-1.0528048512284327
1943-08-16,-0.14472154,-0.07009603165008571
1943-09-16,-1.1483907,-0.18046595698661305
1943-10-16,-0.93104315,0.17276696808141853
1943-11-16,-0.7723532,0.28015693556063836
1943-12-16,-0.38241088,0.3384844395858777
1944-01-16,-0.3204408,0.1794588331131558
1944-02-15,1.6506584,0.22882714442937635
1944-03-16,-2.0216062,0.4563041284329252
1944-04-16,1.4765842,0.3445300810854205
1944-05-16,-0.36546773,-0.23507207425581034
1944-06-16,1.5456747,-0.4934163367137361
1944-07-16,0.45293847,-0.8804031679492623
1944-08-16,1.2139384,0.14322067528398463
1944-09-16,-0.03314664,-0.06888332327234137
1944-10-16,-1.0954765,0.13087753561400817
1944-11-16,-1.4239023,0.12428114298752868
1944-12-16,0.46822545,0.07625796842874027
1945-01-16,0.4097372,0.1428823615931929
1945-02-15,0.35261223,0.3814462384181678
1945-03-16,0.6681754,-0.06867829588702068
1945-04-16,2.0696628,0.588867044788458
1945-05-16,1.2146868,-0.09929006676557117
1945-06-16,1.7380106,0.10127367339534898
1945-07-16,1.4718155,-0.5331401660856957
1945-08-16,0.6003255,0.4201381821393312
1945-09-16,-1.475,0.014484924283059572
1945-10-16,1.393206,-0.07588939491570557
1945-11-16,-0.6717141,-0.09504477837083813
1945-12-16,0.81545573,0.2914732750676329
1946-01-16,0.98938996,0.35815929900027027
1946-02-15,0.08534853,0.3536069433235604
1946-03-16,1.2684938,0.21647518853162578
1946-04-16,1.3667892,0.8019814505490654
1946-05-16,0.70234066,0.1275614576412567
1946-06-16,0.38947508,0.23592603134762435
1946-07-16,0.0355853,-0.36093812488235244
1946-08-16,-0.37613136,0.2562691978828301
1946-09-16,1.7064992,-0.39325139661123454
1946-10-16,-0.4809351,0.27404777093211785
1946-11-16,-0.46599346,-0.03385423648009345
1946-12-16,0.7926252,0.38684056182698673
1947-01-16,1.0014725,0.38818948739815695
1947-02-15,-0.45944098,0.3137800885570519
1947-03-16,1.6440043,0.33969195718734935
1947-04-16,0.5385477,0.8055310953137045
1947-05-16,1.3285857,0.12487414764141747
1947-06-16,1.1916071,0.16677303667232013
1947-07-16,0.17768092,-0.3701405807755713
1947-08-16,1.2679363,0.20695035509884685
1947-09-16,0.2198261,0.1446231064505945
1947-10-16,-1.0489368,0.09105027049279979
1947-11-16,-1.3429147,-0.123360087543748
1947-12-16,1.0087883,0.30902351423257607
1948-01-16,-1.1421413,0.406026165531694
1948-02-15,0.28811657,0.10665525130665876
1948-03-16,0.9564439,0.43973618918403745
1948-04-16,0.72148025,0.6730608814806986
1948-05-16,-1.0381311,0.30761690424699695
1948-06-16,-1.1442416,0.23937503217142253
1948-07-16,0.6684984,-0.4940610915209752
1948-08-16,-0.5863981,0.24667212931720828
1948-09-16,-0.2587872,-0.0654143810349081
1948-10-16,0.15757142,-0.14016614218846768
1948-11-16,-0.16652416,-0.3443348793994059
1948-12-16,-1.942253,0.5047984816518123
1949-01-16,-0.50115335,0.10408958175354432
1949-02-15,1.4494021,0.08879537104713259
1949-03-16,-1.0238969,0.4243335859668921
1949-04-16,-0.61732507,0.714772768087544
1949-05-16,1.2296653,-0.09735224215703953
1949-06-16,-0.13223155,-0.11300982321751696
1949-07-16,1.5143182,-0.2101492335489512
1949-08-16,1.0928388,0.21256893793344978
1949-09-16,1.2234067,0.028890586854339484
1949-10-16,0.08751677,0.1292968233832653
1949-11-16,-0.45942762,-0.12818400355564577
1949-12-16,0.9800771,0.06543710993122476
1950-01-16,0.45944262,0.16077181276836172
1950-02-15,0.49322525,0.48277361348740244
1950-03-16,-0.041982986,0.2565619512980868
1950-04-16,1.149376,0.4866681044072424
1950-05-16,0.52249485,0.27519660378939426
1950-06-16,-0.8615736,0.056489538767489744
1950-07-16,0.003959885,0.01712442373914791
1950-08-16,0.11760139,0.28519628079333015
1950-09-16,-1.1786112,0.1066208526213861
1950-10-16,-0.8092397,-0.07562332530021125
1950-11-16,0.06200741,-0.37060723091617687
1950-12-16,-1.0968615,0.2649071839738202
1951-01-16,0.95448786,0.18472230640862697
1951-02-15,1.3542064,0.35070651384347484
1951-03-16,-0.6994989,0.27559386550427467
1951-04-16,-0.85700315,0.7202692824256813
1951-05-16,1.8015724,0.1695575761997482
1951-06-16,-0.7245018,-0.18315844301340312
1951-07-16,-0.21734598,-0.07703652137893918
1951-08-16,0.04705481,0.25993582669769816
1951-09-16,1.9504149,-0.1902601786337067
1951-10-16,-0.4172154,-0.10128519124432778
1951-11-16,0.13318045,-0.10707696871841518
1951-12-16,-0.5306315,0.10474038681150577
1952-01-16,-0.21129522,0.32261790844133365
1952-02-15,0.48230955,0.5000832178402983
1952-03-16,1.0242292,0.04682612084906346
1952-04-16,0.8801897,0.3881974526514098
1952-05-16,0.22222261,0.5649388979087742
1952-06-16,-0.8804209,-0.12970136029596946
1952-07-16,-0.58470285,-0.13483766096571007
1952-08-16,-0.45959866,0.14501392710286498
1952-09-16,-1.1804943,0.20950994381459465
1952-10-16,-1.0390393,-0.26096290255246846
1952-11-16,0.047989506,-0.28377934956878154
1952-12-16,-0.94088155,-0.06296378479255677
1953-01-16,-0.33579436,0.16585513094730925
1953-02-15,1.4744151,0.42698442228921574
1953-03-16,0.034606922,0.2909637289662391
1953-04-16,0.5162046,0.5733154079162937
1953-05-16,0.773206,0.3851191203042441
1953-06-16,0.39342555,-0.26491088737240887
1953-07-16,1.7338802,-0.14075733658520645
1953-08-16,-1.1558517,0.22359523047149965
1953-09-16,1.111625,-0.015485690028392396
1953-10-16,0.5024659,-0.26306690200755
1953-11-16,-0.84382284,-0.10685070445370168
1953-12-16,0.3827439,-0.0631630665983397
1954-01-16,0.71142787,0.15086916712080195
1954-02-15,-0.055133946,0.6712634022607189
1954-03-16,0.14851214,0.2313285728112153
1954-04-16,-0.9079139,0.4921245663701947
1954-05-16,0.9177113,0.3672298803335495
1954-06-16,0.2532676,-0.16986692801573133
1954-07-16,1.4622462,0.16816956565056596
1954-08-16,-0.0691608,0.015245474119631952
1954-09-16,-1.8712311,0.28108849349571174
1954-10-16,1.3178155,-0.1476376062414414
1954-11-16,-0.9258969,-0.33869113909282966
1954-12-16,-0.5439548,-0.0009153058003987802
1955-01-16,-0.8720935,0.276569114096492
1955-02-15,-0.45109963,0.3850871494116959
1955-03-16,-1.1936779,0.10625477257265636
1955-04-16,-0.044654094,0.13609313980327808
1955-05-16,-0.6501204,0.4018838927874052
1955-06-16,-0.15138009,-0.18168978522942164
1955-07-16,-0.43115205,0.2304882849551746
1955-08-16,-0.065592974,-0.06346100890550022
1955-09-16,-0.55627054,-0.2575550436464906
1955-10-16,0.40653762,0.055106496211205336
1955-11-16,0.18387158,-0.3523881213371505
1955-12-16,-0.13994567,-0.07668943400792444
1956-01-16,-0.0546251,0.08258680072704583
1956-02-15,-0.014712422,0.3668416120127324
1956-03-16,0.32047936,-0.0471222883653839
1956-04-16,-0.18172994,0.28189592501446925
1956-05-16,0.24423398,0.26938254008096985
1956-06-16,0.19618711,-0.13011794524879863
1956-07-16,0.9585178,0.08820478110617536
1956-08-16,0.10906815,0.033769478700428596
1956-09-16,0.47267494,-0.1060140841788027
1956-10-16,1.0670339,0.12191671690482314
1956-11-16,-0.10709185,-0.15383337004595932
1956-12-16,0.14489241,-0.006154383865551755
1957-01-16,-1.216128,0.13301039766653247
1957-02-15,-0.23931387,0.30392560979057315
1957-03-16,1.20201,0.029339801366626395
1957-04-16,-0.85085243,0.19363841522211883
1957-05-16,1.5776886,0.3426191471978568
1957-06-16,-1.3460518,-0.027608743925882
1957-07-16,0.32876566,0.2629929960218371
1957-08-16,-0.75786793,-0.010736008702143585
1957-09-16,1.1165043,-0.10890780571506242
1957-10-16,-0.23413761,0.22853198521229934
1957-11-16,-0.19388169,-0.21084586413343573
1957-12-16,0.27453008,-0.01671325800795123
1958-01-16,-0.49074292,-0.13523056920751864
1958-02-15,-0.6472647,0.2660212260173237
1958-03-16,-0.33071175,0.2420053077041504
1958-04-16,-1.1775618,-0.012889121089951994
1958-05-16,0.6966615,0.4496424898618452
1958-06-16,1.0456443,-0.3730334480024933
1958-07-16,-1.5168059,0.2656104655681365
1958-08-16,0.2530422,-0.11010149556976268
1958-09-16,-0.8711567,0.09825014188723413
1958-10-16,0.77530885,0.00549422987750095
1958-11-16,0.0026531238,-0.24057497397320174
1958-12-16,-2.0552154,0.017550864152421908
1959-01-16,-1.4870608,-0.15373431757246508
1959-02-15,-0.65560645,-0.009827725529021558
1959-03-16,0.03230189,-0.05226722463560035
1959-04-16,0.26034877,-0.16615847878661305
1959-05-16,0.732421,0.5069642652723633
1959-06-16,0.68881875,0.03757875774309305
1959-07-16,0.5187597,-0.012146110436279889
1959-08-16,0.63196003,0.04141286649401607
1959-09-16,0.3277453,-0.03708389881636687
1959-10-16,0.80649734,0.2943760036943844
1959-11-16,-0.35023826,-0.13345818106659443
1959-12-16,-0.7782139,-0.33727950430712794
1960-01-16,-0.017966118,-0.34451799297280705
1960-02-15,-0.02277953,0.032274316687148086
1960-03-16,-0.66235346,0.13504679890369087
1960-04-16,-0.12016616,0.022665376618461935
1960-05-16,-0.34101963,0.492204386387313
1960-06-16,-0.6095803,-0.019111132273018083
1960-07-16,1.1841716,0.06524567487932109
1960-08-16,-0.007134327,0.050601264441458405
1960-09-16,-0.14682531,0.05613193608997574
1960-10-16,-0.22696953,0.32254897429069673
1960-11-16,0.95118684,-0.26545720197977746
1960-12-16,0.25630838,-0.3178469114172863
1961-01-16,0.38128686,-0.14046518100701305
1961-02-15,0.41243148,0.17601506355280191
1961-03-16,-0.03731124,0.05946382582517418
1961-04-16,-0.024023052,0.022960620757386113
1961-05-16,-2.472612,0.37812903954907073
1961-06-16,-0.10674024,-0.21323871236193626
1961-07-16,0.6262018,0.1373218776123568
1961-08-16,-1.1359278,-0.05909220025382991
1961-09-16,0.26599294,-0.041693531470006304
1961-10-16,0.16303018,0.14297115592749626
1961-11-16,0.47241515,-0.04180640215179632
1961-12-16,0.06390266,-0.17149081502139657
1962-01-16,0.26496118,-0.08506079261810645
1962-02-15,-0.88817257,0.1875918195927072
1962-03-16,0.7667403,0.02813083085615925
1962-04-16,-0.9381619,-0.016009688966988633
1962-05-16,-0.80519456,-0.1011224079271198
1962-06-16,-0.18547837,-0.11483967140589309
1962-07-16,-0.9517623,0.21214684510064213
1962-08-16,1.5006577,-0.2456554267326262
1962-09-16,0.07773968,0.028381348435971343
1962-10-16,1.0313748,0.24873019036703162
1962-11-16,-0.6953725,0.0943632903634345
1962-12-16,-0.4705595,-0.17450095867143328
1963-01-16,0.3213865,-0.11056650629752185
1963-02-15,-0.7389237,-0.0815467841044698
1963-03-16,-0.43560344,0.15602239591275113
1963-04-16,-1.7908115,-0.2005256338876813
1963-05-16,-0.076938234,-0.1488488545890333
1963-06-16,-1.2027957,-0.19038401615921854
1963-07-16,1.1132576,-0.038519252388864667
1963-08-16,-0.70110244,0.17103491071954924
1963-09-16,0.25798473,0.012414742750668645
1963-10-16,-0.12563895,0.34768535378898713
1963-11-16,1.086689,-0.18378872371421906
1963-12-16,-0.77494985,-0.22208126659641952
1964-01-16,-0.4284771,-0.008672204478500922
1964-02-15,1.2101934,-0.11192463044592882
1964-03-16,-0.37206972,0.02894748892154625
1964-04-16,-0.9321302,-0.35072525194542736
1964-05-16,-0.71257854,0.00381019322383995
1964-06-16,0.6184531,-0.34532048311303376
1964-07-16,2.3211455,0.2806939410500153
1964-08-16,-1.0662646,0.03247610285147828
1964-09-16,1.1067382,0.16108028993048826
1964-10-16,-0.69241303,0.26628240395804537
1964-11-16,-1.1236736,0.07909638050534351
1964-12-16,-0.3969322,-0.38614614895173816
1965-01-16,-2.2560008,-0.22643315363381414
1965-02-15,-0.09168778,0.03514560320554816
1965-03-16,-0.1933256,-0.1227504567162549
1965-04-16,0.73668206,-0.47634103416445256
1965-05-16,0.15320204,-0.08732018718443457
1965-06-16,-0.8615736,0.01159269370109195
1965-07-16,-0.4705083,0.6193805794372957
1965-08-16,1.4262764,-0.2660517047299774
1965-09-16,0.39871266,0.19921523729570034
1965-10-16,0.91909486,0.1403757310319953
1965-11-16,-0.14814422,-0.07629542258143429
1965-12-16,1.1905805,-0.2645320452520894
1966-01-16,1.15725,-0.39702728608531945
1966-02-15,-0.034896735,0.16682460760563578
1966-03-16,-0.45276043,0.10610438327504201
1966-04-16,0.7561714,-0.14181598282285257
1966-05-16,-0.7876617,-0.03978273908305385
1966-06-16,1.1931494,-0.24701936574782013
1966-07-16,1.1910042,0.34366655102497545
1966-08-16,0.6490421,0.22409566354863775
1966-09-16,1.124618,0.3105292567437969
1966-10-16,0.6314266,0.3616814074069926
1966-11-16,2.3491693,-0.03554184505809353
1966-12-16,-0.3656498,0.08342403187670944
1967-01-16,0.5667604,0.04448297333935347
1967-02-15,0.4823096,0.12053710828229641
1967-03-16,-0.9744823,-0.0614735206803268
1967-04-16,-0.06527172,-0.06585628567811874
1967-05-16,0.94351315,-0.21560500615255007
1967-06-16,-0.3267,0.055684919335104555
1967-07-16,-0.22958288,0.5584139027244229
1967-08-16,-0.36293998,0.1362856147921605
1967-09-16,-0.42037186,0.27565200670276524
1967-10-16,-0.25853702,0.21355785115472925
1967-11-16,0.7149194,0.24731923097986197
1967-12-16,-1.964343,-0.21839715994795567
1968-01-16,-0.80066437,-0.1097764926589796
1968-02-15,-0.8840433,0.019660335562093567
1968-03-16,-1.2328591,-0.3477077808137551
1968-04-16,-1.173793,-0.22571994638499146
1968-05-16,1.9007872,-0.05837178553749234
1968-06-16,0.39934528,-0.10866571132301517
1968-07-16,0.96002537,0.4201342233540928
1968-08-16,-0.42534122,0.1446949962014138
1968-09-16,-0.03314664,0.19054836156985755
1968-10-16,0.8464281,0.16030076836974438
1968-11-16,-2.5173886,0.2434379526401046
1968-12-16,0.22079538,-0.547207049329409
1969-01-16,0.6320449,-0.31030555616656347
1969-02-15,-0.713951,-0.10545697010279875
1969-03-16,-0.49696645,-0.28641195633693517
1969-04-16,-1.009831,-0.30860757107096215
1969-05-16,0.97071177,0.25317315028330745
1969-06-16,0.789963,-0.009374108490766808
1969-07-16,-0.42701328,0.5241660359949659
1969-08-16,1.6810776,0.010612318787866892
1969-09-16,-1.6629163,0.21281020947160298
1969-10-16,2.7051585,0.30960774001634184
1969-11-16,-0.3935799,-0.20014830032195396
1969-12-16,-0.33434996,-0.20584029536224213
1970-01-16,0.8352191,0.04253398623991478
1970-02-15,-1.1820838,-0.11818865489769592
1970-03-16,-0.24369,-0.3136585238461105
1970-04-16,0.6228859,-0.3913372268170868
1970-05-16,-0.034730215,0.3246254579508615
1970-06-16,-0.57753175,0.15904811288226395
1970-07-16,0.009901936,0.28257316390530574
1970-08-16,-0.9868128,0.23527870670252882
1970-09-16,-0.043455955,-0.21873908155150112
1970-10-16,0.55014306,0.6315581326089919
1970-11-16,0.6439386,-0.15882578616216658
1970-12-16,0.30656105,-0.2769392753036689
1971-01-16,-0.30511588,0.13242979593387183
1971-02-15,0.51495904,-0.23517388427172925
1971-03-16,0.9112826,-0.26602380452165086
1971-04-16,-0.9900548,-0.09074998063431217
1971-05-16,-0.8678332,0.2809817014322348
1971-06-16,-0.6671399,-0.09269568958553459
1971-07-16,-1.2718725,0.1793719490302096
1971-08-16,1.187953,-0.14431932358965938
1971-09-16,1.2452512,-0.06446319434989536
1971-10-16,-1.374215,0.6052185983878455
1971-11-16,-0.33352262,0.06516098285688177
1971-12-16,1.6660348,-0.2677638088308319
1972-01-16,-1.0786455,-0.06414006540897368
1972-02-15,0.9180724,-0.03355603405178953
1972-03-16,-0.3964681,-0.03555823035157624
1972-04-16,1.5366013,-0.3560149171874597
1972-05-16,-0.14320756,0.13986775286733877
1972-06-16,0.1282464,-0.039948695228813946
1972-07-16,-1.407975,0.09840652454964038
1972-08-16,-0.44054833,0.20429878643436739
1972-09-16,1.9196011,0.10119799804405183
1972-10-16,0.3740378,0.19530523041284686
1972-11-16,0.07592798,-0.005768061848551498
1972-12-16,-0.74770516,0.16911053722736202
1973-01-16,-0.92504966,-0.22185699637697975
1973-02-15,-0.32624727,-0.024973602997286903
1973-03-16,0.3569651,-0.2888233176923082
1973-04-16,1.1890702,-0.0003177089520198795
1973-05-16,1.8603368,0.14781331609153087
1973-06-16,0.7271071,0.10878471824536866
1973-07-16,1.0356925,0.030509566945243538
1973-08-16,-0.6135112,0.20314596247418115
1973-09-16,-0.43070266,0.47049575628126683
1973-10-16,1.1779616,0.31290713268357423
1973-11-16,2.4681952,-0.08227115718089775
1973-12-16,0.16013166,-0.05331488725522138
1974-01-16,-1.0786456,-0.09448037233813333
1974-02-15,1.3542064,-0.005945870924741414
1974-03-16,-0.25572693,-0.08740977031232061
1974-04-16,0.7236544,0.14422906509415534
1974-05-16,-0.06753097,0.46220455942628913
1974-06-16,2.0621402,0.08494054461368894
1974-07-16,0.121683024,0.2211290818641659
1974-08-16,-1.2196592,0.07302415933809014
1974-09-16,1.3579468,0.20130547468255455
1974-10-16,-1.3605516,0.45637499319209374
1974-11-16,-0.88396364,0.3352043123510837
1974-12-16,-0.1366021,-0.15345062723323422
1975-01-16,1.4979312,-0.4965959876264845
1975-02-15,1.684588,0.22178741539559388
1975-03-16,0.43925852,0.005491328169284271
1975-04-16,0.1756411,0.3200618915373567
1975-05-16,0.8133291,0.2914776664468789
1975-06-16,-0.1173558,0.4071484205316014
1975-07-16,1.7012897,0.08877307283815995
1975-08-16,-1.052347,-0.12907835042423388
1975-09-16,0.6435472,0.46409308585214193
1975-10-16,-1.7634062,0.13760688811714505
1975-11-16,-0.32728258,-0.06461246570191848
1975-12-16,1.1432176,-0.19042067735991527
1976-01-16,-1.234606,-0.03439469887682223
1976-02-15,-0.3387029,0.38838774644155416
1976-03-16,0.3612331,-0.08160012597075511
1976-04-16,0.02186117,0.05902455315117568
1976-05-16,-0.46629637,0.3444875661968135
1976-06-16,0.11789361,0.1686727969740922
1976-07-16,1.0342315,0.32130185143557344
1976-08-16,0.3307486,-0.2690023166655928
1976-09-16,-0.7271807,0.4604866212643519
1976-10-16,0.27504063,-0.08799625123132793
1976-11-16,-0.3418666,0.010467248224187764
1976-12-16,-0.6214445,0.09230870718183914
1977-01-16,-0.015531758,-0.34784937358670565
1977-02-15,1.4669422,0.12768434896814934
1977-03-16,-0.79615843,0.035394832814851895
1977-04-16,-1.3123246,0.15799237906726693
1977-05-16,-0.5902994,0.1273267838128228
1977-06-16,0.9120469,0.06683768364038117
1977-07-16,-0.338246,0.3318871597055604
1977-08-16,0.6603627,-0.11761230688944002
1977-09-16,-1.3872046,0.2200110325717226
1977-10-16,1.7213428,0.025749465446797654
1977-11-16,-0.11087891,-0.0026128836934710686
1977-12-16,-0.65892166,-0.04266666252551765
1978-01-16,-0.4673526,-0.16221496902281266
1978-02-15,0.43463588,0.38305080076968223
1978-03-16,0.21551548,-0.20025008661919852
1978-04-16,-0.19082987,-0.12697050599911153
1978-05-16,0.44686356,0.10955194983097594
1978-06-16,-1.499663,0.3508413807965852
1978-07-16,0.041496973,0.1774069597824589
1978-08-16,0.29051793,-0.10047784028784101
1978-09-16,-1.0161793,-0.0751687176153717
1978-10-16,0.556369,0.3139897927896673
1978-11-16,-1.3780013,-0.031079117280753493
1978-12-16,-1.1847388,-0.1995144953461503
1979-01-16,-1.4922996,-0.3570225819465731
1979-02-15,0.9306873,0.2169594588342563
1979-03-16,-0.8407769,-0.12361310351114574
1979-04-16,1.5581825,-0.09460550633601056
1979-05-16,-0.355681,0.2410701413263337
1979-06-16,1.4001373,0.010238011330748753
1979-07-16,0.8078529,0.31654210544842887
1979-08-16,-0.20490758,0.06697968936483911
1979-09-16,0.4045879,-0.03329655561851408
1979-10-16,-0.22267061,0.29879456511446145
1979-11-16,0.13486402,-0.24239553989746332
1979-12-16,-2.1665921,-0.2765326889311064
1980-01-16,-0.94888616,-0.5253712573855713
1980-02-15,0.6040917,0.3568500582398171
1980-03-16,-0.03964662,-0.29330917131632506
1980-04-16,-0.25208685,0.22579050431315206
1980-05-16,1.2563435,0.08302601523628961
1980-06-16,0.99794185,0.3467039149301232
1980-07-16,-0.013899102,0.4138698441932159
1980-08-16,1.3642918,0.0077085134516368115
1980-09-16,0.67509604,0.09348208025724641
1980-10-16,-0.16977014,0.2565004593164154
1980-11-16,0.28206947,-0.03150635231482443
1980-12-16,0.8644071,-0.5362823819117422
1981-01-16,-0.63194746,-0.42255244746668297
1981-02-15,1.2847201,0.5280766897355471
1981-03-16,-0.57582086,-0.0703168846314011
1981-04-16,1.302042,0.06109504716217551
1981-05-16,1.6798835,0.3582572743066065
1981-06-16,-2.1320567,0.452122056605041
1981-07-16,0.10612793,0.2732259422146526
1981-08-16,-1.5815792,0.10964372289911317
1981-09-16,0.7934675,-0.03986210010674862
1981-10-16,-0.9524323,0.08302152571964455
1981-11-16,-1.5909013,-0.10676585758432894
1981-12-16,-1.453163,-0.2751427208700483
1982-01-16,-1.5210966,-0.6321270804419516
1982-02-15,0.23430872,0.4389831061881867
1982-03-16,0.19552447,-0.31993351034921735
1982-04-16,1.2146685,0.2660516876670538
1982-05-16,0.7823828,0.5370010835988379
1982-06-16,-0.55614233,-0.03304803882059426
1982-07-16,0.726714,0.2755666714155411
1982-08-16,-0.7971436,-0.18667178457244837
1982-09-16,0.44165656,0.18727989098027298
1982-10-16,0.276375,-0.029529148661582516
1982-11-16,-0.8675948,-0.33633873994615504
1982-12-16,-0.2672583,-0.4870791291745322
1983-01-16,-0.8932728,-0.6550189880699768
1983-02-15,-0.33870322,0.46310301969449474
1983-03-16,0.7349205,-0.15980311268040037
1983-04-16,-1.6628374,0.36225030035734906
1983-05-16,0.22883913,0.40318003463231283
1983-06-16,0.01779491,-0.12867546246600958
1983-07-16,0.33062077,0.2604755036290002
1983-08-16,0.48635155,-0.18740324479660897
1983-09-16,2.0574822,0.24194555382910848
1983-10-16,-1.3892192,0.19323557837134703
1983-11-16,-2.3946147,-0.28200683901293544
1983-12-16,0.2627451,-0.4773569878679743
1984-01-16,0.91722625,-0.7722750654890738
1984-02-15,1.9660805,0.380573198980795
1984-03-16,1.4769696,0.17205680448592464
1984-04-16,1.159335,0.16766240061478932
1984-05-16,0.34810644,0.56441836398152
1984-06-16,-0.35029244,0.07898599538389026
1984-07-16,1.5843116,0.31945073012786585
1984-08-16,-1.2595732,-0.024634025569467144
1984-09-16,-1.6424093,0.5209117192884498
1984-10-16,-1.5029069,-0.2794149615448174
1984-11-16,0.06375266,-0.8718857650230312
1984-12-16,1.1097566,-0.39402207432157166
1985-01-16,-1.0415821,-0.2906575442821838
1985-02-15,1.2241807,0.7669232492849078
1985-03-16,1.7423549,0.23892376987249975
1985-04-16,-0.15439734,0.345050578774005
1985-05-16,1.1427459,0.48312637385742163
1985-06-16,-2.3806255,-0.022214922813129034
1985-07-16,0.11002118,0.46184244511442074
1985-08-16,-0.17928925,-0.40067910540583374
1985-09-16,-1.2067902,-0.05712906152078845
1985-10-16,0.0026944946,-0.37147298748782154
1985-11-16,1.226481,-0.4671931991308077
1985-12-16,-0.108757205,-0.040874235315988994
1986-01-16,-0.98067015,-0.45534226553640444
1986-02-15,-0.30550614,0.7248880465551936
1986-03-16,0.4392586,0.3229142700932688
1986-04-16,0.1136931,0.08188547601677199
1986-05-16,-0.07458483,0.5059401223839977
1986-06-16,-0.9034083,-0.4697179948704324
1986-07-16,-0.65331084,0.3423354046666834
1986-08-16,-1.5615451,-0.28174126204210403
1986-09-16,-0.004314155,-0.17043835062960322
1986-10-16,-0.36949533,-0.2952134606369191
1986-11-16,-1.8965808,-0.22389578102326801
1986-12-16,-0.9099011,-0.2207307334940828
1987-01-16,-1.5603232,-0.705437080606905
1987-02-15,-1.9862041,0.35618202582014924
1987-03-16,-0.76145303,0.15865963649928122
1987-04-16,-0.9681836,-0.01776586113035175
1987-05-16,-0.67508835,0.22175046714408914
1987-06-16,0.0030982806,-0.5197276637270385
1987-07-16,-0.8236034,0.1680851431903818
1987-08-16,1.0732201,-0.48420903281223837
1987-09-16,1.5213839,0.045544349790985456
1987-10-16,0.6604971,-0.14726592906442587
1987-11-16,-1.0180147,-0.4082448287386957
1987-12-16,1.5571814,-0.21599167886360093
1988-01-16,-0.7610304,-0.6726149810735791
1988-02-15,0.8958509,0.17956500927739705
1988-03-16,0.4225398,0.21066623505775806
1988-04-16,-0.44251862,0.016628801347747357
1988-05-16,1.3775784,0.26015201232150975
1988-06-16,0.6165827,-0.28454032693703696
1988-07-16,0.68858963,0.18068187373186062
1988-08-16,1.3711828,0.0010048955282815353
1988-09-16,0.46687317,0.3873735484454828
1988-10-16,-2.4254262,0.01333977593258806
1988-11-16,0.45636287,-0.5875462882468376
1988-12-16,-0.35223714,-0.016068624809999932
1989-01-16,-0.89592075,-0.7314067579214284
1989-02-15,-1.4128938,0.39953370288786866
1989-03-16,-0.746581,0.14954465020627183
1989-04-16,-0.079007596,-0.16746717228657515
1989-05-16,-0.32881895,0.38574302707390973
1989-06-16,-0.9242586,-0.22522635552003334
1989-07-16,0.693591,0.20615297218467443
1989-08-16,-0.7265207,0.020681183666956926
1989-09-16,1.111625,0.20058643920825547
1989-10-16,-0.08594722,-0.5240753564634544
1989-11-16,-1.6691084,-0.31771799404610723
1989-12-16,-1.9093802,-0.0977090911013197
1990-01-16,-0.56640726,-0.840270228390023
1990-02-15,-1.5027761,-0.10355305273474813
1990-03-16,-0.28468257,-0.05277527497525791
1990-04-16,1.2244714,-0.09037912160801748
1990-05-16,-0.55051583,0.2741509225150641
1990-06-16,-1.4958204,-0.32242336199132604
1990-07-16,0.20830598,0.26954692842965183
1990-08-16,-2.4524493,-0.2470653345690177
1990-09-16,0.27199343,0.24417358090843366
1990-10-16,-0.3637164,-0.44417154076051424
1990-11-16,-0.87136495,-0.7135455152523689
1990-12-16,-1.6757714,-0.39386911772458166
1991-01-16,-1.1474296,-0.7333943746037607
1991-02-15,-1.6415582,-0.22233538850619872
1991-03-16,-1.0238969,-0.07334250154890229
1991-04-16,-0.5914237,0.07492043204088006
1991-05-16,2.1892781,0.06469947922455388
1991-06-16,0.32582417,-0.5013283827201369
1991-07-16,0.69692045,0.3831695042553628
1991-08-16,-0.26762384,-0.37470764146206603
1991-09-16,-1.2738113,0.354302882853603
1991-10-16,-0.83511096,-0.4006473257187153
1991-11-16,-1.2216324,-0.701855217727027
1991-12-16,-0.9141819,-0.6156517183103405
1992-01-16,-0.9144566,-0.8245878349680987
1992-02-15,-0.4677843,-0.34761580431977546
1992-03-16,-1.0263658,-0.139982391691979
1992-04-16,-1.359023,-0.04867273898877489
1992-05-16,-0.81271,0.48442362777435743
1992-06-16,-1.4862039,-0.44867747531556335
1992-07-16,0.4993225,0.19308136301938894
1992-08-16,-0.9135159,-0.4281212558795431
1992-09-16,-1.2627012,-0.0028057139113688567
1992-10-16,-1.5484754,-0.49894528595326065
1992-11-16,-0.77357155,-0.8200673430182512
1992-12-16,-0.26390412,-0.6116830340197336
1993-01-16,-0.65297174,-0.7929355442741329
1993-02-15,-1.2303109,-0.228349042472452
1993-03-16,0.86344963,-0.23347300914296365
1993-04-16,-0.46904346,-0.20449454811732748
1993-05-16,0.31166044,0.24154526036778612
1993-06-16,-0.2538575,-0.5235050159169435
1993-07-16,1.0719242,0.35257586015450554
1993-08-16,-1.2775419,-0.40778154132749445
1993-09-16,0.07160428,-0.08433725629200217
1993-10-16,0.92460465,-0.6180828516004815
1993-11-16,0.78650725,-0.6448767855872726
1993-12-16,1.5774716,-0.3091029845155482
1994-01-16,-1.8492318,-0.5421139416613194
1994-02-15,-0.32209736,-0.30980576210919275
1994-03-16,0.69124705,0.019912813504096016
1994-04-16,-1.1377865,-0.19272909914426967
1994-05-16,-0.52817684,0.32238701590278124
1994-06-16,0.78462285,-0.490462444384676
1994-07-16,-1.6459107,0.4324669272658481
1994-08-16,0.84858584,-0.6009063521596499
1994-09-16,-0.07235238,-0.00823578508549197
1994-10-16,-0.11428158,-0.28061358735990627
1994-11-16,-0.8763984,-0.36442952178047894
1994-12-16,-1.3115913,-0.12324264303235122
1995-01-16,-0.7003546,-1.0032463455736447
1995-02-15,1.1533797,-0.4132198916594666
1995-03-16,0.57393086,0.10517443808219051
1995-04-16,-0.0033806984,-0.2111310668282016
1995-05-16,-0.41946003,0.2595573039121485
1995-06-16,0.6575106,-0.237090088322087
1995-07-16,0.3583469,0.06449959013137385
1995-08-16,1.7907947,-0.23898099514568383
1995-09-16,0.1855255,0.10069984714454744
1995-10-16,-0.037987735,-0.21502470221805092
1995-11-16,0.21638645,-0.4953932985033965
1995-12-16,-0.14106041,-0.39310904084980003
1996-01-16,0.114089504,-0.7837526475377337
1996-02-15,-0.7139509,-0.018019577964092592
1996-03-16,-0.4969666,0.15572874089319416
1996-04-16,0.9432113,-0.23962156906497234
1996-05-16,-0.9480115,0.09895383792447643
1996-06-16,-0.20468776,-0.1527962529964494
1996-07-16,0.39683577,0.2154929949124585
1996-08-16,1.8311018,-0.02783490942025857
1996-09-16,-1.8434526,0.09389941691599313
1996-10-16,0.121960916,-0.25899992366436436
1996-11-16,1.4381224,-0.43697895549696275
1996-12-16,0.4308725,-0.29714495188278506
1997-01-16,-1.991748,-0.5471538202549274
1997-02-15,1.8105617,-0.22660545648733538
1997-03-16,-1.2475317,0.014192943697544425
1997-04-16,-0.7323462,-0.021892711525353548
1997-05-16,-2.9960072,-0.05289220552002116
1997-06-16,-0.0011049098,-0.4015549022318067
1997-07-16,0.31203005,0.0760245747838526
1997-08-16,0.045318127,0.12946574737697247
1997-09-16,0.45912692,-0.2905159438724474
1997-10-16,0.29501486,-0.20629976941176947
1997-11-16,0.26959214,-0.08637135966243181
1997-12-16,-0.5428449,-0.13516514241968625
1998-01-16,-0.65560126,-0.9420523745547642
1998-02-15,-1.7818309,0.11748180727274438
1998-03-16,-1.631809,-0.25833325976551447
1998-04-16,-2.033815,-0.35450565374781234
1998-05-16,-0.16227171,-0.6899850116458737
1998-06-16,0.11167469,-0.29144743838586884
1998-07-16,1.6398636,0.22533282267748841
1998-08-16,1.6996447,0.1693165257451864
1998-09-16,0.7008959,0.06697092374386998
1998-10-16,-0.33917195,-0.014004040977155685
1998-11-16,-0.02904356,-0.09570642491546971
1998-12-16,0.26810455,-0.2935359508240396
1999-01-16,0.44224542,-0.826268365682483
1999-02-15,1.2241808,-0.25109896658952646
1999-03-16,0.783428,-0.23002815701614998
1999-04-16,1.4545135,-0.33097996668665286
1999-05-16,-0.19816376,-0.09573514053003873
1999-06-16,-0.51974356,-0.008468623766719849
1999-07-16,-0.79250056,0.5229098137326913
1999-08-16,0.59598005,0.289111418293047
1999-09-16,1.4431052,-0.06201320536574462
1999-10-16,0.37664697,-0.2051377687708585
1999-11-16,2.3855872,-0.05983405159317099
1999-12-16,0.26167294,-0.01070297469822129
2000-01-16,1.0083458,-0.4749575876641886
2000-02-15,1.1186177,0.20222916083429365
2000-03-16,1.702724,0.030087033090124393
2000-04-16,1.6624398,0.10889720366654054
2000-05-16,-2.1619337,-0.09618884459730905
2000-06-16,0.53909343,-0.14990758562049067
2000-07-16,-0.99498755,0.15724195481411918
2000-08-16,-1.1518663,0.2356426671189223
2000-09-16,1.405268,0.13272283392295314
2000-10-16,1.3686675,-0.18231933498141223
2000-11-16,-0.001845704,0.3352619556575158
2000-12-16,1.2330213,-0.023692867015715935
2001-01-16,1.6588902,-0.33690965604789547
2001-02-15,-0.63057715,0.27009196223381005
2001-03-16,1.5321953,0.27294415466603494
2001-04-16,0.17105511,0.20602245671949526
2001-05-16,-1.5929389,-0.5718773872019114
2001-06-16,-0.88251287,-0.05814233076451136
2001-07-16,-0.86502206,-0.03368569051578396
2001-08-16,-1.5595421,-0.06046463597743279
2001-09-16,0.61926144,0.21611317661241336
2001-10-16,-0.49252763,0.01476394801555947
2001-11-16,-0.694185,0.023268758781103942
2001-12-16,-0.57278454,0.035528443446938285
2002-01-16,-1.7895393,-0.23101689942465575
2002-02-15,-1.4794201,-0.16365097935784706
2002-03-16,-1.1421374,0.14224421315147984
2002-04-16,0.25349212,-0.12645810920445433
2002-05-16,-0.8327525,-0.7711434256519615
2002-06-16,0.9863042,-0.27778841232805596
2002-07-16,-0.61380666,0.014420883418711172
2002-08-16,0.12441364,-0.1054444490698847
2002-09-16,0.557001,0.34702177877538026
2002-10-16,-0.7285324,-0.08074048808826928
2002-11-16,0.3243019,-0.04717642510949516
2002-12-16,1.0872309,-0.12746520784610077
2003-01-16,-0.8667995,-0.5117877426474786
2003-02-15,-0.5136901,-0.18915725018731022
2003-03-16,0.40573722,-0.01722468153202783
2003-04-16,-1.5070565,0.06497854719097743
2003-05-16,-0.95803046,-0.6894563655245713
2003-06-16,1.5708102,-0.06626405016605408
2003-07-16,2.0518951,-0.10201309380793666
2003-08-16,0.9424675,0.14354468271195625
2003-09-16,-0.584939,0.5515331512200533
2003-10-16,1.2552193,-0.07737018053305345
2003-11-16,0.3573664,0.0810438095936396
2003-12-16,-0.2247802,0.16737499240687514
2004-01-16,-0.9409405,-0.46621531595814003
2004-02-15,0.4161407,-0.24653297229843846
2004-03-16,-0.16945675,0.10902001307414882
2004-04-16,-1.9119121,-0.19895633909360377
2004-05-16,-1.8920053,-0.7406986260345513
2004-06-16,0.411162,0.06997247222406511
2004-07-16,1.1552427,0.20183894820000692
2004-08-16,-0.9016506,0.1497499072023074
2004-09-16,-0.4348337,0.19997038251908095
2004-10-16,-0.0015040748,0.08045329935547163
2004-11-16,-2.043274,0.019102047355130658
2004-12-16,-1.4080372,-0.10099039255078089
2005-01-16,-0.73463345,-0.7293850539949688
2005-02-15,-1.9641342,-0.23842327785767403
2005-03-16,-0.92500126,-0.06123093768408952
2005-04-16,-1.9044904,-0.5346821798253576
2005-05-16,1.1489689,-1.0365579591677214
2005-06-16,0.31179255,0.1350870038727019
2005-07-16,0.16999398,0.40970435880551404
2005-08-16,-0.9293457,-0.013340236395233629
2005-09-16,-1.5402364,0.08287709343023875
2005-10-16,0.18345252,-0.09185512743421768
2005-11-16,0.352895,-0.40055529309836224
2005-12-16,1.6750605,-0.2403755734791515
2006-01-16,0.26268503,-0.45697422103195545
2006-02-15,1.8665396,-0.2994043285869794
2006-03-16,0.6312451,0.08289634421983327
2006-04-16,-0.736556,-0.4165103037236224
2006-05-16,1.6551862,-0.3652946986754777
2006-06-16,1.1464672,0.250810981125
2006-07-16,-0.03579307,0.3892753072224161
2006-08-16,-0.34226242,-0.07503993043135682
2006-09-16,-0.16754402,-0.13059294085274442
2006-10-16,-1.1990753,0.02733877655193845
2006-11-16,-1.7445151,-0.11788080780924454
2006-12-16,-1.0812213,0.05920567724798076
2007-01-16,0.91543585,-0.592809489355719
2007-02-15,-1.52219,-0.012587215796930451
2007-03-16,1.0057905,0.06088915829756458
2007-04-16,0.94112355,-0.5106229955198794
2007-05-16,-1.103116,-0.16125439182742496
2007-06-16,0.24514669,0.41037942655385284
2007-07-16,0.78214747,0.2182014657205552
2007-08-16,0.18012966,-0.18431731466907933
2007-09-16,0.51118565,-0.008476567596533785
2007-10-16,0.28170818,-0.1096556561610098
2007-11-16,-1.4735117,-0.3339663772209711
2007-12-16,-0.7966878,-0.1424050491313843
2008-01-16,0.24671297,-0.3062032341385963
2008-02-15,0.639092,-0.40505553388726145
2008-03-16,0.8400759,0.24055743430579646
2008-04-16,-0.062981606,-0.16261253173845835
2008-05-16,-0.657608,-0.4075626081634547
2008-06-16,-0.034796715,0.2826388535208722
2008-07-16,0.3895343,0.3133075867226714
2008-08-16,-0.15197943,-0.116595470120616
2008-09-16,-0.34379822,0.044178661490281046
2008-10-16,2.8654835,-0.03353151233174467
2008-11-16,-0.111826755,-0.3993188539170638
2008-12-16,-1.2965208,-0.03571100341193456
2009-01-16,1.5935369,-0.15274294166084756
2009-02-15,-0.7389239,-0.08321215020920725
2009-03-16,2.0651104,0.2788839837709923
2009-04-16,0.9117994,-0.21252353121933673
2009-05-16,1.1965622,-0.3511829254184033
2009-06-16,-1.2108344,0.39775218031778603
2009-07-16,0.68190783,0.3763729492247287
2009-08-16,1.1133912,-0.13944008499062416
2009-09-16,-0.1758342,-0.04381848229587848
2009-10-16,-1.0178009,0.5254288826964317
2009-11-16,0.21073718,-0.37525933958953867
2009-12-16,-0.2817948,-0.40399237681540967
2010-01-16,-0.008235504,0.03897082939656116
2010-02-15,-1.1820838,-0.23182628655084692
2010-03-16,-1.3012304,0.501617568518991
2010-04-16,-0.96219754,-0.22345441281261902
2010-05-16,-1.1629997,-0.320690488114195
2010-06-16,1.0342052,-0.14740262174713603
2010-07-16,0.42770836,0.3450928609591441
2010-08-16,-0.3723596,0.1283560430503382
2010-09-16,-1.3853964,-0.01751425399860282
2010-10-16,-1.0560012,-0.03401840216504903
2010-11-16,0.76151824,-0.40726537476293795
2010-12-16,0.9782736,-0.3288046930419568
2011-01-16,1.957985,0.018249565093149275
2011-02-15,-1.4520897,-0.20042602949729504
2011-03-16,1.9587734,0.22008857280703542
2011-04-16,-1.4243239,-0.2542960942232789
2011-05-16,-0.62019,-0.426655130868849
2011-06-16,0.38947508,0.24299744594871975
2011-07-16,0.32319474,0.31473712470341997
2011-08-16,0.6884285,-0.05425200412247555
2011-09-16,-0.6522407,-0.23837369403306385
2011-10-16,0.73320216,-0.04456912674071645
2011-11-16,0.43518424,-0.09838720249929744
2011-12-16,1.0828788,-0.010611964401892826
2012-01-16,1.9078164,0.3943429365116964
2012-02-15,0.4493688,-0.3838604508211705
2012-03-16,1.5706557,0.6860203108741347
2012-04-16,2.0463398,-0.33455355561628397
2012-05-16,0.7042311,-0.24432107717977036
2012-06-16,-1.6420289,0.40531970443941734
2012-07-16,-0.4352917,0.41481155438742584
2012-08-16,0.36097053,-0.004006344943850659
2012-09-16,0.5131036,-0.3684222578378484
2012-10-16,-1.20186,0.15074877438793033
2012-11-16,-0.45833486,-0.08132328156770174
2012-12-16,1.3143523,0.019693173839926192
2013-01-16,1.1218469,0.44271460742657953
2013-02-15,2.4276364,-0.21041459491812442
2013-03-16,-1.8878335,0.7912690825540891
2013-04-16,1.6009601,0.09605716869131142
2013-05-16,-0.4342308,-0.19401769299182603
2013-06-16,-0.3116918,-0.1422227325684442
2013-07-16,-0.40013033,0.25458484626795014
2013-08-16,0.45897508,0.0619031996909189
2013-09-16,-0.83541185,-0.1332944739967118
2013-10-16,0.5326516,-0.17272329120644558
2013-11-16,-0.09482842,-0.1834779866656363
2013-12-16,0.03308385,0.23801078362175776
2014-01-16,-0.8641528,0.5119414032790983
2014-02-15,-2.5237386,0.06973915403480424
2014-03-16,-1.7056847,-0.05009647649130966
2014-04-16,-1.7830719,-0.08373422937562802
2014-05-16,0.92634463,-0.5486096899813017
2014-06-16,-0.17694747,-0.14142431927045082
2014-07-16,-0.5971752,0.16925962591748028
2014-08-16,1.218233,0.17435106502549347
2014-09-16,-1.2848976,-0.27987649898773614
2014-10-16,-0.891027,0.037218005273384536
2014-11-16,-0.21362208,-0.19859259470987017
2014-12-16,1.3167543,0.03572083420378402
2015-01-16,-1.1659348,0.2302614164562531
2015-02-15,-1.7062995,-0.46632015417003414
2015-03-16,-1.8901874,-0.1251432864286568
2015-04-16,1.0157197,-0.44121065411995963
2015-05-16,-1.212813,-0.16498451447618656
2015-06-16,0.27554002,-0.08326209226217904
2015-07-16,-0.27661985,0.07084467112290871
2015-08-16,1.0662472,0.2830551566918943
2015-09-16,-0.22559956,-0.38689741583600323
2015-10-16,-1.0701162,-0.11874222100653908
2015-11-16,0.630828,-0.16391771191543789
2015-12-16,-1.0718186,0.3235532876244571
2016-01-16,-0.10390386,0.010854163926852012
2016-02-15,0.053492565,-0.5947388714449438
2016-03-16,-2.0940585,-0.3030912924916944
2016-04-16,-1.8731083,0.03236642592555139
2016-05-16,0.40939325,-0.48350764841962757
2016-06-16,-0.07282902,-0.12513048890568873
2016-07-16,1.3143253,0.02247576299417925
2016-08-16,-0.3817922,0.4675530534740975
2016-09-16,0.73382354,-0.28334941981385586
2016-10-16,-0.62295246,-0.21988552114264281
2016-11-16,-1.0604028,-0.017439034584923796
2016-12-16,1.1863842,0.006642358435347884
2017-01-16,1.788054,0.07743417631734753
2017-02-15,-0.042985413,-0.2891151477824955
2017-03-16,0.54383796,-0.34153522755973786
2017-04-16,0.1985614,-0.23181447415999124
2017-05-16,-1.6296134,-0.0802657270180544
2017-06-16,-2.0113506,-0.026082168643117805
2017-07-16,0.77568316,0.14451115255265323
2017-08-16,0.12611496,0.0735519332722126
2017-09-16,0.9081557,-0.1872731904019187
2017-10-16,-1.8783958,-0.2057983493632652
2017-11-16,1.0938294,-0.2497128910879819
2017-12-16,-0.91097146,0.30802088885679046
2018-01-16,1.9088563,0.3692208897005753
2018-02-15,1.1039821,-0.30986334146005207
2018-03-16,-1.3741925,-0.11671543055224431
2018-04-16,-0.93615246,-0.05360975333608703
2018-05-16,-0.3483473,-0.4948754421951389
2018-06-16,0.36570236,-0.4505216522246638
2018-07-16,-0.115982816,0.3014941051954744
2018-08-16,-1.2995098,0.27203081820881
2018-09-16,0.016247002,-0.07460126641003628
2018-10-16,0.5476498,-0.623016113428287
2018-11-16,-0.8475646,0.030997721980127624
2018-12-16,0.8587949,0.0648596952568693
2019-01-16,0.5564168,0.5959242672248268
2019-02-15,-1.6987089,-0.10959164172544944
2019-03-16,-1.845414,-0.49403675007466097
2019-04-16,-1.8000717,-0.4395852189298598
2019-05-16,1.593709,-0.5269977714534224
2019-06-16,0.4190233,-0.17095877268665904
2019-07-16,-0.3258985,0.2804431155691968
2019-08-16,-1.2336262,0.06404951008325255
2019-09-16,-0.07854994,-0.13440994805434772
2019-10-16,-0.8924581,-0.34136127564512275
2019-11-16,-2.1327136,-0.25142758509941143
2019-12-16,-1.6118199,0.14784215528546163
2020-01-16,-1.7869424,0.30217759887422646
2020-02-15,0.37889078,-0.7081721641109612
2020-03-16,-1.6723624,-0.771432348954608
2020-04-16,1.0566502,-0.571853724423472
2020-05-16,-2.0632737,0.03258049409221475
2020-06-16,2.3949103,-0.096779853756505
2020-07-16,0.5485781,0.16992540532254408
2020-08-16,-0.103194505,-0.07837113466378232
2020-09-16,0.63608974,0.029961091547304447
2020-10-16,-1.3864932,-0.3892717255783821
2020-11-16,0.6395814,-0.47931657180010445
2020-12-16,0.48885465,-0.11348899801278689
2021-01-16,0.43577117,0.13650615705073
2021-02-15,-1.8118558,-0.1645979179451421
2021-03-16,0.15525906,-0.7174253663031533
2021-04-16,0.08155166,-0.16435202766667567
2021-05-16,1.67169,-0.4802930616574026
2021-06-16,0.38947514,0.3230047683499224
2021-07-16,0.072925106,0.2315671799792256
2021-08-16,0.9350134,-0.07131067989002006
2021-09-16,-0.59516174,0.04404918055854634
2021-10-16,-1.6110437,-0.5546203169909131
2021-11-16,0.7220069,-0.17334497057203135
2021-12-16,-0.4516132,0.08517559186413565
2022-01-16,-1.5184798,0.22640265971982398
2022-02-15,0.9463713,-0.27171605166141655
2022-03-16,-0.023318982,-0.6780326638271026
2022-04-16,1.9801927,-0.25201816319325365
2022-05-16,1.4731803,-0.36661527465242105
2022-06-16,0.3756219,0.18576292367099861
2022-07-16,-0.4456442,0.20829901859080305
2022-08-16,-1.0265143,-0.07369548297362329
2022-09-16,0.10224666,0.004244382293175426
2022-10-16,-0.31177333,-0.5010866259187371
2022-11-16,-0.19781643,-0.23526632460149
2022-12-16,2.1750348,0.0511062548516365
2023-01-16,1.3670915,0.2239559220515522
2023-02-15,0.7045504,-0.2757368568250754
2023-03-16,-1.0707661,-0.679253536545539
2023-04-16,-1.4917122,-0.25201816319325365
2023-05-16,0.15544674,-0.36661527465242105
2023-06-16,1.0260051,0.18576292367099861
2023-07-16,1.4943606,0.20829901859080305
2023-08-16,0.29051793,-0.07369548297362329
2023-09-16,1.5016822,0.004244382293175426
2023-10-16,-1.1137542,-0.5010866259187371
2023-11-16,0.35214856,-0.23526632460149
2023-12-16,0.82492423,0.0511062548516365
