time,spei,spei_predicted,pre,tmp
1901-01-16,0.27088398,,7.1,23.2
1901-02-15,0.329965,,12.900001,25.0
1901-03-16,-0.20549527,,32.7,28.2
1901-04-16,-0.005046189,,86.8,30.1
1901-05-16,0.21100718,,232.5,28.7
1901-06-16,0.34069377,,265.80002,29.0
1901-07-16,-0.08699285,,244.8,28.4
1901-08-16,0.061642643,,321.5,27.9
1901-09-16,0.009068207,,271.5,27.800001
1901-10-16,0.3155834,,81.3,27.0
1901-11-16,0.43401283,,11.7,24.800001
1901-12-16,0.33306432,,3.4,22.300001
1902-01-16,0.24017581,0.43435902224343725,7.1,22.0
1902-02-15,1.0903487,0.8481877848032132,12.900001,22.5
1902-03-16,0.020923095,0.057537287504944884,32.7,28.1
1902-04-16,-0.14864744,-0.0008536663748718067,86.8,29.9
1902-05-16,0.21100718,0.1992941546887492,232.5,29.0
1902-06-16,0.2958303,0.23954539376498768,265.80002,29.4
1902-07-16,-0.08699285,-0.1004398126370507,244.8,28.9
1902-08-16,0.107371695,0.08693050763174763,321.5,28.2
1902-09-16,-0.035759714,-0.0351982681408337,271.5,27.6
1902-10-16,0.3155834,0.17952464562719642,81.3,27.300001
1902-11-16,0.6313482,0.5898503420295604,11.7,25.0
1902-12-16,-0.1430467,-0.1014612983953376,3.4,23.6
1903-01-16,0.5347576,0.4223498972825014,7.1,22.800001
1903-02-15,0.028644523,0.3063420269609806,12.900001,24.300001
1903-03-16,0.020923095,-0.03777119499378098,32.7,28.4
1903-04-16,-0.09229158,0.04509526476889581,86.8,30.5
1903-05-16,0.21100718,0.07669744328848759,232.5,29.7
1903-06-16,0.38506493,0.33126200655433136,265.80002,28.300001
1903-07-16,-0.13938698,-0.14477213822076868,244.8,28.5
1903-08-16,0.1498009,0.16077929028652935,321.5,27.6
1903-09-16,0.049479406,0.2138752998122179,271.5,27.300001
1903-10-16,0.30482563,0.15472166036249466,81.3,26.7
1903-11-16,0.6313482,0.5724412607686521,11.7,23.6
1903-12-16,1.9233787,1.3694619877493575,3.4,19.4
1904-01-16,0.76205206,0.6392878557329991,7.1,20.7
1904-02-15,0.54183614,0.46279487629902,12.900001,23.1
1904-03-16,-0.05873833,0.006524393995558963,32.7,27.6
1904-04-16,0.08153581,0.306693385129168,86.8,28.9
1904-05-16,0.21100718,0.11231875113723903,232.5,28.9
1904-06-16,0.34069377,0.3200802834943485,265.80002,28.7
1904-07-16,-0.08699285,-0.09275666396932329,244.8,28.6
1904-08-16,0.061642643,0.11789321928766827,321.5,28.4
1904-09-16,0.009068207,-0.04317175575402982,271.5,28.2
1904-10-16,0.3155834,0.13412391566167672,81.3,27.5
1904-11-16,0.43401283,0.3888029355651819,11.7,24.1
1904-12-16,0.7492515,0.7728605287886755,3.4,21.300001
1905-01-16,0.24017581,0.40033186894524925,7.1,22.9
1905-02-15,0.104020275,-0.0713080007362859,12.900001,26.2
1905-03-16,0.020923095,-0.01643422142938168,32.7,28.2
1905-04-16,-0.005046189,-0.006714745097255212,86.8,30.2
1905-05-16,0.21100718,0.20978049830950396,232.5,29.2
1905-06-16,0.28938183,0.3257555610284426,265.80002,28.7
1905-07-16,-0.08699285,-0.10278600435601554,244.8,28.800001
1905-08-16,0.107371695,0.057001785203363534,321.5,28.800001
1905-09-16,-0.035759714,-0.08145712326410828,271.5,28.300001
1905-10-16,0.23987682,0.1742906136730657,81.3,27.7
1905-11-16,0.21877326,0.3211469682908815,11.7,25.4
1905-12-16,-0.6622633,-0.5948146787064855,3.4,25.5
1906-01-16,-0.03584643,0.0449776503473772,7.1,24.5
1906-02-15,-0.48218462,-0.3555311161359018,12.900001,26.5
1906-03-16,0.020923095,-0.08090195776552192,32.7,28.300001
1906-04-16,-0.09229158,-0.08982361427418242,86.8,31.0
1906-05-16,0.117761016,0.00854445073571045,232.5,30.4
1906-06-16,0.34069377,0.2882550122350254,265.80002,29.300001
1906-07-16,-0.13938698,-0.13379016843864217,244.8,29.1
1906-08-16,0.107371695,0.07025645527767327,321.5,28.800001
1906-09-16,-0.03141813,-0.057637141523724386,271.5,28.7
1906-10-16,0.3155834,0.2565288516175562,81.3,27.1
1906-11-16,0.43401283,0.44026155599795885,11.7,24.1
1906-12-16,-0.16099519,0.1550508827784951,3.4,22.6
1907-01-16,0.5347576,0.43862417732677617,7.1,22.5
1907-02-15,0.329965,0.15796734108122468,12.900001,25.1
1907-03-16,-0.05873833,0.025062442910348322,32.7,27.300001
1907-04-16,0.08153581,0.08235403466266115,86.8,29.6
1907-05-16,0.14947587,0.21462966623702878,232.5,28.5
1907-06-16,0.34069377,0.32159716613597134,265.80002,28.800001
1907-07-16,-0.08699285,-0.09464580034558108,244.8,28.6
1907-08-16,0.061642643,0.012756490174986425,321.5,27.800001
1907-09-16,0.009068207,-0.04055650626001327,271.5,28.1
1907-10-16,0.3155834,0.22168640646739873,81.3,27.1
1907-11-16,0.43401283,0.3875404056391307,11.7,25.0
1907-12-16,1.1041503,0.9805815935724602,3.4,20.5
1908-01-16,0.24017581,0.4285685846049809,7.1,22.5
1908-02-15,0.329965,0.20555982316511692,12.900001,24.6
1908-03-16,0.1576847,0.11133153202358048,32.7,27.800001
1908-04-16,-0.005046189,0.054258892979192855,86.8,29.9
1908-05-16,0.21100718,0.20871844076060328,232.5,28.7
1908-06-16,0.28938183,0.3161926034318243,265.80002,28.7
1908-07-16,-0.08699285,-0.09464580034558108,244.8,28.6
1908-08-16,0.107371695,0.033025830565522704,321.5,27.9
1908-09-16,0.009068207,-0.02839663099051627,271.5,28.0
1908-10-16,0.3155834,0.23375641516857754,81.3,27.300001
1908-11-16,0.41923952,0.5391066938863465,11.7,23.5
1908-12-16,0.7492515,0.6566691735081137,3.4,22.1
1909-01-16,0.5347576,0.4485182749375128,7.1,22.7
1909-02-15,0.028644523,0.16495371379805124,12.900001,25.0
1909-03-16,0.1576847,0.05453320330561094,32.7,27.9
1909-04-16,-0.005046189,0.1208652670923588,86.8,29.800001
1909-05-16,0.21100718,0.2076477957070877,232.5,28.7
1909-06-16,0.34069377,0.3128639657510378,265.80002,28.800001
1909-07-16,-0.13938698,-0.09704058858641391,244.8,28.300001
1909-08-16,0.107371695,0.008854620277204659,321.5,28.2
1909-09-16,0.009068207,-0.03752253254218964,271.5,28.1
1909-10-16,0.3155834,0.2382450954933972,81.3,27.5
1909-11-16,0.6313482,0.543398778717167,11.7,23.9
1909-12-16,0.33306497,0.5416366727944905,3.4,21.2
1910-01-16,0.5347576,0.4342170782957979,7.1,23.0
1910-02-15,0.54183614,0.4327875505858281,12.900001,23.9
1910-03-16,0.2906435,0.183575863459644,32.7,26.9
1910-04-16,0.08153581,0.24141315517526837,86.8,29.4
1910-05-16,0.14947587,0.21409611540418427,232.5,28.800001
1910-06-16,0.34069377,0.31174279615580747,265.80002,28.800001
1910-07-16,-0.08699285,-0.0817575400214248,244.8,28.7
1910-08-16,0.061642643,0.1656487180550388,321.5,28.2
1910-09-16,0.009068207,0.0587270477089409,271.5,27.4
1910-10-16,0.22626258,0.2873069058699344,81.3,27.0
1910-11-16,0.43401283,0.3670282754412391,11.7,24.6
1910-12-16,0.7492515,0.7090386113599718,3.4,20.800001
1911-01-16,1.6416695,1.698802044225639,29.7,22.1
1911-02-15,-0.16055618,-0.038462150409090304,7.0,24.1
1911-03-16,-0.6101192,-0.466327809354773,17.6,27.6
1911-04-16,0.83202857,0.6223414575484046,112.9,29.7
1911-05-16,-0.7830114,-0.5816257723469769,172.7,29.0
1911-06-16,0.2569948,0.286925804087462,263.80002,28.9
1911-07-16,-1.3418244,-1.4057854734387543,165.3,28.7
1911-08-16,-1.897434,-1.6451449061957415,186.7,28.7
1911-09-16,0.9942033,0.8558876916110144,344.4,28.300001
1911-10-16,-0.06783121,-0.037581597690739266,67.4,27.5
1911-11-16,-1.0670079,-1.0389655448791963,1.2,26.300001
1911-12-16,-0.54869336,-0.4910851682903437,1.2,23.7
1912-01-16,0.1122687,0.007503668495004244,2.8,22.7
1912-02-15,-0.62838197,-0.7494408282461164,1.8000001,25.0
1912-03-16,-0.068765976,-0.03538891282763003,30.9,28.5
1912-04-16,0.066130936,0.19088821743478263,93.700005,30.0
1912-05-16,0.28371575,0.05616522520813823,242.5,30.0
1912-06-16,-0.51906246,-0.6782537916288456,215.6,29.300001
1912-07-16,0.8617726,0.8434241375830547,309.80002,28.300001
1912-08-16,0.19046788,0.22649507555641207,327.0,27.6
1912-09-16,-1.9397321,-1.7852487933801975,121.6,27.7
1912-10-16,-0.49251357,-0.44925464125981984,52.4,26.7
1912-11-16,1.5672073,1.261652370468253,30.0,23.300001
1912-12-16,-0.19705448,-0.039225906811641495,0.3,22.0
1913-01-16,-0.059547123,-0.0995608231780349,1.3000001,22.1
1913-02-15,0.40730205,0.2913519123519567,13.900001,25.0
1913-03-16,-1.2036779,-1.2657694622723963,6.2000003,27.800001
1913-04-16,-0.7101065,-0.7291195407478702,64.3,30.1
1913-05-16,0.9491347,0.9269366194768817,283.4,28.5
1913-06-16,-1.6580282,-1.4459819984382596,150.2,28.6
1913-07-16,-0.90168804,-0.8269151271620391,191.7,27.7
1913-08-16,0.58773345,0.5607364919785576,351.7,27.6
1913-09-16,-0.2444932,-0.3046059214752226,254.0,27.800001
1913-10-16,-0.9700507,-0.7385890571231571,38.5,26.800001
1913-11-16,1.320342,1.2431417958362803,24.1,23.9
1913-12-16,1.2283807,1.1243708542180033,7.3,21.9
1914-01-16,0.24017628,0.18294767290664438,4.2000003,21.300001
1914-02-15,-0.55510545,-0.4376251173523946,5.4,25.2
1914-03-16,1.0228558,0.9718899550423862,57.5,27.800001
1914-04-16,-1.2675865,-1.2137437747266275,45.7,29.800001
1914-05-16,-0.49296203,-0.6671844564933372,193.3,29.7
1914-06-16,-1.4803013,-1.4032574121287282,164.0,28.6
1914-07-16,0.1771563,0.3066174940993068,261.1,28.1
1914-08-16,-1.1387602,-0.9712918398223055,240.90001,27.6
1914-09-16,-1.8325213,-1.701771411869311,131.5,27.6
1914-10-16,0.4299222,0.5001614850325943,85.6,26.7
1914-11-16,1.6817347,1.75969112039378,39.0,24.9
1914-12-16,1.0688585,0.917560148297228,8.7,22.800001
1915-01-16,-0.16929163,-0.2329240820131632,0.4,22.5
1915-02-15,-0.74801713,-0.6844582637131033,3.3,25.800001
1915-03-16,-0.36504206,-0.3357134482650949,22.300001,28.0
1915-04-16,0.013568452,0.11628984671789139,89.1,29.6
1915-05-16,0.12611422,-0.0010578215304729022,227.40001,28.7
1915-06-16,-0.23898084,-0.13317860054324052,231.40001,28.9
1915-07-16,-0.8199327,-0.9039577163799433,199.7,28.300001
1915-08-16,-1.7197869,-1.551828412115803,200.0,28.2
1915-09-16,0.12283433,0.16878115626752443,282.5,27.5
1915-10-16,2.249228,1.8343258733662664,180.7,26.7
1915-11-16,1.1009499,0.9538402709493563,19.6,23.6
1915-12-16,0.6223607,0.6563864528464721,2.4,19.7
1916-01-16,0.22982948,0.09794369570279877,1.1,21.2
1916-02-15,-0.0137622915,0.057957475981662634,8.7,24.5
1916-03-16,1.0838889,1.024264395324117,57.600002,28.1
1916-04-16,-1.2445141,-1.089644328181727,43.7,29.7
1916-05-16,-1.0726836,-0.9407424174585698,157.8,28.9
1916-06-16,0.35024342,0.4117799297090404,266.4,28.5
1916-07-16,-0.23290417,-0.32030873643690894,235.90001,28.6
1916-08-16,0.29318786,0.30119219215464565,333.9,27.9
1916-09-16,0.46504438,0.42056307101887025,303.7,27.7
1916-10-16,-0.85553986,-0.7631044652005491,42.7,26.6
1916-11-16,0.47778493,0.4117441623354503,9.5,23.6
1916-12-16,0.48894575,0.5262165993379035,1.6,21.1
1917-01-16,-0.1568453,-0.12911424091064805,0.5,22.1
1917-02-15,-0.72957665,-0.7804605623917219,0.7,24.4
1917-03-16,-0.119122446,0.0831603794603686,31.5,27.2
1917-04-16,-1.4293787,-1.4087829294185068,37.2,29.800001
1917-05-16,-0.8922594,-0.8039891578028825,165.8,29.2
1917-06-16,-0.09083102,-0.002813665296795796,243.1,28.300001
1917-07-16,-0.11153936,-0.020736675880459295,243.3,28.300001
1917-08-16,0.51947093,0.4647633741408632,352.6,27.6
1917-09-16,0.83106583,0.8512839553991214,331.30002,27.4
1917-10-16,1.0513481,0.9725550280939684,111.200005,26.300001
1917-11-16,-0.5995438,-0.47643250926315245,2.9,24.300001
1917-12-16,0.33306494,0.41299706258399643,0.6,21.1
1918-01-16,-0.16929163,-0.14930168214461137,0.4,22.4
1918-02-15,1.515018,1.5775228008953333,29.5,23.4
1918-03-16,1.1015315,0.9455068063981713,55.3,27.300001
1918-04-16,0.36529547,0.3850614932026044,100.700005,28.800001
1918-05-16,-0.24383494,-0.32645103248653995,202.6,28.2
1918-06-16,-0.6618779,-0.5541324177663361,207.6,28.7
1918-07-16,-2.1432865,-1.8205711174593564,105.0,29.0
1918-08-16,0.37225214,0.3172172678174262,339.30002,28.0
1918-09-16,0.5361256,0.5491985542247192,312.0,28.300001
1918-10-16,-1.0721563,-1.0703748015642267,31.4,27.300001
1918-11-16,-0.3302018,-0.4906372423821545,5.4,25.4
1918-12-16,-0.681269,-0.5867299182938074,0.5,23.5
1919-01-16,-0.5441883,-0.571720377582111,0.4,23.300001
1919-02-15,0.66329765,0.6809796903953009,24.0,25.2
1919-03-16,-0.34433216,-0.3427504080540097,25.5,28.6
1919-04-16,-0.6324077,-0.4711636999996772,66.8,29.9
1919-05-16,-1.069653,-1.0114243337194395,158.0,29.300001
1919-06-16,0.2942187,0.23513095783686275,262.9,28.6
1919-07-16,0.30101016,0.3558538267480296,268.9,28.300001
1919-08-16,-0.4982289,-0.471497653880599,282.6,28.1
1919-09-16,-1.8314233,-1.7146921879876402,131.6,27.6
1919-10-16,-1.0774884,-1.0877570781384003,34.5,27.0
1919-11-16,0.19463435,0.18372263266776476,8.6,24.6
1919-12-16,-0.21516486,-0.23884026823254584,0.2,22.6
1920-01-16,0.30109912,0.16038103433828493,1.8000001,21.7
1920-02-15,-0.36464855,-0.4731924771214871,4.7000003,24.800001
1920-03-16,-0.088865645,0.23788102281594994,35.0,28.1
1920-04-16,0.35348293,0.27975252808451473,95.8,29.5
1920-05-16,0.13446233,0.045396082762775035,227.90001,29.1
1920-06-16,0.0663746,0.0709888266436374,249.1,28.800001
1920-07-16,0.46100917,0.44969834814449483,279.2,28.4
1920-08-16,-0.862218,-0.7353708272383539,262.2,28.2
1920-09-16,0.76821727,0.7762785223730639,326.4,28.0
1920-10-16,0.61294514,0.6587492255361193,92.700005,26.6
1920-11-16,0.8840821,1.1254759743507252,21.6,25.1
1920-12-16,-0.10732109,-0.010184490381936653,0.8,22.6
1921-01-16,1.0229094,1.307791115165937,19.7,22.9
1921-02-15,-0.030827055,0.1274847532649347,8.5,24.4
1921-03-16,0.15768479,0.14167486469828777,35.5,28.0
1921-04-16,0.78173393,0.4784202995018833,118.4,30.2
1921-05-16,-0.018112924,-0.13437928792998982,218.8,28.800001
1921-06-16,-1.4633695,-1.368366797747588,161.8,29.0
1921-07-16,0.9291797,0.8803768369315744,311.5,28.1
1921-08-16,-1.3724453,-1.2288844624748212,224.90001,28.2
1921-09-16,1.0099986,1.0897498708070041,348.80002,27.5
1921-10-16,-1.2015353,-1.1476708472290171,26.5,26.6
1921-11-16,-0.46319133,-0.36979550323113636,1.2,24.2
1921-12-16,0.60785997,0.2979230833893449,5.2000003,22.5
1922-01-16,0.48151103,0.36505233648496016,9.3,23.4
1922-02-15,-1.521657,-1.2541699946311233,1.6,26.1
1922-03-16,1.2705503,0.9934779411582441,60.3,27.7
1922-04-16,-0.75339967,-0.6988190726441351,62.9,29.800001
1922-05-16,-0.7782166,-0.9448259009636966,175.8,29.800001
1922-06-16,-0.5511785,-0.7274478954320592,213.8,29.1
1922-07-16,-0.5714855,-0.5402661824020569,218.40001,28.300001
1922-08-16,-0.3945515,-0.37244724961976616,289.2,28.1
1922-09-16,0.5901761,0.629356323272048,312.9,28.0
1922-10-16,-0.9754614,-0.9543609491703164,38.3,27.1
1922-11-16,0.9707161,0.8967286963257924,20.0,24.300001
1922-12-16,-0.19705522,-0.13473631551869963,0.3,21.9
1923-01-16,1.0415194,0.9899083739487112,16.800001,23.300001
1923-02-15,1.1919904,1.0753570463247866,25.9,24.4
1923-03-16,-0.19528735,-0.16802118117587367,32.9,28.5
1923-04-16,1.4705244,1.2292390427339301,142.90001,29.4
1923-05-16,-0.23542038,-0.13903139138571496,205.90001,28.4
1923-06-16,1.5431274,1.555807586313045,359.7,28.5
1923-07-16,-1.6503673,-1.5692682166335132,143.3,28.0
1923-08-16,-0.17971556,-0.22057191542370344,305.9,27.5
1923-09-16,-2.073147,-1.8836262457623985,111.700005,28.1
1923-10-16,0.32363853,0.3321259470368133,84.4,27.300001
1923-11-16,0.27428624,0.15751726829688167,12.400001,25.7
1923-12-16,-0.21516486,-0.4263868251479341,0.2,23.1
1924-01-16,0.22982939,0.4250167343345807,9.900001,23.6
1924-02-15,-0.89582014,-0.991410445536874,1.7,25.2
1924-03-16,0.35096383,0.2818624071006366,39.600002,28.300001
1924-04-16,0.4501306,0.59705471647155,103.6,29.5
1924-05-16,-0.03325836,0.016062762744130384,220.7,29.5
1924-06-16,0.8720207,0.9813146162964806,305.1,28.800001
1924-07-16,0.29471064,0.2805332614834466,268.5,27.9
1924-08-16,1.2935277,1.226960435926892,411.80002,28.0
1924-09-16,-0.42642856,-0.48113942059117093,247.40001,28.2
1924-10-16,-0.23737693,-0.3176456303637764,61.4,26.800001
1924-11-16,-0.7288612,-0.6668186954958079,1.3000001,25.5
1924-12-16,0.44301984,0.33102380751855714,4.1,21.9
1925-01-16,0.18788098,0.01361166516926458,0.7,22.1
1925-02-15,-0.43682432,-0.4058213773849821,4.7000003,23.7
1925-03-16,-0.77774036,-0.7936380465363545,14.400001,27.9
1925-04-16,0.27008793,0.29018903499766224,90.200005,28.300001
1925-05-16,-0.58532774,-0.5872410415660558,184.90001,28.9
1925-06-16,0.54084677,0.4151308907331341,278.7,28.800001
1925-07-16,-0.38715473,-0.499036405512335,229.7,28.6
1925-08-16,-0.019755267,-0.11872371466541426,313.2,28.300001
1925-09-16,-0.47090065,-0.643944959841906,238.3,28.1
1925-10-16,-0.40473285,-0.4625668575156918,55.5,26.6
1925-11-16,-0.63907003,-0.6081276036399228,2.2,25.300001
1925-12-16,-0.39888266,-0.14668930904777167,2.1000001,21.800001
1926-01-16,-0.52990466,-0.5127692844335896,0.5,23.4
1926-02-15,-0.13437518,-0.05144427924546298,7.3,24.9
1926-03-16,0.20085812,0.45317862198079906,38.0,27.7
1926-04-16,-0.40979615,-0.36429458122156544,73.9,30.1
1926-05-16,-1.5216758,-1.4945324145775971,122.9,29.7
1926-06-16,0.70686287,0.720541198609376,290.0,28.800001
1926-07-16,0.4410644,0.47466089007867956,277.9,28.6
1926-08-16,-0.025927085,0.11741213143811423,315.80002,27.9
1926-09-16,-0.34287226,-0.5088966533475993,250.0,28.5
1926-10-16,0.10810816,0.10172419349443486,73.700005,26.6
1926-11-16,-0.6291658,-0.6149447066359301,2.3,25.2
1926-12-16,0.7629515,0.475528269731699,6.3,22.800001
1927-01-16,0.19845274,0.21987048273667442,9.6,23.0
1927-02-15,1.5010881,1.3123977694619224,32.0,24.800001
1927-03-16,-0.8562142,-0.5188930923361493,12.900001,27.6
1927-04-16,1.2823423,1.1382964517501057,131.40001,28.9
1927-05-16,1.787203,1.571377149048996,346.0,28.6
1927-06-16,-0.46915287,-0.39101080832147433,221.6,28.9
1927-07-16,0.32458013,0.37173906365240894,273.2,28.6
1927-08-16,-1.7143619,-1.4846909675412712,200.40001,28.300001
1927-09-16,-0.8510116,-0.8236191928665456,214.3,27.7
1927-10-16,1.6473343,1.3892764457276627,141.40001,26.800001
1927-11-16,-0.7188279,-0.48679833601088957,4.6,25.300001
1927-12-16,-0.73839766,-0.6560180325313819,0.2,23.300001
1928-01-16,-0.3236608,-0.5658028365379711,4.8,24.4
1928-02-15,2.1691213,1.8892887376118213,53.3,24.5
1928-03-16,0.099510364,0.1253227239173894,34.3,28.4
1928-04-16,2.2709682,1.5301049348791869,188.90001,29.9
1928-05-16,0.6133211,0.6174901844316416,257.4,29.1
1928-06-16,0.61097795,0.5343639734978223,283.4,28.4
1928-07-16,-0.6539201,-0.6238511995290389,213.3,28.5
1928-08-16,-1.1831867,-1.0812527520701867,237.90001,28.1
1928-09-16,-0.52519786,-0.5366921546925543,237.3,28.300001
1928-10-16,-0.5856063,-0.5791292680320648,46.3,26.0
1928-11-16,-0.36783576,-0.3875744724942191,2.2,24.300001
1928-12-16,-1.3130109,-0.8886281035302219,0.2,23.4
1929-01-16,-0.52990466,-0.646186215172561,0.5,23.9
1929-02-15,0.71857256,0.6883213815372975,21.0,25.1
1929-03-16,1.153636,1.084933864820844,56.8,27.6
1929-04-16,0.43851575,0.39979373255168804,98.700005,29.1
1929-05-16,-1.4750378,-1.2937938247840297,132.90001,29.4
1929-06-16,0.17996353,0.18339840225990817,255.90001,28.9
1929-07-16,0.27419627,0.37469608332402343,267.2,28.4
1929-08-16,0.050935138,0.05197175077618428,320.80002,28.1
1929-09-16,-0.8249881,-0.834972374210417,213.1,28.1
1929-10-16,-0.7367044,-0.5184729716006694,46.5,27.4
1929-11-16,-0.4152911,-0.4496181094769908,1.7,24.6
1929-12-16,0.033157986,-0.049925025660515085,4.4,23.6
1930-01-16,-0.119886845,0.12856649745973042,3.9,22.4
1930-02-15,-0.3466894,-0.2019780086474339,7.7000003,25.1
1930-03-16,0.5305493,0.5454673668433809,38.0,27.0
1930-04-16,-0.869986,-0.8097153559043897,59.100002,29.9
1930-05-16,0.42403367,0.29943383805437357,245.5,28.9
1930-06-16,0.3486534,0.2886378023375799,269.5,28.9
1930-07-16,-0.06737521,-0.09624028318060493,248.8,28.7
1930-08-16,-1.177279,-1.0837495481935082,238.3,27.9
1930-09-16,0.7474858,0.5412597813904942,324.80002,28.0
1930-10-16,-1.2067593,-1.3696575080285889,26.300001,27.1
1930-11-16,-0.7792317,-0.5485999387616513,4.0,25.300001
1930-12-16,0.015820824,-0.19661496611123072,1.5,23.300001
1931-01-16,-0.3637176,-0.44882897616456435,1.7,23.4
1931-02-15,-0.22206727,-0.11924835492004796,15.8,25.7
1931-03-16,-0.53687245,-0.6996363029376802,21.800001,28.6
1931-04-16,0.24001846,0.2744148311930002,102.3,31.1
1931-05-16,-1.4362155,-1.302689562452912,131.90001,30.1
1931-06-16,0.14847113,0.1034607401269804,256.80002,29.800001
1931-07-16,1.037655,1.0173165204738528,322.80002,28.800001
1931-08-16,0.4813572,0.3442377260274296,346.9,28.4
1931-09-16,-0.32409286,-0.48951403012805933,248.5,27.800001
1931-10-16,-0.38204783,-0.335096190105713,56.3,26.4
1931-11-16,-0.3772905,-0.43730842185453384,2.1000001,24.6
1931-12-16,-0.7574735,-0.4988674067564672,0.2,23.0
1932-01-16,-0.16929163,-0.18130348706979812,0.4,22.0
1932-02-15,0.1781013,0.1592087982714369,8.2,24.2
1932-03-16,-1.2753625,-1.3978951408004638,4.8,27.4
1932-04-16,0.6374972,0.4826534807209522,108.5,30.0
1932-05-16,-0.38309285,-0.47052509813950494,206.6,30.300001
1932-06-16,-0.6815164,-0.7697476086977315,206.5,29.300001
1932-07-16,1.151343,1.1830791210831182,328.4,28.5
1932-08-16,-1.3796164,-1.2449515168616172,224.40001,28.7
1932-09-16,0.9340257,0.8989496084416316,339.5,27.9
1932-10-16,0.63809913,0.46097674316176857,97.0,26.800001
1932-11-16,0.6514617,0.6173662909184598,17.6,25.9
1932-12-16,0.26850474,0.25589937919190164,0.2,21.800001
1933-01-16,-0.5874452,-0.3238269453664149,0.4,22.5
1933-02-15,0.045502886,0.06560719174307382,12.2,25.5
1933-03-16,-1.4125109,-1.420250499658802,4.9,28.1
1933-04-16,-0.750313,-0.7521870788724256,63.0,30.1
1933-05-16,-0.25224724,-0.26094992441030057,204.90001,29.2
1933-06-16,-0.87210333,-0.7865420163880257,199.0,29.1
1933-07-16,1.9649948,1.8672967219099075,403.6,28.4
1933-08-16,-1.005399,-1.0628475619608668,249.8,28.2
1933-09-16,0.8677983,0.8054571122040034,334.2,28.300001
1933-10-16,-0.904818,-1.0666026359448475,37.600002,27.2
1933-11-16,1.1923586,1.136018428559886,27.300001,24.4
1933-12-16,-0.21516486,-0.24626114367073648,0.2,23.0
1934-01-16,0.22982948,0.11125405689092624,1.1,22.0
1934-02-15,0.71172863,0.4881903368517757,18.1,24.800001
1934-03-16,0.10925306,0.07824061474126458,31.7,27.6
1934-04-16,-0.94283766,-0.6550118354493936,58.4,29.4
1934-05-16,0.151143,0.014107078010872857,231.7,29.800001
1934-06-16,0.9580679,0.9251896042176545,308.4,28.9
1934-07-16,1.4114128,1.3304358645924137,353.1,28.4
1934-08-16,1.7750748,1.668517333776003,461.1,28.2
1934-09-16,1.0938146,1.018649668034941,358.7,28.4
1934-10-16,-0.52923965,-0.56303857716412,48.3,26.5
1934-11-16,0.65812284,0.5979739963344992,14.900001,25.0
1934-12-16,0.41200227,0.6113802165850633,3.9,21.6
1935-01-16,-0.5441883,-0.5551361970072193,0.4,23.5
1935-02-15,0.6910852,0.672383014658978,20.6,25.7
1935-03-16,-0.62059176,-0.5141655459849057,20.2,28.6
1935-04-16,0.31789115,0.27660197690719823,97.4,30.0
1935-05-16,1.1717676,1.1963096309844017,302.2,29.5
1935-06-16,-0.27768338,-0.3136083568045991,229.2,29.0
1935-07-16,0.617692,0.6683062427472637,289.6,28.5
1935-08-16,-0.33013704,-0.3050889269228945,293.30002,28.0
1935-09-16,1.2965262,1.205898121816829,370.4,27.800001
1935-10-16,0.5850923,0.4907008896572471,97.8,27.9
1935-11-16,0.17842646,0.07730043410100325,11.2,25.9
1935-12-16,0.16937979,-0.028519409378705608,2.4,22.800001
1936-01-16,0.16656616,0.02122745185236013,0.5,21.9
1936-02-15,0.93409485,0.6848275594534212,21.5,24.6
1936-03-16,-0.12923579,-0.08280264141740265,28.4,27.0
1936-04-16,-1.8387848,-1.663848491246971,24.800001,30.1
1936-05-16,1.6545151,1.585586217607221,334.2,29.2
1936-06-16,0.9788047,0.9412855059500501,313.2,28.7
1936-07-16,1.3707317,1.3120792814266906,346.4,28.4
1936-08-16,-2.2245135,-1.89260994282321,161.2,28.0
1936-09-16,0.4622927,0.31254783302653777,303.5,27.6
1936-10-16,-1.1252835,-1.0862340883636412,26.6,26.1
1936-11-16,-1.656395,-1.3738106920566093,1.5,25.4
1936-12-16,-1.6370705,-1.6525179875851896,1.1,23.9
1937-01-16,-1.4591951,-1.3906219412608083,0.4,23.2
1937-02-15,1.278132,0.998913331336482,30.300001,25.5
1937-03-16,-1.5231408,-1.4614138276050475,19.5,28.6
1937-04-16,0.5334737,0.526617710839867,115.200005,30.5
1937-05-16,1.013598,0.8460406585279973,275.80002,28.4
1937-06-16,-1.1608045,-1.0885849802823406,176.6,28.6
1937-07-16,1.1117853,1.0163912376950563,319.7,28.1
1937-08-16,1.0439568,1.0576250999025076,387.1,27.800001
1937-09-16,-0.36451977,-0.2759494602622515,243.0,27.800001
1937-10-16,-1.1858364,-0.9505603530744937,38.3,27.1
1937-11-16,1.3695892,1.2886977574537888,28.0,25.6
1937-12-16,-0.6053703,-0.49216698543724174,1.0,23.4
1938-01-16,-0.5441883,-0.7413481473194731,0.4,23.2
1938-02-15,-0.88657326,-0.7708919979049546,5.6,25.0
1938-03-16,-1.1779873,-1.3273173584547784,17.9,27.4
1938-04-16,0.27608427,0.2811525623016932,90.4,29.300001
1938-05-16,1.5974936,1.5166423956056387,324.30002,27.9
1938-06-16,1.7790352,1.8178071829357922,376.5,28.0
1938-07-16,1.187869,1.2054184721658632,322.9,27.4
1938-08-16,-0.6126045,-0.6383980154775059,272.5,27.9
1938-09-16,0.4264094,0.5003236054473871,295.30002,27.7
1938-10-16,0.25617695,0.3677418303756715,79.5,26.7
1938-11-16,-0.43439868,-0.4209816162965952,1.5,23.6
1938-12-16,-0.19705522,-0.22398359344037758,0.3,22.6
1939-01-16,-0.47344196,-0.480481726123651,0.90000004,22.300001
1939-02-15,0.61394465,0.5114181194799216,25.1,25.1
1939-03-16,0.60401785,0.7968335067201988,49.8,27.800001
1939-04-16,-0.20830275,-0.0034599623010457894,80.3,29.1
1939-05-16,-0.14445359,-0.24138137754715666,211.3,28.6
1939-06-16,-0.8721034,-0.9281409631137846,193.0,28.300001
1939-07-16,-1.3778938,-1.4492275749397006,157.2,28.2
1939-08-16,0.009508759,0.06313118175804663,312.30002,27.7
1939-09-16,1.3967863,1.3711049524672314,376.80002,27.6
1939-10-16,-0.16092505,-0.14926798869507263,69.700005,27.0
1939-11-16,1.4044231,1.4048650176971302,29.0,25.6
1939-12-16,0.69365555,0.6653415943700933,0.2,19.1
1940-01-16,-1.4591951,-1.3567817537791145,0.4,20.5
1940-02-15,-0.68352586,-0.8536659544019011,4.0,24.800001
1940-03-16,-1.9800004,-2.048469816630208,1.8000001,27.800001
1940-04-16,-1.8646482,-1.754498523457071,37.100002,30.300001
1940-05-16,-0.4995883,-0.4872763598721465,195.7,29.4
1940-06-16,-0.758229,-0.7405166601007906,205.0,29.0
1940-07-16,-1.6814907,-1.6103785188231077,138.2,28.5
1940-08-16,-0.072331294,0.012538102845854129,307.0,27.7
1940-09-16,-0.6343507,-0.6702946755798047,232.8,28.300001
1940-10-16,0.052570198,0.06912309747049251,82.9,27.800001
1940-11-16,-1.0774488,-1.0868692302098182,0.7,25.6
1940-12-16,-1.274744,-1.0754112479601128,0.2,23.5
1941-01-16,-1.4221343,-1.4899021654873785,6.2000003,25.800001
1941-02-15,-1.3386663,-1.0563492388085005,9.400001,26.2
1941-03-16,-0.26183885,-0.24255696941071103,41.100002,29.0
1941-04-16,0.5731459,0.3690418368388527,114.6,30.6
1941-05-16,0.9520239,0.9631093566344083,289.4,29.6
1941-06-16,-0.16547836,-0.22938803108377778,235.6,29.2
1941-07-16,-2.089217,-1.8508629980584768,112.6,29.0
1941-08-16,1.2208433,1.152049298703936,402.4,28.2
1941-09-16,-1.3153465,-1.281703368650746,181.3,28.4
1941-10-16,-0.16658135,-0.02479822164624833,70.1,27.300001
1941-11-16,-0.9425575,-1.0224705326167864,2.0,25.6
1941-12-16,-0.71933776,-0.7460247522598458,0.3,23.6
1942-01-16,-1.8755599,-1.7487122128232595,1.1,23.2
1942-02-15,-1.4486008,-1.3649121196774658,4.1,25.9
1942-03-16,0.346357,0.425814997081525,46.9,28.9
1942-04-16,1.5584519,1.2282938336094738,150.0,29.800001
1942-05-16,0.6600098,0.5756677029758298,260.4,29.0
1942-06-16,1.2514338,1.2008290762529388,332.4,28.800001
1942-07-16,-0.9157442,-0.9890166994689313,190.8,28.2
1942-08-16,0.934239,0.9045731733569161,383.9,27.7
1942-09-16,0.1386056,0.20731990727238664,286.1,28.1
1942-10-16,-0.37637523,-0.34687587028315203,62.100002,27.300001
1942-11-16,-0.058050428,0.197657359634385,8.400001,25.5
1942-12-16,-0.0015815892,-0.021987463123470653,1.4,22.7
1943-01-16,-3.15674,-2.704031081304773,0.0,22.2
1943-02-15,-1.2191291,-1.3702618849310484,3.8,24.6
1943-03-16,0.9072931,0.7145632949114383,58.4,28.300001
1943-04-16,1.246159,1.0768449357166052,134.3,29.1
1943-05-16,0.0071129077,0.053641460255851856,228.7,29.2
1943-06-16,-0.7118573,-0.5411700381062319,210.40001,28.7
1943-07-16,0.5894634,0.7092107366345101,290.5,28.4
1943-08-16,-0.21254224,-0.21634913509007828,303.6,27.7
1943-09-16,0.18008459,0.19439093967514084,292.30002,27.9
1943-10-16,-1.8792326,-1.8749471966808375,4.5,27.5
1943-11-16,0.9017467,0.8844298056144775,21.6,24.7
1943-12-16,-0.5864519,-0.6142007619400208,1.0,22.300001
1944-01-16,-2.11946,-2.0260677684263912,0.0,23.7
1944-02-15,-1.0899769,-0.7594706167671514,12.1,25.5
1944-03-16,-0.88755876,-0.8621339843166632,26.300001,28.5
1944-04-16,-0.21459025,-0.014412236669383401,94.1,30.2
1944-05-16,0.9635589,0.9893002452238471,286.30002,28.5
1944-06-16,-1.0030371,-0.792694755010016,199.6,28.5
1944-07-16,-1.1063603,-1.055021844041766,187.3,28.4
1944-08-16,0.64392847,0.6302159491587648,361.4,27.800001
1944-09-16,-1.0748128,-1.076227727889177,194.5,28.1
1944-10-16,-0.039726164,-0.02633772986131643,80.4,27.2
1944-11-16,0.7554948,0.4292627551236563,22.0,24.9
1944-12-16,-0.6812695,-0.7145760597526518,0.6,21.1
1945-01-16,0.9784386,0.8750923533878312,21.4,22.800001
1945-02-15,0.8124337,0.4940487241626703,22.4,25.300001
1945-03-16,-2.5419152,-2.425190471020084,6.4,27.5
1945-04-16,0.20375028,0.3209602942827967,99.200005,29.4
1945-05-16,-0.634422,-0.39385614874617964,190.3,28.7
1945-06-16,2.0352044,1.9382173374495386,418.9,28.7
1945-07-16,-0.17710102,-0.25082502719130984,242.1,28.7
1945-08-16,-0.6578832,-0.47660801117785484,281.2,28.1
1945-09-16,0.58075815,0.6685408567082958,323.4,27.9
1945-10-16,-0.24304679,-0.20183927459229628,64.0,26.5
1945-11-16,0.5905329,0.5216137802381539,19.5,25.800001
1945-12-16,-0.41748765,-0.42089240629719776,1.9,22.9
1946-01-16,-0.92361736,-0.975805198801164,1.1,21.9
1946-02-15,-0.2930365,-0.3588806181179492,13.900001,24.7
1946-03-16,0.28596565,0.06523386457036195,38.2,28.7
1946-04-16,1.0107765,0.9681899911608369,125.5,29.1
1946-05-16,1.6990799,1.6449173703653246,332.5,28.5
1946-06-16,-0.9465331,-0.9431470854984012,200.6,29.0
1946-07-16,-1.6367702,-1.5325630541898634,152.7,28.5
1946-08-16,-1.2302697,-0.9501507374417466,237.5,28.0
1946-09-16,-0.7226383,-0.5594033530625073,229.40001,27.9
1946-10-16,0.2751415,0.21462207921838844,88.200005,26.9
1946-11-16,-1.3739284,-1.2977061418136773,0.7,25.300001
1946-12-16,-2.8862693,-2.656459974186858,0.2,24.300001
1947-01-16,1.1814433,0.9407733405049116,30.4,25.300001
1947-02-15,-0.8773269,-0.6700158318013144,14.400001,25.4
1947-03-16,0.070172705,0.11678362823324755,47.7,27.9
1947-04-16,1.3135917,1.2032690947972045,132.8,28.9
1947-05-16,-0.117486455,-0.3171570180259554,221.3,29.5
1947-06-16,-0.94653296,-0.9805793511240554,194.40001,28.800001
1947-07-16,-0.5129737,-0.5805769295503234,224.90001,28.4
1947-08-16,0.53489774,0.5942646528969386,353.5,28.1
1947-09-16,-0.8345883,-0.7231858251804751,218.0,28.2
1947-10-16,-0.80045366,-0.841207319429983,44.2,27.300001
1947-11-16,-0.6988028,-0.6074618635976908,1.6,24.5
1947-12-16,-1.3130109,-1.1665633573817742,0.2,22.6
1948-01-16,-0.9721207,-0.9873684821996909,0.4,22.300001
1948-02-15,0.3533579,0.3741271402998292,21.6,25.9
1948-03-16,-1.1625508,-0.9191446766044599,17.2,28.4
1948-04-16,1.2575204,1.1279672678011865,130.3,29.0
1948-05-16,1.2652537,1.2354588139162153,309.2,28.6
1948-06-16,-0.8916235,-0.9077895776624707,200.3,28.9
1948-07-16,0.9684399,0.8233651441578032,314.4,28.1
1948-08-16,0.041746084,0.22570046041458333,320.2,28.1
1948-09-16,0.30912977,0.34130928273646316,295.30002,28.0
1948-10-16,-0.38771996,-0.3546594010436593,58.9,27.2
1948-11-16,-0.70880836,-0.6054023632190791,1.5,23.5
1948-12-16,-0.7765634,-0.9181918804613632,2.8,23.5
1949-01-16,-1.1047534,-1.08985426348872,0.0,21.5
1949-02-15,-0.013762373,0.04599840397920876,14.3,24.7
1949-03-16,-0.46900764,-0.5377927309514752,31.5,28.6
1949-04-16,0.61523193,0.582262281216331,102.1,29.2
1949-05-16,-0.3997988,-0.4014552982789604,198.90001,28.9
1949-06-16,-2.5086818,-1.9707162153797235,111.9,29.300001
1949-07-16,1.6428926,1.5470149820733727,373.7,28.4
1949-08-16,1.1413954,1.1581430086534277,398.2,28.0
1949-09-16,1.5019602,1.4804124639999003,386.80002,28.1
1949-10-16,0.13022639,0.0574901500251231,74.5,27.300001
1949-11-16,1.7743088,1.5641738167798966,38.8,25.1
1949-12-16,0.94661593,0.5842849720484623,10.5,23.300001
1950-01-16,-2.11946,-2.1087342560549045,0.0,22.9
1950-02-15,-2.04656,-1.8898651095520314,1.6,24.300001
1950-03-16,-1.0021746,-0.9325700311492873,21.300001,28.300001
1950-04-16,-1.5292041,-1.2735328165657502,36.4,29.4
1950-05-16,0.087651886,0.15596528527231843,227.90001,28.800001
1950-06-16,0.80521685,0.8127789186872558,294.2,28.2
1950-07-16,-0.81677026,-0.7048471673884628,203.1,28.2
1950-08-16,0.05246551,0.09795031350065127,320.7,28.2
1950-09-16,0.10704415,0.07889640724326001,281.1,27.800001
1950-10-16,1.5194398,1.335382684119746,128.7,26.9
1950-11-16,0.6110389,0.6107269409305977,17.0,25.300001
1950-12-16,0.30093932,0.4294922832809844,0.3,21.0
1951-01-16,1.544905,1.5105701127307682,21.300001,22.1
1951-02-15,-1.1084483,-1.009717171151532,7.8,24.7
1951-03-16,0.020922624,0.019335792766350092,38.3,27.7
1951-04-16,0.22493072,0.301570021514243,99.9,29.9
1951-05-16,-0.028209003,-0.03316562976846581,221.90001,28.800001
1951-06-16,0.6168758,0.5499081072152534,275.4,28.0
1951-07-16,0.7157447,0.7007783073456758,296.30002,28.1
1951-08-16,-1.7481868,-1.5371517831121382,198.0,28.0
1951-09-16,0.90168357,0.922158798705417,336.9,28.0
1951-10-16,1.6066531,1.5224140324451565,139.5,26.9
1951-11-16,0.35161844,0.3927817015383058,10.6,25.4
1951-12-16,0.7216125,0.632830802627083,0.4,22.300001
1952-01-16,-1.6311023,-1.5413873404853966,0.0,23.0
1952-02-15,-1.0899771,-1.0811866366220353,5.2000003,26.0
1952-03-16,2.2163048,1.7036577361554563,92.4,27.800001
1952-04-16,-1.4545063,-1.1440303288891223,44.7,29.4
1952-05-16,-0.25392947,-0.35816281111812504,210.40001,29.6
1952-06-16,0.25048837,0.27939885629251127,263.4,28.6
1952-07-16,-0.60064614,-0.7094226398715747,210.6,28.2
1952-08-16,1.353554,1.3821452318225622,411.80002,27.5
1952-09-16,0.4952262,0.5394971335379147,303.1,27.6
1952-10-16,0.6205079,0.5225983418109426,87.4,26.9
1952-11-16,-0.5700596,-0.3712381206326066,6.1,25.2
1952-12-16,-0.21516486,-0.2305675415173991,0.2,20.9
1953-01-16,1.740656,1.7133866285196453,26.6,23.0
1953-02-15,1.9023482,2.0005196000567316,33.3,24.5
1953-03-16,-0.8248412,-0.8339348702548084,19.1,27.6
1953-04-16,0.103058144,0.3111496538771038,92.0,29.300001
1953-05-16,-0.0972629,-0.17379238030277774,208.5,28.5
1953-06-16,1.4389261,1.3979672505194247,346.7,28.300001
1953-07-16,-0.29037008,-0.26038108560339535,235.6,28.4
1953-08-16,-0.76510435,-0.6835655801023108,262.7,27.9
1953-09-16,0.43885428,0.3970808314578638,301.80002,27.7
1953-10-16,-0.54898804,-0.43160460962670727,56.0,27.7
1953-11-16,0.56288207,0.6116633958027766,13.5,25.1
1953-12-16,-0.700295,-0.4822958990039198,0.5,22.300001
1954-01-16,1.0166472,0.8032736349383788,19.2,24.2
1954-02-15,0.5271885,0.32803156240325543,18.300001,24.800001
1954-03-16,-1.1882688,-1.0289064087695745,9.3,26.7
1954-04-16,-0.7780609,-0.7443394336357159,70.5,30.2
1954-05-16,1.1157305,1.1263359754196822,295.2,28.800001
1954-06-16,-0.58866674,-0.53090530212884,214.5,28.6
1954-07-16,-1.8483751,-1.6204889298389253,131.2,28.5
1954-08-16,0.6925619,0.6446363703791135,359.4,27.7
1954-09-16,1.3219123,1.3325600630640462,369.9,27.300001
1954-10-16,-0.28558743,-0.21890314650506923,68.8,26.4
1954-11-16,-1.1824312,-1.3786434561828431,2.5,24.0
1954-12-16,-0.12515545,-0.09070259331146932,0.7,21.2
1955-01-16,-1.1047534,-1.0479076383982329,0.0,20.4
1955-02-15,-1.3019319,-1.280231070165364,5.7000003,25.2
1955-03-16,-0.79344577,-0.6862446314206627,27.2,27.800001
1955-04-16,0.7089722,0.6836958847554581,108.3,28.6
1955-05-16,-0.846588,-0.7044573947275442,171.5,28.9
1955-06-16,1.7398852,1.7652633270290374,377.9,27.800001
1955-07-16,-1.0881718,-1.1304699087377308,182.40001,28.300001
1955-08-16,-0.5358821,-0.4539593848682268,277.4,27.5
1955-09-16,-0.1299451,-0.03912434706349574,267.5,27.9
1955-10-16,-1.7296618,-1.4942296008226332,13.7,26.6
1955-11-16,-0.5995438,-0.4100877830757892,2.9,23.1
1955-12-16,-1.274744,-1.1707967470354212,0.2,20.800001
1956-01-16,-1.0378299,-0.992556752342215,0.0,20.7
1956-02-15,1.3905256,1.065252054607998,32.5,25.4
1956-03-16,-0.22082919,-0.23099545770609736,33.5,28.300001
1956-04-16,0.48480412,0.5063631224065909,101.9,29.1
1956-05-16,1.1046853,0.9384141112030909,279.5,27.9
1956-06-16,0.17334977,0.038949472229218324,255.5,28.2
1956-07-16,0.7774141,0.567238400205666,300.6,27.9
1956-08-16,0.8382507,0.8877607569190801,367.7,27.4
1956-09-16,-0.11109482,-0.0016831721623468618,269.2,27.5
1956-10-16,-1.422015,-1.0032353560177458,26.300001,26.4
1956-11-16,-1.0774488,-1.1423296694800493,0.7,23.2
1956-12-16,-0.7383982,-0.7070083838411537,0.3,21.300001
1957-01-16,-1.1216782,-1.0187710689782243,2.3,22.7
1957-02-15,-0.39165238,-0.14744951164076744,7.2000003,23.9
1957-03-16,1.5995783,1.3103871261484012,68.5,27.1
1957-04-16,-0.92771417,-0.7869000236192522,60.0,29.300001
1957-05-16,-1.059031,-1.0590279566315275,173.2,30.0
1957-06-16,0.146808,0.18967510734718265,253.90001,28.6
1957-07-16,-0.083722025,-0.19844237458720454,245.0,28.4
1957-08-16,-0.32385564,-0.23606123084711234,293.7,28.1
1957-09-16,-0.009720726,0.012490206533896705,273.0,27.800001
1957-10-16,-0.5122968,-0.3652187384536406,55.0,26.6
1957-11-16,-1.0461574,-1.1014879977746215,3.8,25.300001
1957-12-16,-1.274744,-1.3569411645443927,0.2,23.300001
1958-01-16,1.9938158,1.879929691562891,40.7,23.0
1958-02-15,0.9340947,1.0262307671332642,18.7,24.0
1958-03-16,-1.1882693,-0.9986145281704542,19.6,29.2
1958-04-16,-1.1893624,-1.235392707113102,59.600002,30.7
1958-05-16,-1.6159835,-1.6397634588862982,129.90001,30.4
1958-06-16,0.07649264,0.1810807035477602,255.8,29.0
1958-07-16,-0.33468485,-0.42192749241170124,226.90001,28.4
1958-08-16,0.060113713,0.10118323281234132,321.4,27.800001
1958-09-16,0.43747246,0.3907379588137933,298.9,27.7
1958-10-16,-0.6613802,-0.6499175276146462,46.4,26.7
1958-11-16,-1.4708914,-1.326573747254194,0.3,23.7
1958-12-16,-1.274744,-1.2226767804980618,0.2,21.2
1959-01-16,-1.0212901,-1.03347112602846,0.1,22.1
1959-02-15,0.29061636,0.25940579072429104,18.0,25.5
1959-03-16,0.80600107,0.5261193437637941,44.600002,26.4
1959-04-16,-0.34681252,-0.286700411579817,80.5,30.0
1959-05-16,0.49953392,0.432799097861451,255.8,29.0
1959-06-16,-1.5762672,-1.6125232272572185,163.5,29.4
1959-07-16,0.8198421,0.7905662958279536,300.80002,28.1
1959-08-16,-1.528339,-1.2035457378142056,211.1,27.9
1959-09-16,2.6135387,2.3031109136389314,520.60004,27.4
1959-10-16,-1.7462327,-1.5887856970250394,15.8,26.800001
1959-11-16,-1.1193187,-1.1882304652634528,3.1000001,25.5
1959-12-16,-1.2364511,-1.2452745904575657,0.4,24.300001
1960-01-16,-0.60199934,-0.496451066380266,5.6,23.1
1960-02-15,-1.1453724,-1.2812052933830824,5.7000003,24.300001
1960-03-16,0.45536023,0.4149372133232274,47.5,28.9
1960-04-16,-1.6326147,-1.6897028830536363,41.0,30.4
1960-05-16,-1.0055733,-0.9121514463900161,168.0,29.4
1960-06-16,-0.47449702,-0.5851246802345572,223.7,28.9
1960-07-16,0.18515567,0.15168231945428673,261.6,28.300001
1960-08-16,0.6179927,0.6458609235250474,353.9,28.1
1960-09-16,0.30772176,0.1895414486740201,292.4,27.800001
1960-10-16,0.17153616,0.2509893692110495,73.5,26.800001
1960-11-16,-0.146706,-0.36654267320637984,4.6,25.800001
1960-12-16,-0.07182903,-0.24098230870405796,1.0,21.800001
1961-01-16,-0.84422815,-0.7788632031595213,1.2,21.9
1961-02-15,0.4603408,0.49339444802223004,11.8,24.6
1961-03-16,0.60401785,0.9137420436968506,46.9,27.9
1961-04-16,-0.061066996,0.14690552001225438,85.0,29.9
1961-05-16,0.88059205,0.8193710373997362,272.2,28.6
1961-06-16,1.3793565,1.430610273158738,341.1,28.6
1961-07-16,-1.4108474,-1.5055889518300143,157.7,28.5
1961-08-16,0.56001425,0.5601465387488977,352.6,27.9
1961-09-16,1.4276879,1.4976901897897332,376.9,27.5
1961-10-16,1.0623926,0.9017450496283562,111.700005,26.9
1961-11-16,-1.503398,-1.3843607332844106,0.0,25.2
1961-12-16,-0.70029444,-0.6798514426694555,0.4,23.1
1962-01-16,0.2910815,0.31807193296118574,1.8000001,20.6
1962-02-15,-1.4851525,-1.4151733668332842,0.90000004,23.7
1962-03-16,-0.678213,-0.5758817322455904,19.1,27.6
1962-04-16,0.32086545,0.339367777172475,105.0,29.9
1962-05-16,0.692426,0.7110325799072506,265.30002,28.9
1962-06-16,-1.1224102,-1.0868804023032006,184.40001,28.5
1962-07-16,0.4055947,0.4425419553423681,275.6,28.300001
1962-08-16,0.91928697,0.8473744730797351,379.7,27.800001
1962-09-16,1.5174041,1.4129631179228024,391.30002,27.6
1962-10-16,0.23171161,0.1910383945482542,83.8,26.9
1962-11-16,0.5489239,0.6550077414866262,18.9,24.7
1962-12-16,-0.83390695,-0.7948357116217223,2.5,22.1
1963-01-16,-0.21971564,-0.3759775060678823,0.0,19.5
1963-02-15,-1.0622598,-0.9314072996991974,3.7,23.7
1963-03-16,0.29998377,0.289515061789598,38.5,27.1
1963-04-16,-0.33421278,-0.2811698710167079,81.9,29.300001
1963-05-16,-1.2756779,-1.2783272287296263,157.2,30.300001
1963-06-16,0.98910797,1.0538945378249036,310.80002,28.7
1963-07-16,1.3175001,1.2813660294846223,339.30002,27.800001
1963-08-16,0.33872646,0.2980580864655358,337.0,27.9
1963-09-16,-0.808497,-0.8386768402788517,214.3,28.1
1963-10-16,0.66060066,0.6336790479858392,97.9,26.800001
1963-11-16,1.9825686,1.687647792843041,45.4,25.9
1963-12-16,0.28476015,0.30390978302647553,3.1000001,22.300001
1964-01-16,-1.0378299,-1.0718600229934465,0.0,22.9
1964-02-15,-0.9605583,-1.0113398760284213,3.8,24.5
1964-03-16,-0.4169453,-0.27824307435890794,31.5,27.7
1964-04-16,-0.02058222,0.06842389325675761,91.9,30.1
1964-05-16,2.179815,2.0431929948338987,378.9,28.2
1964-06-16,-0.83834684,-0.7782501553786156,200.5,28.7
1964-07-16,0.08707758,0.100277511618693,258.30002,28.4
1964-08-16,-0.6235437,-0.4756352886890983,277.6,28.0
1964-09-16,1.2608454,1.1554707939892352,364.4,27.9
1964-10-16,1.8293772,1.661278817750132,149.40001,27.4
1964-11-16,0.55591404,0.5281418261613474,7.8,23.6
1964-12-16,0.7354715,0.6860626593890035,0.5,21.1
1965-01-16,-1.1047534,-1.0290075412268354,0.0,21.2
1965-02-15,0.49023855,0.39993851120958857,15.0,25.4
1965-03-16,-0.45858377,-0.22496486174683333,23.300001,27.2
1965-04-16,1.2710891,1.4313324572847008,138.3,29.5
1965-05-16,0.31329438,0.222552431295661,241.5,29.0
1965-06-16,0.0053047533,-0.02238543768503472,240.0,28.0
1965-07-16,-0.84833467,-0.7488352007361886,200.7,28.4
1965-08-16,0.42138696,0.42233076298823813,345.5,28.0
1965-09-16,0.016290551,0.00035228007682445994,278.0,27.5
1965-10-16,-0.6024793,-0.5646675350783502,54.100002,27.4
1965-11-16,-0.95286757,-1.0723279169342113,4.7000003,25.4
1965-12-16,-0.70029444,-0.7201937051259202,0.4,23.9
1966-01-16,-0.782,-0.7642979615943564,1.6,24.2
1966-02-15,1.0787332,0.9868488044647054,30.5,26.1
1966-03-16,1.1050436,0.9231872149134235,58.2,28.7
1966-04-16,0.148992,0.03030122977829038,91.8,30.300001
1966-05-16,1.8629786,1.7376537493276865,344.6,28.2
1966-06-16,-0.97304314,-0.8875588341449213,190.1,28.6
1966-07-16,-0.44443905,-0.4338651659992879,226.2,28.6
1966-08-16,1.929285,1.9168284480426163,476.5,27.800001
1966-09-16,-1.5856717,-1.4183697527743098,158.90001,27.300001
1966-10-16,-0.2288737,-0.09959611115209559,67.3,27.4
1966-11-16,-0.27431995,-0.3707654326965472,6.0,25.300001
1966-12-16,1.3449552,1.222573638423814,11.2,24.2
1967-01-16,0.7468955,0.8103145549842761,1.3000001,21.6
1967-02-15,0.4149345,0.24546954218525113,11.2,23.800001
1967-03-16,-1.7904241,-1.644662171713021,7.6,27.4
1967-04-16,0.7710495,0.7088995021225938,107.8,29.1
1967-05-16,-0.49461886,-0.5015045627246347,190.40001,29.1
1967-06-16,-0.7368325,-0.5331671507958045,211.8,29.1
1967-07-16,-0.6957063,-0.6475794752659535,210.3,28.7
1967-08-16,-1.0955573,-0.9210567720494879,246.8,28.2
1967-09-16,1.7721391,1.7191641015273482,411.5,27.5
1967-10-16,-1.7011305,-1.4142025619426457,9.3,26.4
1967-11-16,0.7869116,0.7295734192399532,19.7,25.1
1967-12-16,0.23576364,0.21124866979024085,0.0,21.4
1968-01-16,0.47246888,0.4321435294266269,12.400001,22.4
1968-02-15,0.3765869,0.2516060645970707,7.9,23.4
1968-03-16,0.10438397,0.1409385070210188,31.6,27.9
1968-04-16,0.8109437,0.7540133740000979,103.700005,28.4
1968-05-16,0.5740823,0.35597953364204027,254.90001,28.9
1968-06-16,0.4211353,0.4053237937152677,271.2,28.6
1968-07-16,0.06605002,0.03772328417456299,254.2,28.6
1968-08-16,-1.319128,-1.140851701574145,228.6,28.1
1968-09-16,0.6076202,0.4611587899222211,320.2,27.9
1968-10-16,-1.0186023,-0.9403000359101561,39.0,26.9
1968-11-16,-1.6784362,-1.4509125600685058,1.3000001,26.1
1968-12-16,-2.2249033,-1.9010620483362104,0.8,24.4
1969-01-16,1.9616828,2.0157011409822196,36.7,24.9
1969-02-15,-1.9113988,-1.797123728159797,0.2,25.5
1969-03-16,1.4538189,1.140258904989186,66.200005,28.800001
1969-04-16,-0.8638867,-0.7363438832224352,62.100002,30.300001
1969-05-16,-0.79418445,-0.9481781959690896,180.40001,30.1
1969-06-16,1.4824891,1.4514669040271997,353.7,28.9
1969-07-16,1.1740688,1.1000487900551932,327.6,28.1
1969-08-16,-2.0367076,-1.5088912225366797,176.0,27.9
1969-09-16,0.7888464,0.6049214543156074,328.0,27.7
1969-10-16,-0.12137341,-0.004795973232149701,71.1,27.4
1969-11-16,0.90174675,0.9858042137334437,16.0,24.0
1969-12-16,-0.25153652,-0.11286694272249942,0.0,21.4
1970-01-16,-0.18180166,-0.23905447644838862,0.3,23.1
1970-02-15,-1.2651557,-1.2606067878960547,0.5,25.1
1970-03-16,-0.19018771,-0.29525754727668746,31.300001,28.7
1970-04-16,0.29104918,0.41095948952299366,88.1,28.9
1970-05-16,0.6692944,0.6807787594620788,264.7,29.0
1970-06-16,2.3497458,2.2362000791376353,455.4,28.2
1970-07-16,-0.92354083,-1.1265452523810637,187.5,28.1
1970-08-16,1.7054408,1.739354575484422,450.5,27.4
1970-09-16,0.9599407,0.9841437405110152,338.80002,27.800001
1970-10-16,-0.77001584,-0.7186468704354343,39.7,26.6
1970-11-16,-0.49213845,-0.4588516779099463,0.90000004,24.4
1970-12-16,1.5300826,1.3558520435422257,7.5,23.5
1971-01-16,0.26070303,0.2325442430365787,1.5,21.1
1971-02-15,1.4538502,1.359999641523555,28.2,23.800001
1971-03-16,-0.20549518,-0.40757989823291657,17.0,27.1
1971-04-16,-0.020582043,-0.11497130864403235,80.700005,29.5
1971-05-16,1.6068828,1.4352416894825937,321.7,28.800001
1971-06-16,1.0159479,0.9867347490636066,304.5,28.2
1971-07-16,1.1690341,1.1659919878714369,324.2,27.800001
1971-08-16,-0.17346905,-0.222640107524219,289.30002,27.5
1971-09-16,-0.47090062,-0.46344574275741857,235.5,28.1
1971-10-16,-0.25438803,-0.1573006404632429,52.4,26.0
1971-11-16,-0.34898123,-0.06496716554021562,2.6000001,23.1
1971-12-16,1.8489329,1.5413502304854692,11.3,22.5
1972-01-16,0.3983537,0.16762909666782982,0.0,21.4
1972-02-15,0.07067527,0.19500455022940721,13.400001,25.2
1972-03-16,0.6673954,0.7079606710962252,38.4,26.9
1972-04-16,1.402951,1.2501462815179378,124.0,28.2
1972-05-16,-1.9655077,-1.950537914002007,94.0,30.4
1972-06-16,1.3511051,1.3125477589842738,332.9,28.800001
1972-07-16,-1.203875,-1.2362732181445373,175.0,28.7
1972-08-16,-0.17190824,-0.11816039937482686,289.4,27.9
1972-09-16,-1.3389599,-1.2706728440336672,171.0,28.0
1972-10-16,1.8727124,1.4469643836463988,152.1,27.9
1972-11-16,1.1165438,1.2167889952666269,19.9,25.9
1972-12-16,1.1273355,1.1934486579663441,9.2,23.5
1973-01-16,-0.60199916,-0.7394081216409889,0.0,23.0
1973-02-15,-1.7397295,-1.7300241353046355,0.90000004,26.4
1973-03-16,-0.62582904,-0.6085913705760424,14.5,28.7
1973-04-16,-1.154276,-0.997293136319567,52.4,31.0
1973-05-16,-0.23710361,-0.29990826464246867,203.7,29.5
1973-06-16,-0.7510982,-0.7788481124960718,194.2,29.4
1973-07-16,0.50218534,0.45034449533639187,281.9,28.7
1973-08-16,-0.55312514,-0.503048812826353,265.1,28.1
1973-09-16,0.51980245,0.5294174040919835,299.30002,28.0
1973-10-16,-1.1199905,-0.9277340154436362,27.1,26.800001
1973-11-16,0.06239891,0.043241361652621976,1.4,23.9
1973-12-16,0.6653787,0.6209217679505178,0.0,21.1
1974-01-16,1.2820648,1.215588578844829,21.4,22.2
1974-02-15,0.2747523,0.06138335360396516,6.6,23.6
1974-03-16,0.8020245,0.7942304923359127,36.100002,26.6
1974-04-16,0.80565155,0.714943312834105,95.1,28.7
1974-05-16,-1.1567614,-0.9571039482172085,145.7,28.6
1974-06-16,-1.3680252,-1.1934626734150258,161.90001,28.6
1974-07-16,-0.32648066,-0.33125309419942967,227.40001,28.5
1974-08-16,1.9463791,1.9262071703157126,467.4,27.800001
1974-09-16,-1.4418249,-1.3330020363883417,162.6,28.2
1974-10-16,0.052570038,0.2202726155680702,66.1,27.300001
1974-11-16,1.7643276,1.6765453999834568,35.600002,25.1
1974-12-16,0.7354715,0.6610262482403645,0.5,22.5
1975-01-16,2.293089,2.308847866964665,40.0,23.2
1975-02-15,1.3605403,0.9987218216461868,29.1,25.300001
1975-03-16,0.41486984,0.24767048626851487,32.600002,28.6
1975-04-16,-1.5675353,-1.4881074603966977,33.8,30.4
1975-05-16,1.6979462,1.6604462466716439,329.6,28.9
1975-06-16,1.2889357,1.2835767699930534,324.5,28.7
1975-07-16,0.4287533,0.37711467479366745,277.4,28.4
1975-08-16,1.0151153,1.0040987667687447,373.5,27.800001
1975-09-16,0.25971627,0.18893469561737097,292.1,28.0
1975-10-16,0.7027443,0.695920239261669,93.5,27.2
1975-11-16,0.3132424,0.41898763910427844,7.3,24.4
1975-12-16,0.69365555,0.6985960806875192,2.9,20.1
1976-01-16,-0.60199916,-0.6660340226833512,0.0,22.1
1976-02-15,0.33778092,0.19664238745666157,15.8,25.6
1976-03-16,1.000923,1.0361841018510773,46.9,27.4
1976-04-16,0.9175812,0.7665365403173746,110.6,29.7
1976-05-16,-0.59516966,-0.5202547954344278,173.5,28.300001
1976-06-16,-1.4616747,-1.3476102988504124,159.1,29.0
1976-07-16,-0.45424497,-0.5019166795723182,219.6,28.5
1976-08-16,0.099768944,0.13325981885326124,307.0,27.6
1976-09-16,0.57536864,0.5167728454764613,309.0,28.0
1976-10-16,1.1406736,0.9361164117887051,112.8,27.5
1976-11-16,0.3894163,0.3530831892760907,5.5,23.2
1976-12-16,0.23576364,0.2883869096360036,0.0,22.5
1977-01-16,1.0898842,1.0606413983681142,12.0,23.1
1977-02-15,-0.5277147,-0.5531704921887217,0.1,23.2
1977-03-16,-0.3961636,-0.09858033650124674,20.300001,27.300001
1977-04-16,0.0011619028,0.1971906746141729,75.8,29.5
1977-05-16,-0.35465118,-0.4447584989771067,193.2,29.2
1977-06-16,-1.8113954,-1.749327178202283,147.0,30.0
1977-07-16,-1.4789112,-1.4250319888788399,155.7,28.9
1977-08-16,0.46715313,0.5002197633406118,337.5,28.4
1977-09-16,0.41809905,0.39438681453680924,294.7,27.7
1977-10-16,-1.2380079,-1.0220833445446353,22.300001,27.6
1977-11-16,-0.22828877,-0.21283634545960115,6.8,24.5
1977-12-16,2.2962813,1.9597149463323622,20.9,23.0
1978-01-16,0.6925958,0.5958586771758908,6.2000003,23.7
1978-02-15,1.2409172,1.2553298827259138,15.6,24.9
1978-03-16,0.015974695,-0.07941024359919639,32.600002,29.1
1978-04-16,0.49917412,0.27695431471790233,99.5,30.1
1978-05-16,1.0334191,0.8456962412312583,274.4,29.0
1978-06-16,-0.13415056,-0.3352047011470361,229.0,29.4
1978-07-16,2.0367093,1.9474276445835859,405.9,28.2
1978-08-16,1.2541456,1.2813138374662831,394.2,27.9
1978-09-16,0.7901324,0.8043660822487564,319.6,27.4
1978-10-16,-0.7283598,-0.4098191942785381,41.2,26.800001
1978-11-16,0.17842646,0.3554017946786531,11.2,24.800001
1978-12-16,-0.795666,-0.6399109170186882,0.0,23.1
1979-01-16,-0.8599624,-0.7227912168373463,1.1,24.800001
1979-02-15,0.27475214,0.4292652980255083,21.7,26.5
1979-03-16,-2.052251,-1.9137245323254433,5.9,29.800001
1979-04-16,0.10919769,-0.033233209469528,87.700005,30.4
1979-05-16,1.3457838,1.260338982505162,306.7,29.4
1979-06-16,1.5008749,1.4909644228258192,344.30002,28.7
1979-07-16,-1.883366,-1.8287197422267434,122.9,29.300001
1979-08-16,-1.2449175,-1.1512919394662393,222.5,28.300001
1979-09-16,-0.5437123,-0.5564852272831534,230.40001,28.2
1979-10-16,-1.999937,-1.902802893931928,5.6,26.5
1979-11-16,-1.4492729,-1.4397229581814732,0.0,24.1
1979-12-16,-0.77656263,-0.900690462682387,0.0,23.0
1980-01-16,-1.5345247,-1.5019738625086394,0.0,23.4
1980-02-15,-0.79416084,-0.8559551496855032,2.8,25.4
1980-03-16,-0.5891789,-0.5786616242127938,28.2,29.300001
1980-04-16,-0.30271435,-0.42180093093592064,74.5,30.800001
1980-05-16,0.7429092,0.6857398776014642,265.80002,29.7
1980-06-16,2.456159,2.2553790617744385,466.9,28.7
1980-07-16,0.7157443,0.6225914539812953,287.9,28.9
1980-08-16,-0.80682623,-0.7295876014362973,257.1,28.1
1980-09-16,1.6789135,1.5893562155069887,396.1,27.5
1980-10-16,0.46660334,0.5853837557700121,78.6,27.300001
1980-11-16,-0.54071766,-0.460272326306892,3.5,25.5
1980-12-16,0.4737178,0.4199796626349606,1.5,22.9
1981-01-16,0.11226915,-0.006832216220001429,0.0,22.0
1981-02-15,0.011726352,0.11114349276900955,11.8,25.6
1981-03-16,-0.46900734,-0.3215764563839531,23.1,28.1
1981-04-16,0.13676862,0.35823942302397127,81.5,28.9
1981-05-16,1.1198632,0.9943441952645422,277.80002,28.1
1981-06-16,0.44602367,0.3816437497397096,261.30002,28.0
1981-07-16,1.7611238,1.7195042667586953,374.0,27.800001
1981-08-16,-1.165449,-1.0930617381492969,227.90001,27.9
1981-09-16,-1.5938402,-1.452212024601784,155.7,28.1
1981-10-16,1.419343,1.4917334630449235,120.6,27.0
1981-11-16,1.7842168,1.6669670807584376,33.3,25.0
1981-12-16,1.0329385,0.9107888592214719,0.0,20.9
1982-01-16,-0.21971564,-0.18864167651088373,0.0,22.1
1982-02-15,1.0434896,0.8990033011889325,27.0,25.2
1982-03-16,1.4299284,1.1266126097916456,68.200005,28.7
1982-04-16,0.1642436,0.35776529688932346,75.5,28.2
1982-05-16,-0.901663,-0.7448958705852282,168.90001,29.2
1982-06-16,-0.44778714,-0.4756858132308131,214.0,28.4
1982-07-16,0.5143208,0.32291920413405045,274.30002,28.300001
1982-08-16,0.0002769724,0.06791265534549135,297.7,27.4
1982-09-16,1.9805695,1.8423801189567208,429.1,27.2
1982-10-16,0.917819,0.8992445016826303,102.8,27.300001
1982-11-16,0.93080884,0.9304602477054165,19.300001,25.9
1982-12-16,1.7385244,1.5793651958174675,9.900001,20.7
1983-01-16,2.2833838,2.328633310849708,45.100002,21.6
1983-02-15,-0.15181647,-0.11225927255370696,9.900001,25.5
1983-03-16,-1.9316391,-1.7066012579114522,1.8000001,27.800001
1983-04-16,-1.151343,-1.115281364410421,63.7,31.4
1983-05-16,-1.4487352,-1.2339590940854024,131.0,30.0
1983-06-16,0.69396776,0.6998793290106268,286.30002,29.1
1983-07-16,-0.9313286,-1.013047872334641,189.8,29.1
1983-08-16,1.4398376,1.4270928979675441,417.1,27.9
1983-09-16,-1.1464678,-1.219279797119139,186.2,28.0
1983-10-16,1.1039778,1.0389130940943256,102.4,27.0
1983-11-16,0.49936336,0.5311216485757986,7.0,23.5
1983-12-16,1.2283807,1.1283243579202697,7.3,21.2
1984-01-16,-0.21971512,-0.1242269398770724,0.2,21.800001
1984-02-15,-0.24860051,-0.2697879882314416,6.0,25.7
1984-03-16,-0.083835244,0.007765883753674015,30.6,27.7
1984-04-16,0.059961442,0.1850912870592206,84.8,30.2
1984-05-16,-0.47471955,-0.48089863696662916,183.2,28.4
1984-06-16,0.15013337,0.007177045649006687,242.90001,28.1
1984-07-16,0.84506035,0.823331377756162,294.2,28.0
1984-08-16,1.0355759,0.950285044038792,375.2,27.7
1984-09-16,-0.325538,-0.21457312658104696,245.7,27.300001
1984-10-16,1.376573,1.3554659393298805,118.4,26.1
1984-11-16,1.0370767,1.1192907199345619,18.4,25.1
1984-12-16,-0.25153726,-0.2576726658529988,0.0,23.0
1985-01-16,1.3415459,1.2289394805583835,19.5,23.4
1985-02-15,0.42254898,0.5738206391191476,17.800001,25.800001
1985-03-16,-0.35986182,-0.22892228401916684,19.6,27.300001
1985-04-16,-0.34681278,0.0617005493448132,67.5,29.1
1985-05-16,-0.67348176,-0.618320638122472,168.3,28.300001
1985-06-16,0.46612036,0.4089707318401658,259.80002,28.0
1985-07-16,-0.54550993,-0.4878861560736349,208.40001,27.7
1985-08-16,-1.2214658,-1.1500826854183328,221.3,27.800001
1985-09-16,-1.0616721,-0.9871153592481297,189.90001,27.300001
1985-10-16,1.0224344,1.0405003650929496,107.4,26.7
1985-11-16,-0.04930324,-0.17905898015972585,2.9,25.5
1985-12-16,-0.795666,-0.5564453745918339,0.0,22.1
1986-01-16,0.11226915,-0.006472604042524022,0.0,21.7
1986-02-15,-0.9790544,-0.8870238242700306,0.8,25.0
1986-03-16,-1.4830297,-1.3930624600480612,10.900001,27.1
1986-04-16,0.7763958,0.6000411671055824,105.200005,29.300001
1986-05-16,1.6290572,1.4217146188636869,315.2,28.1
1986-06-16,0.4054946,0.3576744194133018,261.5,28.9
1986-07-16,-0.5909336,-0.7331625045710278,200.0,28.1
1986-08-16,0.82023406,0.8804264443611459,369.1,27.9
1986-09-16,-1.3041166,-1.2292682322198925,182.2,27.800001
1986-10-16,1.1277771,0.9081936819773198,109.1,26.9
1986-11-16,0.22677337,0.14807786029639142,6.2000003,24.7
1986-12-16,1.1952853,1.1652384551849382,7.0,22.800001
1987-01-16,-1.054446,-0.8482384013637972,0.3,23.5
1987-02-15,0.73220384,0.4058658069919803,18.4,25.800001
1987-03-16,1.0732361,1.0114685132049441,51.7,28.1
1987-04-16,0.70079464,0.6697656599757232,113.6,30.300001
1987-05-16,-1.7093439,-1.7174486935951885,122.8,30.5
1987-06-16,0.95676607,0.8673167431412891,314.4,29.7
1987-07-16,-1.6733916,-1.7759177609385546,138.8,29.6
1987-08-16,0.90802276,0.9583917317690791,392.80002,28.800001
1987-09-16,-0.014058798,-0.08899533694800163,273.0,28.300001
1987-10-16,0.12746471,0.11883923088525004,82.8,28.2
1987-11-16,1.3651779,1.1375155724469692,22.300001,25.9
1987-12-16,0.23576364,0.2308834571622831,0.0,20.6
1988-01-16,-1.0378299,-1.0967449438907724,0.0,24.2
1988-02-15,0.29061633,0.43116555438650406,21.9,26.6
1988-03-16,-0.46379492,-0.27190339076388126,23.2,28.800001
1988-04-16,0.94305366,0.9451773963910506,117.200005,29.9
1988-05-16,1.2241911,1.287067715679753,296.7,29.2
1988-06-16,-0.9871649,-0.9056026820697662,189.3,29.1
1988-07-16,0.65748817,0.5899018670572498,298.4,28.800001
1988-08-16,-1.5002862,-1.2469843376142409,218.7,28.4
1988-09-16,-1.8127117,-1.6352719438512173,141.7,28.4
1988-10-16,1.9415976,1.8412137190580578,150.90001,26.7
1988-11-16,-0.30217424,-0.2930805940133552,0.1,23.9
1988-12-16,-0.795666,-0.507324556386256,0.0,22.5
1989-01-16,0.684676,0.5923152059755274,11.7,24.0
1989-02-15,-1.1638237,-1.1277858549895061,1.6,25.300001
1989-03-16,1.2931759,1.240401381378156,59.600002,27.2
1989-04-16,-0.4695653,-0.314911468942993,80.4,30.7
1989-05-16,-0.18321347,-0.1714455111714343,215.6,29.2
1989-06-16,-0.16373503,-0.2581216130906204,232.90001,28.800001
1989-07-16,-1.1710618,-1.2227527340582964,171.3,28.9
1989-08-16,0.3064494,0.4914978601098076,349.4,28.4
1989-09-16,-0.5565107,-0.47924891896842703,237.90001,28.5
1989-10-16,1.073395,1.0093333093875916,112.200005,27.2
1989-11-16,-0.8299305,-0.7360279797759709,3.1000001,25.300001
1989-12-16,-0.77656263,-0.8490858129842412,0.0,22.6
1990-01-16,-0.9884364,-0.7018807264739213,0.7,24.7
1990-02-15,1.7881868,1.444765982464987,41.5,26.1
1990-03-16,1.2899586,1.279178466901268,55.3,27.6
1990-04-16,-1.8749588,-1.6831812152285304,29.0,30.4
1990-05-16,0.8688028,0.7963195904246048,274.2,28.9
1990-06-16,1.0761907,1.0723772655972512,315.1,29.0
1990-07-16,0.25203544,0.36304502812468753,263.0,28.800001
1990-08-16,-0.3521278,-0.16225327531530248,305.9,29.0
1990-09-16,-0.58347523,-0.5018967532266585,236.0,28.5
1990-10-16,0.7590042,0.44409416764496723,98.6,27.5
1990-11-16,1.231379,1.387763794307974,31.0,25.800001
1990-12-16,-0.77656263,-0.7163051496381683,0.0,23.2
1991-01-16,-1.0212901,-0.9712363962245492,0.1,25.2
1991-02-15,-1.9294333,-1.8064691009004084,0.0,25.6
1991-03-16,0.59117883,0.5144411712258563,50.600002,29.800001
1991-04-16,-1.6594986,-1.7215431824460354,37.2,30.7
1991-05-16,-0.44147646,-0.37746602076343505,204.8,30.0
1991-06-16,-1.5729156,-1.4860869789710935,146.90001,29.2
1991-07-16,-0.6152003,-0.7201142498647747,212.8,29.1
1991-08-16,1.4079789,1.4603217051449568,417.0,28.0
1991-09-16,-0.55366814,-0.5040132813058196,235.3,28.5
1991-10-16,-0.42457387,-0.5492582585329053,57.600002,27.1
1991-11-16,-0.8197653,-0.7607173056652722,0.4,24.6
1991-12-16,1.9160898,1.776458098093605,17.800001,23.300001
1992-01-16,2.4326425,2.3573897789732188,50.600002,22.0
1992-02-15,0.6979849,0.7722485648675755,17.9,24.800001
1992-03-16,-2.018576,-2.0836043828414765,3.8,28.9
1992-04-16,-1.9364086,-1.8973287349221764,35.0,31.5
1992-05-16,-0.92822045,-0.8622321153160003,187.5,30.7
1992-06-16,-0.16896594,-0.10351226337797889,235.40001,29.4
1992-07-16,1.199111,1.1831409010920466,329.4,28.6
1992-08-16,0.017194392,0.144358647481561,324.4,28.4
1992-09-16,-0.85237813,-0.8996607958669124,213.90001,28.4
1992-10-16,-0.49251372,-0.371316533720862,49.9,26.1
1992-11-16,-0.84010875,-0.8366575260868845,0.2,23.7
1992-12-16,1.3346573,1.1879505706670344,13.900001,22.9
1993-01-16,-0.11988635,-0.02163504975523201,1.0,22.6
1993-02-15,-0.6927299,-0.6591046151367006,6.7000003,24.7
1993-03-16,-0.5996481,-0.4581445427605173,20.6,28.300001
1993-04-16,-0.9880326,-0.9061212672999082,55.2,30.0
1993-05-16,0.81830555,0.7071229308402018,273.6,29.7
1993-06-16,-1.0030372,-1.023966259148739,203.2,29.9
1993-07-16,-0.48852733,-0.44537596557106657,228.7,29.4
1993-08-16,-1.1328162,-0.9882207295023453,238.5,28.300001
1993-09-16,-0.7198512,-0.7058495709611309,226.3,28.300001
1993-10-16,-1.6963599,-1.5429964554277984,12.3,27.1
1993-11-16,-1.6784362,-1.330680825553554,1.3000001,25.4
1993-12-16,-0.49226838,-0.30704325121343157,1.5,22.4
1994-01-16,-1.5345247,-1.5349795613137271,0.0,24.2
1994-02-15,1.6226374,1.5123498105318307,43.100002,27.2
1994-03-16,1.4027022,1.2433736584608823,56.100002,27.0
1994-04-16,-0.976007,-1.0197211971587223,68.9,30.7
1994-05-16,0.18942519,-0.10333349946213036,231.2,29.300001
1994-06-16,2.2432692,2.215325106026307,433.7,28.6
1994-07-16,-1.2261337,-1.3247082577808138,167.7,28.5
1994-08-16,1.6165804,1.541230505663848,438.1,28.0
1994-09-16,-0.08645202,-0.06136155478127671,267.7,28.300001
1994-10-16,-0.714438,-0.5180036186178585,52.9,26.6
1994-11-16,-1.0879005,-0.9851776680369195,0.6,25.1
1994-12-16,-0.5298553,-0.029693068011548713,4.3,24.1
1995-01-16,-0.04766581,-0.189060171456655,4.2000003,23.4
1995-02-15,-0.44588146,-0.32262217266193616,6.6,24.1
1995-03-16,-0.5891791,-0.5474333304284101,20.800001,28.4
1995-04-16,-0.70700806,-0.7278895266159919,67.200005,30.800001
1995-05-16,-0.67023444,-0.6873625911233915,186.3,29.5
1995-06-16,0.32312676,0.2823820345036686,270.30002,29.7
1995-07-16,2.4140985,2.18926294663226,451.7,28.5
1995-08-16,1.5523891,1.48652459956609,423.0,27.9
1995-09-16,-1.4935232,-1.539076718127173,163.90001,28.2
1995-10-16,0.22080909,0.1458089769624184,78.200005,27.5
1995-11-16,-0.12880458,-0.147079738277611,4.8,24.9
1995-12-16,-0.25153726,-0.2876969789843003,0.0,22.1
1996-01-16,-1.1386809,-0.935312196457867,2.7,23.4
1996-02-15,1.1133833,1.1461182510991395,21.7,23.4
1996-03-16,1.2802771,1.1299272198253305,73.700005,28.300001
1996-04-16,1.7931454,1.6240378950671106,145.5,28.6
1996-05-16,-0.946889,-0.7490983285474954,159.5,28.2
1996-06-16,0.7296477,0.7278997729521931,294.80002,28.6
1996-07-16,-1.4435805,-1.4859375730655608,155.40001,28.5
1996-08-16,-0.71547765,-0.6470672681338994,268.7,28.2
1996-09-16,1.6310606,1.5522958805423737,396.80002,27.7
1996-10-16,0.19621511,0.24123256745686206,76.9,27.2
1996-11-16,2.3015454,1.9835925446009786,58.4,25.6
1996-12-16,0.3170413,0.3220232064134673,0.5,22.1
1997-01-16,0.29108134,0.0612321395284679,4.5,22.6
1997-02-15,0.07067521,0.30382184447800414,9.7,24.7
1997-03-16,1.0838886,1.0008849556969956,54.8,27.7
1997-04-16,0.11533239,0.3507342983293404,89.5,28.4
1997-05-16,-1.7928582,-1.3850275571864483,113.5,29.5
1997-06-16,-1.5980247,-1.3845514926102247,167.8,29.7
1997-07-16,1.6492037,1.6112088301631153,365.9,28.7
1997-08-16,0.299086,0.43437965726666233,331.5,28.300001
1997-09-16,-1.8303251,-1.7754563701566246,137.7,27.800001
1997-10-16,1.268433,1.0621569678718954,129.8,28.1
1997-11-16,-1.035748,-1.2480670301863668,3.9,26.4
1997-12-16,-2.4544032,-2.0968514841351715,0.0,24.9
1998-01-16,-0.69075876,-0.7833785631103289,5.0,25.300001
1998-02-15,1.1974878,0.9899176284439758,34.4,26.9
1998-03-16,-0.8143787,-0.8759016718124492,24.9,29.7
1998-04-16,-0.65109766,-0.5955989346497861,71.8,30.6
1998-05-16,-0.68969715,-0.7083692948880357,193.8,30.300001
1998-06-16,-0.26887617,-0.19944827986078362,240.90001,30.0
1998-07-16,-0.65875024,-0.7461242172404823,212.6,29.1
1998-08-16,0.5432876,0.6195822839782574,362.5,28.7
1998-09-16,-1.529212,-1.460578421816298,163.7,28.300001
1998-10-16,-1.2483877,-1.1298400194429201,36.7,27.9
1998-11-16,0.37436658,0.43256131569483286,13.7,25.6
1998-12-16,1.2283807,1.090497233829993,7.3,23.6
1999-01-16,0.8066013,0.8738525011438698,7.7000003,23.5
1999-02-15,-0.9328121,-0.9468818996413974,1.3000001,25.5
1999-03-16,-0.93972456,-0.8669253116487843,27.300001,28.9
1999-04-16,2.1260831,1.5989251968629121,162.5,28.9
1999-05-16,2.210936,2.098314602854082,376.6,27.7
1999-06-16,-0.16547835,-0.16132886796173365,235.90001,28.7
1999-07-16,0.5234019,0.5503388998011285,286.1,28.6
1999-08-16,-0.49822885,-0.4267489593838057,282.7,28.2
1999-09-16,0.3624275,0.4452646528613598,299.1,28.1
1999-10-16,0.8829256,0.8256435842171789,101.0,27.4
1999-11-16,0.54892385,0.6857633473349505,13.5,25.4
1999-12-16,1.5021222,1.3542089120766894,1.6,20.5
2000-01-16,-0.3772009,-0.5153278605658395,4.4,23.9
2000-02-15,1.1698463,1.0828504361526743,25.5,24.4
2000-03-16,-1.1213108,-0.9234187526877385,13.400001,27.9
2000-04-16,1.8557448,1.663067353177303,153.1,29.0
2000-05-16,1.182591,1.179998708141309,290.80002,28.300001
2000-06-16,1.4472964,1.4215640457245171,344.7,28.4
2000-07-16,-0.45424485,-0.5031383563210753,222.40001,28.5
2000-08-16,1.0748625,1.0868498788359389,392.5,28.5
2000-09-16,-0.0024921687,0.07943443941953221,273.80002,27.9
2000-10-16,-0.24021176,0.03552816844318747,61.3,27.6
2000-11-16,-1.4384788,-1.3347862363762897,0.1,25.0
2000-12-16,-0.73839766,-0.7016551168866603,0.2,24.1
2001-01-16,-0.47344196,-0.622736324658065,0.90000004,25.0
2001-02-15,-0.9790544,-0.8085501232393635,4.6,25.7
2001-03-16,1.9898063,1.6690921129683822,67.5,27.6
2001-04-16,-1.5346968,-1.737311508395597,44.600002,31.4
2001-05-16,1.1472831,1.055065773405777,288.80002,28.2
2001-06-16,0.61097807,0.659336760924674,280.6,28.6
2001-07-16,-0.13447066,-0.23370535734199793,241.90001,28.6
2001-08-16,0.9416866,0.9771376707265647,381.5,28.300001
2001-09-16,-0.27490965,-0.14988638282290478,257.5,28.6
2001-10-16,0.46660352,0.4024149641180941,90.3,27.7
2001-11-16,0.4993633,0.5469199891045966,12.6,23.5
2001-12-16,0.34901032,0.36719414767843644,0.7,22.9
2002-01-16,-0.059547123,-0.15628142664185657,1.3000001,23.0
2002-02-15,-0.2930364,-0.2171897517432785,8.3,25.800001
2002-03-16,1.1809272,1.1401059973827423,59.100002,28.2
2002-04-16,-0.66043276,-0.765980028639069,65.9,30.1
2002-05-16,1.1431842,1.085507810274911,287.9,28.6
2002-06-16,0.1418158,0.12853239756276452,256.4,29.300001
2002-07-16,0.3605497,0.26680338402011555,272.7,29.0
2002-08-16,1.7706776,1.734877234000647,460.7,27.800001
2002-09-16,1.4117457,1.386351024738078,381.0,27.6
2002-10-16,0.3557456,0.23483612712623747,88.4,27.5
2002-11-16,0.27428594,0.5354758052239569,12.7,25.800001
2002-12-16,2.3076382,1.9905124058439552,21.1,24.6
2003-01-16,0.033780508,0.13583539282534954,2.3,22.7
2003-02-15,2.0396523,1.9549074444769858,42.8,25.6
2003-03-16,2.0827281,1.3905475631583288,80.200005,27.300001
2003-04-16,-1.4739708,-1.2867042977945355,48.8,30.4
2003-05-16,-0.9032289,-0.8102657899380548,173.5,29.800001
2003-06-16,0.4584041,0.42841075794249556,267.7,28.9
2003-07-16,-0.7930131,-0.6907003790821535,204.2,28.7
2003-08-16,-0.524904,-0.3787978760301395,286.5,28.6
2003-09-16,1.4739449,1.3947571912700802,387.1,27.9
2003-10-16,-1.2897228,-1.1638283622226786,31.5,27.800001
2003-11-16,-2.073352,-2.2007202705363538,0.0,26.300001
2003-12-16,-0.25153726,-0.27242526926035604,0.0,22.6
2004-01-16,0.49945068,0.5705767300943309,12.3,23.5
2004-02-15,2.0294998,1.9038106247847557,43.2,24.2
2004-03-16,-0.98657906,-0.9701507021944997,18.800001,28.6
2004-04-16,0.6124399,0.5882599028253505,110.4,30.0
2004-05-16,1.0908282,1.0412724901438088,289.7,29.0
2004-06-16,0.33750513,0.3070283186526065,260.0,28.5
2004-07-16,1.3472033,1.335870587780002,347.6,28.4
2004-08-16,-0.7728414,-0.7418104552135465,267.80002,28.4
2004-09-16,-1.0233718,-1.114818889768685,198.40001,28.1
2004-10-16,-2.183681,-2.099140762792605,0.2,27.2
2004-11-16,-1.6453925,-1.5897386599157985,3.8,26.300001
2004-12-16,-1.3130116,-1.2503321304327486,0.0,22.5
2005-01-16,-0.47344196,-0.4930494557537107,0.90000004,23.300001
2005-02-15,-2.0555663,-2.0612540264130113,0.2,27.2
2005-03-16,-0.40135658,-0.2445647988574287,23.1,27.5
2005-04-16,-0.60432816,-0.5790548985746232,67.700005,30.0
2005-05-16,-0.39812922,-0.40858121794577895,201.8,29.9
2005-06-16,0.33750537,0.18679431220075424,262.80002,29.4
2005-07-16,0.6295225,0.5218624843766608,290.4,28.7
2005-08-16,-0.10958807,-0.10061529370829525,307.5,28.2
2005-09-16,1.0533639,0.9433448395809994,349.30002,28.2
2005-10-16,-1.4295511,-1.282038781573714,23.2,27.7
2005-11-16,1.5863217,1.4477497651364208,36.100002,26.0
2005-12-16,1.2174121,1.1455689842991115,1.6,22.7
2006-01-16,-2.2630296,-1.9838729394403842,0.0,23.6
2006-02-15,0.17810176,0.19988781805389794,13.8,26.1
2006-03-16,0.89964443,0.9444973160498501,49.8,28.6
2006-04-16,1.708148,1.3591562318470092,153.7,29.5
2006-05-16,-0.37807745,-0.03318918287578333,194.6,28.4
2006-06-16,-1.2873247,-1.151622183211672,181.1,29.300001
2006-07-16,0.87425387,0.8934466854601116,301.9,28.800001
2006-08-16,-0.5264722,-0.3809223246232657,280.80002,28.1
2006-09-16,-1.284081,-1.1869259983003018,187.1,28.1
2006-10-16,1.775265,1.3525493559664041,154.5,27.800001
2006-11-16,-1.6234227,-1.5398165775053527,4.0,26.9
2006-12-16,-1.3130116,-1.22810600101279,0.0,23.2
2007-01-16,-0.21971564,-0.2790969891381866,0.0,23.0
2007-02-15,0.020192672,-0.06011680432473157,18.6,25.6
2007-03-16,-0.30301207,-0.27911666536235274,29.1,29.0
2007-04-16,-0.8363861,-0.559755524125549,54.600002,29.300001
2007-05-16,0.5960925,0.6530186919953891,250.7,28.1
2007-06-16,-0.42110485,-0.3285950322430855,229.5,29.5
2007-07-16,-1.1575813,-1.1757168869367656,183.90001,28.800001
2007-08-16,1.2793787,1.1923117724039303,410.5,28.1
2007-09-16,-0.13574558,-0.18791680357886428,264.30002,28.1
2007-10-16,2.1560378,1.909281949084246,171.1,27.0
2007-11-16,-0.07561013,-0.1508327904461848,5.4,24.2
2007-12-16,-2.4544032,-2.1239211329055903,0.0,24.4
2008-01-16,0.91900855,0.83934423915267,14.900001,23.300001
2008-02-15,1.4586307,1.443555227688119,19.9,23.0
2008-03-16,1.8174456,1.5937536848604619,81.200005,27.5
2008-04-16,1.5362648,1.4116556495017276,137.7,29.5
2008-05-16,0.6754737,0.6593334259714254,253.0,28.1
2008-06-16,1.1349212,1.066240701498516,319.7,28.5
2008-07-16,1.1322684,1.0369080368274957,326.9,28.5
2008-08-16,0.68181264,0.6150188173268402,367.30002,28.2
2008-09-16,1.1267586,1.0380306654647724,355.5,28.1
2008-10-16,1.4058137,1.1620703329726936,128.3,28.0
2008-11-16,1.9797331,1.7495812096209495,45.3,24.9
2008-12-16,0.36487645,0.2571495906343912,3.6000001,22.300001
2009-01-16,-0.207013,-0.1426873964147574,0.3,21.4
2009-02-15,-1.4120023,-1.383029086452284,1.7,26.800001
2009-03-16,1.6160173,1.4778375465967328,69.1,28.1
2009-04-16,1.2665738,1.1404063932966009,125.1,29.300001
2009-05-16,1.3252034,1.2210227184155986,304.4,28.5
2009-06-16,-0.8916234,-0.8865357538621125,197.90001,28.9
2009-07-16,0.8935801,0.853738480990018,303.30002,28.7
2009-08-16,-0.5358819,-0.41733755456887395,288.6,28.800001
2009-09-16,-0.6047085,-0.43898106765631945,237.8,28.5
2009-10-16,-0.8610297,-0.7386284929453206,44.8,28.2
2009-11-16,-0.80961275,-0.5253496035121625,9.5,25.9
2009-12-16,-1.1214535,-1.1416420021202085,1.0,24.0
2010-01-16,1.5649525,1.5644342766286046,24.6,24.6
2010-02-15,-1.1453722,-0.7292198394668189,8.6,27.2
2010-03-16,-1.3212432,-1.2337263977224884,9.5,28.800001
2010-04-16,-1.0180117,-1.087346962262666,62.600002,31.0
2010-05-16,-1.6252894,-1.4324437557259706,126.4,30.800001
2010-06-16,-0.85967237,-0.751298647327025,210.5,30.1
2010-07-16,0.24569131,0.28478566037061,271.5,29.2
2010-08-16,2.4789612,2.202867888409519,553.5,28.1
2010-09-16,-0.60470855,-0.5898230457448763,234.5,28.6
2010-10-16,0.84291655,0.8258175020290882,96.5,27.0
2010-11-16,-1.4384788,-1.421005699821925,0.1,25.4
2010-12-16,-0.23332597,-0.00756567405120355,3.0,24.0
2011-01-16,1.4073435,1.3575689608483852,15.3,22.0
2011-02-15,0.47532725,0.3683561704509609,14.8,25.5
2011-03-16,1.701335,1.5970127679225594,52.7,25.4
2011-04-16,1.413633,1.3281431676079005,126.200005,28.5
2011-05-16,-0.05851394,0.09715395271923152,214.3,28.5
2011-06-16,0.608025,0.5646047459384093,277.6,28.800001
2011-07-16,1.8881865,1.82747204419761,395.4,28.7
2011-08-16,1.2826512,1.2774186120720343,413.80002,28.1
2011-09-16,1.3579603,1.344465345918207,370.4,27.9
2011-10-16,1.0157214,1.020526412975535,106.8,27.2
2011-11-16,-0.7489692,-0.5974044366516089,6.7000003,25.9
2011-12-16,0.48894575,0.4749495719692529,1.6,22.4
2012-01-16,0.36972633,0.7961355843791188,8.400001,24.2
2012-02-15,-0.6283821,-0.6439138197159482,7.4,26.300001
2012-03-16,1.1707331,1.347403356356305,57.3,28.4
2012-04-16,1.1440216,0.900079990845211,128.2,30.1
2012-05-16,0.18111339,0.2886010970083886,230.7,29.2
2012-06-16,-0.72256243,-0.6812563750992177,201.6,29.0
2012-07-16,-0.2591747,-0.292656367116688,228.7,28.6
2012-08-16,-1.1357888,-1.0607438734517125,238.3,28.4
2012-09-16,-0.81812197,-0.7534596970320535,213.6,28.1
2012-10-16,-1.258749,-0.987126031098525,35.5,28.300001
2012-11-16,1.408721,1.150557824237375,37.8,27.5
2012-12-16,-0.49226838,-0.5097692438650695,1.5,25.2
2013-01-16,1.0415192,1.0465779838930176,14.0,23.6
2013-02-15,-0.75724137,-0.6254670260648532,7.0,27.0
2013-03-16,1.4949397,1.1712727195927755,70.4,28.9
2013-04-16,-0.9699867,-0.9824139089060557,60.4,30.300001
2013-05-16,-0.21016602,-0.2411497025136749,215.8,29.7
2013-06-16,0.4537665,0.4049274345216834,275.80002,29.0
2013-07-16,0.812805,0.819622826369998,300.5,28.4
2013-08-16,-0.1329275,-0.066918811446425,305.9,28.4
2013-09-16,0.35823393,0.3430789756777802,293.2,27.800001
2013-10-16,0.17428243,0.1856247128313183,76.1,27.0
2013-11-16,-0.26507413,-0.46805677417954267,6.1,26.1
2013-12-16,1.8565364,1.755577789057079,14.1,20.7
2014-01-16,0.11226915,-0.052595056972502705,0.0,21.4
2014-02-15,-0.5368388,-0.6112325284881083,5.6,25.2
2014-03-16,-1.0385168,-0.9677938907337842,15.0,28.800001
2014-04-16,0.06613081,-0.08037965197816217,86.3,30.1
2014-05-16,-1.6924189,-1.3081143641545858,122.5,30.2
2014-06-16,-0.63509375,-0.5487829026342471,211.90001,29.5
2014-07-16,0.50218534,0.5010866427506441,281.9,28.9
2014-08-16,0.17242469,0.18845075221409788,328.6,28.4
2014-09-16,-1.5445807,-1.5575430212547716,162.40001,28.6
2014-10-16,-1.3128439,-1.1625835909226758,31.300001,27.800001
2014-11-16,-0.8299309,-0.9055905094904092,5.9,26.800001
2014-12-16,-0.0015815892,-0.18973783395675034,1.4,23.300001
2015-01-16,1.1250005,1.1268088717903197,15.6,22.4
2015-02-15,0.51983595,0.4697736411537484,15.400001,25.2
2015-03-16,0.36475116,0.4662485121962518,39.9,29.300001
2015-04-16,-0.44755587,-0.2526637536648708,69.9,29.9
2015-05-16,-2.4423625,-2.196049501764166,60.600002,30.9
2015-06-16,-2.4180248,-1.9716898549806234,117.700005,30.300001
2015-07-16,0.5505418,0.4618620898754143,285.1,29.300001
2015-08-16,-1.103024,-0.833838573479758,254.5,28.7
2015-09-16,-0.9000172,-0.8475880854803396,213.2,28.800001
2015-10-16,-0.03130588,-0.12141303138673423,71.5,27.7
2015-11-16,-0.33958232,-0.3626507410784638,14.3,27.5
2015-12-16,0.28476015,0.08297534166372131,3.1000001,24.7
2016-01-16,0.89860934,0.9086137193389685,9.0,23.6
2016-02-15,-0.50948316,-0.6621388389760179,5.9,24.0
2016-03-16,-1.1316317,-1.0094926454240767,16.0,29.1
2016-04-16,-2.2289674,-2.1111055745622513,25.4,31.9
2016-05-16,-0.31609675,-0.2922649686660609,212.3,30.6
2016-06-16,-0.5636726,-0.44736347264642623,215.90001,29.4
2016-07-16,-0.558504,-0.5704725214503532,222.1,29.2
2016-08-16,-1.2595338,-1.0764602575044286,235.5,28.5
2016-09-16,0.21286944,0.12405925603573706,288.80002,28.6
2016-10-16,0.9864549,0.6806448610891515,111.1,28.2
2016-11-16,1.9246523,1.3493192036237374,46.2,26.9
2016-12-16,0.25217223,0.35963520517575787,2.9,24.1
2017-01-16,1.5649526,1.5946761329289973,16.2,24.6
2017-02-15,-0.21324478,-0.3002965365744254,9.2,24.9
2017-03-16,1.2278706,1.168786845441343,59.0,28.0
2017-04-16,0.58722335,0.3971784622142137,101.1,29.2
2017-05-16,-0.07198923,0.013983052272005612,213.5,28.800001
2017-06-16,0.8107331,0.720908376962036,294.6,29.1
2017-07-16,1.9222133,1.8213383981829674,396.2,28.2
2017-08-16,0.08149138,0.07554949506084464,322.6,28.5
2017-09-16,-0.6399853,-0.6203348248238196,232.0,29.0
2017-10-16,0.5596073,0.4702018491508559,91.0,27.6
2017-11-16,0.8899893,0.6292644453100519,18.6,26.0
2017-12-16,1.68881,1.5104755668061733,9.3,23.0
2018-01-16,0.5260016,0.3233169389958498,1.4,23.800001
2018-02-15,1.0787332,1.175856696206671,18.300001,24.300001
2018-03-16,0.36933526,0.2740535306954407,35.8,27.800001
2018-04-16,1.8803033,1.619708125264582,153.2,28.9
2018-05-16,-0.428154,-0.4405862640286541,191.6,28.800001
2018-06-16,-0.67794615,-0.5204164156062333,201.2,28.7
2018-07-16,0.2552056,0.1855343564417417,257.6,28.5
2018-08-16,-0.47938922,-0.25057517666262374,278.2,27.9
2018-09-16,-1.1127254,-1.1585470468845216,200.0,28.5
2018-10-16,-0.07345892,0.012230037842239978,78.4,28.1
2018-11-16,-1.3846616,-1.1756274268158746,4.0,26.800001
2018-12-16,1.0806916,0.8300403032061712,8.8,25.1
2019-01-16,0.3010987,-0.20297782763133446,4.6,24.4
2019-02-15,-0.27523085,-0.2538456610961395,14.1,27.300001
2019-03-16,-0.9449355,-1.0426289076488433,19.6,29.1
2019-04-16,-1.174767,-1.08592527169283,56.4,31.2
2019-05-16,-0.57547474,-0.7865481860515353,193.90001,30.4
2019-06-16,-1.7605296,-1.4615032043521072,149.6,29.9
2019-07-16,-1.4322202,-1.6509157092969473,156.2,29.300001
2019-08-16,0.4514744,0.8119470979732485,342.0,28.6
2019-09-16,-1.1477609,-0.7798606043023166,200.7,28.300001
2019-10-16,-1.73677,-1.0083625131419909,19.0,28.4
2019-11-16,-0.678834,-0.2599873943724098,10.2,26.300001
2019-12-16,-1.845701,-1.1165751595231768,0.3,23.2
2020-01-16,0.18788075,-0.2573955937684218,11.900001,25.4
2020-02-15,-1.6036206,-1.3434801259998066,0.7,25.800001
2020-03-16,0.58259,-0.04553580510546748,47.600002,29.4
2020-04-16,-0.3468125,-0.4945384290053351,75.9,29.800001
2020-05-16,-1.2785733,-1.2796745498420206,155.5,30.9
2020-06-16,-1.5258744,-1.4684882639310923,166.5,29.9
2020-07-16,-1.045512,-1.0058782230933514,190.8,29.6
2020-08-16,0.4371726,0.629121917745594,343.80002,28.7
2020-09-16,0.46229297,0.19993598728488096,306.30002,29.0
2020-10-16,1.5815436,1.3938935217525497,126.5,26.4
2020-11-16,-0.80961233,-0.9163050472871926,3.3,26.1
2020-12-16,-0.73839766,-0.7040152633006242,0.2,23.4
2021-01-16,0.18788098,-0.07925087452083367,0.7,22.0
2021-02-15,0.32213143,0.4022741874040917,15.6,25.1
2021-03-16,0.16250168,0.31644168275257173,40.100002,29.1
2021-04-16,2.1276433,1.155750846688278,162.6,29.1
2021-05-16,-2.1883628,-1.5248903272510377,75.1,30.1
2021-06-16,-0.09083097,-0.25236833933742703,239.90001,29.6
2021-07-16,-0.676442,-0.6092634887163622,208.7,29.0
2021-08-16,-1.7143621,-0.9358267797441108,215.0,28.9
2021-09-16,-0.5763866,-0.5023983718821486,230.90001,28.1
2021-10-16,1.068999,0.9100377443760783,109.200005,27.300001
2021-11-16,-1.1193186,-0.886588946366426,0.7,26.1
2021-12-16,-0.64327633,-0.2952535870197049,0.7,23.0
2022-01-16,0.6114999,0.7848280918947519,10.8,24.2
2022-02-15,2.1186082,2.09111177082797,36.8,24.4
2022-03-16,1.8027146,1.437060572984326,70.700005,28.7
2022-04-16,0.013568585,0.3844098433378474,77.5,28.6
2022-05-16,0.40623522,0.09610537046580056,230.40001,27.9
2022-06-16,-0.14110257,-0.13653041614910408,242.6,29.2
2022-07-16,1.1105002,1.0102106522134409,328.0,29.2
2022-08-16,1.9431338,1.569367339473787,486.6,28.300001
2022-09-16,1.6682442,1.5434374109760434,406.4,27.9
2022-10-16,0.058138747,0.5395660836963275,74.700005,26.9
2022-11-16,0.80551827,0.07761621248672067,22.800001,26.800001
2022-12-16,0.8827422,0.5603164129299932,4.4,22.9
2023-01-16,1.4344376,1.1271910574325978,15.900001,22.5
2023-02-15,-0.8680819,-0.7142256395400656,2.9,25.7
2023-03-16,-0.37022427,-0.20302578842773944,25.0,28.300001
2023-04-16,-0.61369413,-1.0226813016620917,70.200005,31.6
2023-05-16,-1.1299012,-1.1572339090429244,165.6,30.800001
2023-06-16,-0.23722471,-0.1767552569860349,239.90001,29.9
2023-07-16,0.2884051,0.13754822481377957,280.0,29.9
2023-08-16,-0.9249422,-0.7219436384692398,257.9,29.0
2023-09-16,1.6856811,1.5275145099434138,405.2,28.6
2023-10-16,0.8048132,0.11271860161000538,103.8,28.2
2023-11-16,-0.6589226,-1.0492060190717054,4.8,26.6
2023-12-16,-0.1430472,-0.4318197141112356,0.6,25.0
