time,pet,pet_predicted,pre,tmp
1901-01-16,105.4,,5.3,24.4
1901-02-15,117.6000084,,15.0,26.6
1901-03-16,151.9,,41.5,28.7
1901-04-16,153.0,,90.6,30.300001
1901-05-16,120.9,,156.3,28.7
1901-06-16,102.0,,129.40001,28.5
1901-07-16,99.2,,146.90001,27.800001
1901-08-16,96.1000031,,173.6,27.300001
1901-09-16,87.0,,243.2,27.1
1901-10-16,99.2,,124.200005,26.7
1901-11-16,99.0,,18.7,24.9
1901-12-16,102.3,,3.9,23.0
1902-01-16,105.4,105.50462041866413,1.6,23.7
1902-02-15,117.6000084,118.10335808918477,8.1,26.5
1902-03-16,151.9,151.72525989490117,38.3,28.6
1902-04-16,150.0,150.74840743093858,101.1,29.9
1902-05-16,117.8,118.10699412697521,86.700005,29.0
1902-06-16,99.0,99.2246713455779,85.1,28.1
1902-07-16,99.2,99.18011940414992,84.8,27.800001
1902-08-16,93.0,93.66124929702352,160.0,27.300001
1902-09-16,90.0,88.51942425849657,281.9,27.2
1902-10-16,99.2,99.41080936734251,108.700005,26.800001
1902-11-16,96.0,97.7648578397207,15.900001,25.0
1902-12-16,102.3,102.43285744679213,9.6,23.1
1903-01-16,105.4,105.4885135391297,2.1000001,23.7
1903-02-15,120.4,120.05185127562284,7.2000003,26.5
1903-03-16,151.9,151.91625142460254,12.5,28.5
1903-04-16,153.0,152.07590701478716,27.300001,29.9
1903-05-16,114.7,115.74304891296427,171.6,29.1
1903-06-16,102.0,100.8837724021578,179.90001,28.1
1903-07-16,99.2,100.24973405556094,114.6,27.7
1903-08-16,96.1000031,95.18164356724115,170.1,27.300001
1903-09-16,87.0,87.7758702480939,223.5,27.2
1903-10-16,96.1000031,96.74362894912262,106.700005,26.7
1903-11-16,99.0,100.22388131604426,8.6,24.9
1903-12-16,96.1000031,97.44246663670586,16.300001,23.0
1904-01-16,105.4,105.19444396870412,1.6,23.7
1904-02-15,124.7,121.67578355565993,4.5,26.4
1904-03-16,151.9,152.29757957806322,34.9,28.5
1904-04-16,153.0,151.74601255439387,169.5,29.7
1904-05-16,117.8,118.38918130911156,205.0,29.0
1904-06-16,99.0,99.68588361604189,100.8,28.1
1904-07-16,99.2,99.54446977596804,93.6,27.7
1904-08-16,93.0,94.02676671123044,96.4,27.4
1904-09-16,87.0,87.16799965077185,264.6,27.2
1904-10-16,99.2,99.3317052433162,132.2,26.800001
1904-11-16,102.0,101.35766135948971,43.5,24.9
1904-12-16,105.4,104.81179910638107,2.2,23.0
1905-01-16,105.4,104.94577131674893,3.1000001,23.6
1905-02-15,114.79999999999998,116.16309314100302,4.5,26.4
1905-03-16,151.9,151.75727169735018,91.1,28.6
1905-04-16,150.0,149.9244886025711,77.0,29.800001
1905-05-16,117.8,117.73868550364314,194.1,29.2
1905-06-16,99.0,99.2032153171034,136.6,28.1
1905-07-16,99.2,99.37967841338562,175.5,27.800001
1905-08-16,93.0,92.87074638944483,155.8,27.4
1905-09-16,87.0,87.20610862754162,220.7,27.300001
1905-10-16,99.2,98.7641873305215,101.0,26.800001
1905-11-16,99.0,98.78849612927971,24.9,25.0
1905-12-16,96.1000031,97.62933291387806,1.2,23.0
1906-01-16,102.3,102.70220094104532,1.9,23.7
1906-02-15,114.79999999999998,115.66860378980994,4.5,26.4
1906-03-16,148.79999999999998,149.85160543008863,12.5,28.300001
1906-04-16,147.0,148.01588573706528,29.2,29.9
1906-05-16,117.8,117.50246354995778,111.200005,29.2
1906-06-16,99.0,99.2238324110661,121.700005,28.1
1906-07-16,99.2,98.96439797116957,178.0,27.800001
1906-08-16,93.0,93.03028802599553,160.7,27.300001
1906-09-16,87.0,87.33751681463234,257.80002,27.300001
1906-10-16,99.2,98.89620588995024,79.200005,26.7
1906-11-16,102.0,102.02946878667241,14.1,24.9
1906-12-16,102.3,102.52397451051405,1.2,23.1
1907-01-16,105.4,104.94366401361961,7.4,23.7
1907-02-15,117.6000084,117.68854197528165,5.0,26.4
1907-03-16,151.9,151.81179654646417,171.7,28.5
1907-04-16,150.0,150.34865808313901,36.0,29.800001
1907-05-16,120.9,120.47827494244342,184.90001,28.9
1907-06-16,99.0,99.41347614433866,118.200005,28.1
1907-07-16,99.2,99.37280452061752,96.4,27.7
1907-08-16,96.1000031,95.45914620717379,97.8,27.300001
1907-09-16,87.0,88.10088565921866,152.2,27.2
1907-10-16,99.2,99.13879418429858,139.40001,26.7
1907-11-16,99.0,99.63242888323725,23.9,24.9
1907-12-16,105.4,105.13765511998123,1.4,23.0
1908-01-16,105.4,105.21875274699651,4.2000003,23.6
1908-02-15,121.8000087,120.41972373159747,12.5,26.300001
1908-03-16,151.9,151.86085162114992,14.0,28.5
1908-04-16,150.0,150.54375194366162,79.200005,29.9
1908-05-16,117.8,118.7989821533102,167.5,28.9
1908-06-16,99.0,99.82016323823568,151.5,28.1
1908-07-16,99.2,99.53479190340892,190.40001,27.7
1908-08-16,96.1000031,95.39071639509748,214.5,27.300001
1908-09-16,90.0,88.84985705157425,281.4,27.2
1908-10-16,99.2,99.89818709491053,143.8,26.7
1908-11-16,105.0,102.74784592049065,35.600002,24.9
1908-12-16,105.4,104.66118396061583,4.7000003,23.0
1909-01-16,105.4,105.27666810557012,3.3,23.6
1909-02-15,117.6000084,118.15847759289419,6.7000003,26.4
1909-03-16,151.9,151.6656844111618,17.9,28.5
1909-04-16,150.0,150.29626560777245,63.8,29.800001
1909-05-16,117.8,118.63287835921984,114.4,28.9
1909-06-16,99.0,99.2353489320576,96.200005,28.1
1909-07-16,99.2,100.28525779112434,171.8,27.7
1909-08-16,93.0,93.4381844037146,227.40001,27.300001
1909-09-16,87.0,87.84542256895493,248.6,27.2
1909-10-16,99.2,99.23493765112599,104.0,26.7
1909-11-16,102.0,101.82435519268894,61.7,24.9
1909-12-16,105.4,105.31793876357017,1.2,23.0
1910-01-16,105.4,104.67533125924251,15.6,23.6
1910-02-15,120.4,120.32604991507766,28.800001,26.4
1910-03-16,151.9,151.26744396665282,64.8,28.4
1910-04-16,150.0,150.95698711462052,93.4,29.7
1910-05-16,117.8,118.17320380790785,122.4,29.0
1910-06-16,99.0,99.13334536686045,194.7,28.1
1910-07-16,99.2,99.04930128731301,122.1,27.800001
1910-08-16,93.0,92.72885577784514,250.7,27.300001
1910-09-16,90.0,89.58013349890714,256.80002,27.1
1910-10-16,99.2,99.6311347890957,125.4,26.7
1910-11-16,102.0,101.32806026581353,15.0,24.9
1910-12-16,105.4,104.84247154431527,11.900001,23.0
1911-01-16,105.4,105.20396335402526,11.6,23.6
1911-02-15,120.4,120.61816154186033,8.6,26.4
1911-03-16,151.9,151.8427395424157,24.9,28.5
1911-04-16,150.0,150.02513978699787,96.6,29.7
1911-05-16,117.8,117.59511702301984,111.9,29.0
1911-06-16,99.0,99.40917079267541,117.9,28.1
1911-07-16,99.2,99.2786919171165,102.1,27.7
1911-08-16,93.0,93.12222372214507,84.5,27.300001
1911-09-16,87.0,87.52846643035342,244.2,27.2
1911-10-16,99.2,99.51154994643036,107.4,26.7
1911-11-16,96.0,98.14329065401144,1.2,25.0
1911-12-16,102.3,102.54738510577269,1.3000001,23.1
1912-01-16,105.4,104.80449062212298,4.4,23.5
1912-02-15,121.8000087,119.46580607372663,2.9,26.4
1912-03-16,148.79999999999998,149.79224999474582,58.7,28.5
1912-04-16,150.0,150.09128004790065,65.200005,29.9
1912-05-16,117.8,117.75274371459588,109.1,29.1
1912-06-16,99.0,99.3415687817099,89.6,28.1
1912-07-16,99.2,100.15595152465474,169.1,27.7
1912-08-16,96.1000031,95.54042854836347,190.6,27.300001
1912-09-16,90.0,89.23464048878535,120.1,27.2
1912-10-16,99.2,99.31918802604517,113.200005,26.7
1912-11-16,105.0,102.43463518897191,55.0,24.9
1912-12-16,105.4,105.0614219654608,0.6,23.0
1913-01-16,105.4,105.16805986511159,4.2000003,23.7
1913-02-15,117.6000084,118.5603239495203,14.2,26.5
1913-03-16,151.9,152.03245269571812,7.7000003,28.6
1913-04-16,150.0,150.75807384264374,51.0,29.800001
1913-05-16,120.9,119.92642761903086,197.8,29.1
1913-06-16,102.0,100.84063047322311,109.9,28.1
1913-07-16,102.3,101.81821381221707,159.1,27.7
1913-08-16,96.1000031,96.47997429533532,193.1,27.4
1913-09-16,90.0,88.52125013626309,221.90001,27.2
1913-10-16,99.2,99.81109115367298,51.600002,26.7
1913-11-16,102.0,101.78502383397827,57.9,24.9
1913-12-16,105.4,104.37699162021131,7.4,23.0
1914-01-16,105.4,105.20732261219193,5.2000003,23.6
1914-02-15,117.6000084,118.2644924569866,13.6,26.4
1914-03-16,151.9,151.41984319899916,66.9,28.5
1914-04-16,150.0,150.63919531603693,68.0,29.800001
1914-05-16,117.8,118.22197465341473,102.5,29.0
1914-06-16,102.0,101.16556926035267,122.8,28.1
1914-07-16,102.3,101.48628062962607,151.5,27.7
1914-08-16,96.1000031,96.30545823441892,129.1,27.300001
1914-09-16,90.0,90.46323355763687,148.90001,27.300001
1914-10-16,99.2,99.65798233073839,147.90001,26.800001
1914-11-16,102.0,100.87624000146494,53.2,25.0
1914-12-16,102.3,103.37838101147682,3.6000001,23.1
1915-01-16,105.4,105.51621180359116,0.0,23.7
1915-02-15,117.6000084,117.76651245712222,3.7,26.5
1915-03-16,151.9,151.78041869296712,43.9,28.6
1915-04-16,153.0,152.10959537644788,102.0,29.9
1915-05-16,120.9,119.85376449494494,136.0,29.1
1915-06-16,102.0,101.44096899730528,123.4,28.4
1915-07-16,102.3,101.34028703229923,121.200005,27.800001
1915-08-16,93.0,94.15386365250443,140.0,27.300001
1915-09-16,90.0,90.44316200032392,263.2,27.300001
1915-10-16,99.2,99.06931783252682,206.90001,26.7
1915-11-16,102.0,102.06204184351375,20.1,24.9
1915-12-16,108.5,107.07840589581004,5.5,22.9
1916-01-16,105.4,105.48977713921332,0.4,23.5
1916-02-15,124.7,122.41032606029955,13.2,26.4
1916-03-16,151.9,152.0668640735389,112.4,28.6
1916-04-16,150.0,150.7847992443282,23.300001,29.800001
1916-05-16,120.9,120.19853186928292,116.5,29.0
1916-06-16,102.0,101.70115101233469,138.90001,28.1
1916-07-16,99.2,100.34639882751824,151.90001,27.7
1916-08-16,96.1000031,95.30579801611738,206.6,27.300001
1916-09-16,90.0,90.04673695508637,280.2,27.2
1916-10-16,102.3,101.58607585198654,123.0,26.7
1916-11-16,105.0,103.77791014715336,17.6,24.9
1916-12-16,105.4,104.88821594666892,4.2000003,22.9
1917-01-16,105.4,105.55247947137315,0.2,23.5
1917-02-15,117.6000084,119.37510291056009,0.2,26.4
1917-03-16,151.9,151.39436997747592,50.8,28.5
1917-04-16,150.0,150.2994772665124,31.0,29.800001
1917-05-16,117.8,118.2762467088351,115.8,29.0
1917-06-16,102.0,101.23679814042544,118.5,28.1
1917-07-16,102.3,101.41593161568649,129.1,27.7
1917-08-16,96.1000031,96.5047945756343,195.5,27.300001
1917-09-16,90.0,89.94186031752129,336.30002,27.2
1917-10-16,102.3,101.18124803605909,220.1,26.7
1917-11-16,102.0,103.18362049807877,8.2,24.9
1917-12-16,105.4,105.23519145918549,5.6,23.0
1918-01-16,102.3,103.33003274402907,0.0,23.300001
1918-02-15,120.4,120.69324126887254,24.5,26.300001
1918-03-16,151.9,152.58390445594165,62.5,28.5
1918-04-16,153.0,151.89609080008148,94.5,29.800001
1918-05-16,120.9,120.59228096884112,143.5,28.9
1918-06-16,99.0,99.53755757120233,114.4,28.1
1918-07-16,99.2,99.1295645948568,49.3,27.7
1918-08-16,93.0,94.56082744416197,173.5,27.300001
1918-09-16,87.0,87.61976162849159,318.0,27.2
1918-10-16,99.2,99.92514007640989,36.600002,26.7
1918-11-16,99.0,99.38369953587001,12.3,24.9
1918-12-16,102.3,102.57980082146146,0.6,23.0
1919-01-16,105.4,105.37056514268714,0.0,23.7
1919-02-15,117.6000084,117.91312232094054,40.8,26.4
1919-03-16,148.79999999999998,150.209519386308,64.6,28.5
1919-04-16,150.0,150.55574458127302,96.0,29.9
1919-05-16,117.8,117.66427901993939,115.700005,29.1
1919-06-16,102.0,101.82960655598552,136.1,28.1
1919-07-16,99.2,100.34070016346321,164.40001,27.7
1919-08-16,96.1000031,95.36438524679012,115.0,27.4
1919-09-16,90.0,90.09101383601867,150.8,27.300001
1919-10-16,99.2,99.87615540411292,52.2,26.800001
1919-11-16,102.0,100.97121151410899,26.6,24.9
1919-12-16,102.3,103.0121320673326,0.1,23.0
1920-01-16,105.4,104.89587059988193,7.7000003,23.6
1920-02-15,121.8000087,120.26354831158909,5.6,26.300001
1920-03-16,151.9,151.97759253476175,34.5,28.6
1920-04-16,153.0,151.62028109200912,67.5,29.800001
1920-05-16,117.8,118.255973440492,122.4,29.0
1920-06-16,99.0,99.67098876274815,115.9,28.1
1920-07-16,102.3,101.41908793487436,139.3,27.7
1920-08-16,93.0,93.82422133089884,128.2,27.300001
1920-09-16,90.0,88.6012927405044,238.6,27.2
1920-10-16,102.3,100.79957605697882,122.8,26.7
1920-11-16,99.0,100.06757851683014,15.3,24.9
1920-12-16,102.3,102.9523411195383,5.2000003,23.0
1921-01-16,105.4,104.96080545779202,23.0,23.7
1921-02-15,120.4,120.16751683367778,7.4,26.300001
1921-03-16,151.9,152.0682210386509,56.5,28.5
1921-04-16,153.0,151.6657682391224,84.0,29.9
1921-05-16,120.9,119.7671073406886,150.8,29.0
1921-06-16,102.0,101.52738154419225,88.200005,28.1
1921-07-16,102.3,102.17486118034441,171.40001,27.7
1921-08-16,96.1000031,95.59946897394813,142.7,27.300001
1921-09-16,90.0,89.75181578181217,352.2,27.2
1921-10-16,99.2,100.84583468329187,27.1,26.6
1921-11-16,105.0,103.60656186627881,12.3,24.9
1921-12-16,105.4,105.71295754155777,0.1,23.1
1922-01-16,105.4,105.46032208956223,5.8,23.7
1922-02-15,117.6000084,118.48486699668545,0.2,26.4
1922-03-16,151.9,151.85629871504057,62.5,28.5
1922-04-16,150.0,151.00486859785806,43.100002,29.7
1922-05-16,117.8,118.08259495119698,118.9,29.0
1922-06-16,99.0,99.76097316664324,79.3,28.1
1922-07-16,102.3,102.07012272793311,129.1,27.7
1922-08-16,96.1000031,96.22567300821284,165.3,27.300001
1922-09-16,90.0,88.28560842924243,343.80002,27.2
1922-10-16,99.2,99.99833039977919,50.0,26.7
1922-11-16,102.0,101.92617538422232,39.2,24.800001
1922-12-16,105.4,105.67780665213353,0.2,22.9
1923-01-16,105.4,105.16024294871852,13.2,23.7
1923-02-15,120.4,120.50541162505954,18.0,26.300001
1923-03-16,151.9,152.18290292798082,41.0,28.5
1923-04-16,153.0,151.6206373608416,133.3,29.800001
1923-05-16,120.9,120.25070691587673,135.40001,28.9
1923-06-16,102.0,100.86255344963432,198.8,28.0
1923-07-16,102.3,101.88481971124466,97.4,27.6
1923-08-16,99.2,97.7671703126022,151.1,27.300001
1923-09-16,90.0,90.64973898163498,146.90001,27.2
1923-10-16,99.2,99.37554071764355,189.40001,26.7
1923-11-16,102.0,101.91168166081809,16.6,25.0
1923-12-16,102.3,103.30231139413316,0.0,23.1
1924-01-16,105.4,105.09189195047918,5.2000003,23.7
1924-02-15,121.8000087,120.54401309109775,0.2,26.4
1924-03-16,151.9,151.6473313270409,35.4,28.6
1924-04-16,153.0,151.68125021559325,112.8,29.800001
1924-05-16,117.8,118.50023894895801,102.4,29.0
1924-06-16,102.0,101.23053592980725,155.5,28.1
1924-07-16,102.3,101.24931863222616,180.0,27.6
1924-08-16,96.1000031,95.76798413171724,232.6,27.300001
1924-09-16,90.0,89.88776901614094,283.80002,27.2
1924-10-16,102.3,100.65082432327691,99.200005,26.7
1924-11-16,99.0,100.60422187134427,1.6,24.9
1924-12-16,108.5,106.235338272602,4.6,23.0
1925-01-16,105.4,105.39946679681718,0.3,23.5
1925-02-15,120.4,120.49558934574019,9.7,26.300001
1925-03-16,151.9,152.02432662278875,48.7,28.5
1925-04-16,153.0,152.1734984786525,114.6,29.7
1925-05-16,117.8,118.09745083758719,93.200005,29.0
1925-06-16,99.0,99.73583525696235,122.9,28.1
1925-07-16,102.3,101.70749836072535,80.6,27.7
1925-08-16,96.1000031,96.03003164632268,190.2,27.300001
1925-09-16,90.0,89.30271534184104,218.2,27.2
1925-10-16,99.2,100.21392445355382,110.0,26.6
1925-11-16,102.0,102.46267056626705,2.9,24.9
1925-12-16,105.4,105.68498323424173,2.1000001,22.9
1926-01-16,105.4,105.18483911815754,0.4,23.6
1926-02-15,117.6000084,117.94945781241917,8.1,26.4
1926-03-16,151.9,151.35921462650492,65.0,28.5
1926-04-16,150.0,150.1280752833506,41.7,29.800001
1926-05-16,114.7,116.06606358643597,70.1,29.1
1926-06-16,99.0,99.50298672378466,137.5,28.1
1926-07-16,99.2,100.1214085107396,181.0,27.7
1926-08-16,96.1000031,95.6466817982188,216.0,27.300001
1926-09-16,90.0,88.74958964202955,250.8,27.2
1926-10-16,99.2,99.05848568824477,127.1,26.7
1926-11-16,102.0,101.65743669560662,6.6,24.9
1926-12-16,102.3,102.85606257836034,11.8,23.0
1927-01-16,105.4,105.5061900235492,2.7,23.6
1927-02-15,117.6000084,118.43418644545146,43.9,26.4
1927-03-16,151.9,151.85713175539888,40.600002,28.5
1927-04-16,153.0,151.46217631909536,140.8,29.7
1927-05-16,120.9,120.0066745539261,191.5,28.9
1927-06-16,102.0,101.21155053399924,118.9,28.1
1927-07-16,102.3,101.53764523011657,148.5,27.7
1927-08-16,96.1000031,96.28678686601015,108.8,27.300001
1927-09-16,90.0,90.63352874975655,177.0,27.2
1927-10-16,102.3,100.43969378095056,131.6,26.7
1927-11-16,102.0,102.01852923781587,7.2000003,24.9
1927-12-16,105.4,105.60343496030795,0.2,23.0
1928-01-16,105.4,106.43111470884271,4.9,24.300001
1928-02-15,121.8000087,120.78095675113128,47.4,26.300001
1928-03-16,151.9,152.6458847543003,39.0,28.7
1928-04-16,153.0,151.90546381392457,181.5,29.9
1928-05-16,120.9,120.36779885907353,153.2,29.2
1928-06-16,102.0,101.8440884910828,128.1,28.1
1928-07-16,102.3,102.51863604472716,113.200005,27.9
1928-08-16,96.1000031,96.54220280304605,106.0,27.5
1928-09-16,90.0,90.21420295353626,216.6,27.5
1928-10-16,99.2,99.69934422532249,83.700005,26.2
1928-11-16,102.0,101.84353869754442,2.2,24.7
1928-12-16,105.4,105.69410239016901,0.0,23.5
1929-01-16,105.4,105.84363943795873,1.5,24.2
1929-02-15,120.4,122.13342789855146,35.2,26.7
1929-03-16,151.9,151.6595492522964,59.9,28.4
1929-04-16,153.0,151.7572455011125,124.6,29.6
1929-05-16,120.9,120.62134700436262,148.2,29.2
1929-06-16,102.0,101.51487644268116,114.9,28.2
1929-07-16,105.4,103.03589123627891,137.0,27.9
1929-08-16,96.1000031,96.289016165837,174.2,27.300001
1929-09-16,90.0,90.84217916328024,191.1,27.4
1929-10-16,102.3,100.48064406715005,105.8,26.9
1929-11-16,102.0,102.4541091446127,2.6000001,24.9
1929-12-16,105.4,104.56232169270149,4.4,23.6
1930-01-16,102.3,103.4164763989483,8.400001,23.4
1930-02-15,120.4,120.85362511446475,1.2,26.6
1930-03-16,151.9,150.72959853228198,34.0,28.2
1930-04-16,153.0,154.32418863546098,64.700005,30.1
1930-05-16,120.9,119.88058420308509,134.7,29.0
1930-06-16,99.0,99.70870708812348,161.2,28.1
1930-07-16,102.3,102.08503690095216,177.1,28.0
1930-08-16,96.1000031,96.15202556049596,129.3,27.300001
1930-09-16,87.0,87.60113610349876,299.6,27.1
1930-10-16,99.2,100.42650659490079,27.0,26.9
1930-11-16,102.0,101.87252417963504,7.7000003,25.1
1930-12-16,105.4,105.10930207237254,1.7,23.300001
1931-01-16,105.4,105.80902201035592,0.4,23.9
1931-02-15,123.20000000000002,123.32531741878492,14.2,27.2
1931-03-16,151.9,152.25556605206674,2.0,28.9
1931-04-16,153.0,153.67136791389817,70.700005,30.6
1931-05-16,117.8,117.80899751539698,105.5,29.1
1931-06-16,102.0,101.14695650602572,147.90001,28.5
1931-07-16,99.2,99.38087296182397,187.5,27.800001
1931-08-16,93.0,94.30757007711117,139.3,27.300001
1931-09-16,90.0,89.00497021414458,259.0,27.2
1931-10-16,99.2,99.48431993971748,69.8,26.5
1931-11-16,102.0,102.36870417051762,3.0,24.9
1931-12-16,105.4,105.3371191371566,0.1,23.1
1932-01-16,105.4,105.33511367190128,0.3,23.5
1932-02-15,118.9,118.27560883044751,14.8,25.9
1932-03-16,151.9,150.8882953401674,10.8,28.300001
1932-04-16,153.0,152.14505984302355,97.1,30.0
1932-05-16,117.8,118.17928264486227,146.40001,29.5
1932-06-16,99.0,100.1089338623548,80.9,28.300001
1932-07-16,99.2,100.19809406712179,180.5,27.800001
1932-08-16,93.0,93.09366851325838,119.9,27.300001
1932-09-16,87.0,88.06850187019458,266.30002,27.2
1932-10-16,99.2,99.377695358193,188.8,26.5
1932-11-16,99.0,99.13894153813554,20.1,25.1
1932-12-16,105.4,105.68777935516144,0.0,22.800001
1933-01-16,102.3,103.47571657084531,0.0,23.5
1933-02-15,117.6000084,118.32283278811919,25.7,26.4
1933-03-16,151.9,151.96509692938682,3.3,28.5
1933-04-16,150.0,150.2356632315159,84.6,29.800001
1933-05-16,117.8,117.90945484766489,96.1,29.0
1933-06-16,99.0,99.25206475132332,113.5,28.1
1933-07-16,99.2,99.8112650312006,212.6,27.7
1933-08-16,93.0,93.47793195515146,103.9,27.300001
1933-09-16,87.0,87.15982380499088,277.2,27.2
1933-10-16,99.2,99.7006409390878,96.200005,26.7
1933-11-16,102.0,100.94300798971321,31.800001,24.800001
1933-12-16,105.4,105.48045328424752,0.0,23.0
1934-01-16,105.4,104.93546724154723,3.8,23.5
1934-02-15,117.6000084,119.42951380604019,20.300001,26.300001
1934-03-16,151.9,151.39561691838963,58.9,28.4
1934-04-16,150.0,150.83362379212235,69.3,29.7
1934-05-16,117.8,117.84327791202935,87.700005,29.0
1934-06-16,99.0,98.79079943347801,138.0,28.0
1934-07-16,99.2,100.08491747909973,170.2,27.7
1934-08-16,96.1000031,95.11425440070683,201.40001,27.300001
1934-09-16,87.0,87.96598420383287,280.6,27.2
1934-10-16,99.2,99.71667958560941,124.0,26.6
1934-11-16,99.0,99.38025996986218,34.4,24.9
1934-12-16,105.4,104.3768286714266,6.8,22.9
1935-01-16,102.3,103.74018617321428,0.90000004,23.5
1935-02-15,117.6000084,117.9015540623796,45.9,26.4
1935-03-16,148.79999999999998,150.25645780498888,26.7,28.5
1935-04-16,150.0,150.4344193260666,122.8,29.800001
1935-05-16,117.8,118.11115016008367,165.1,29.0
1935-06-16,99.0,99.29638682076563,105.6,28.1
1935-07-16,102.3,100.89726248220578,148.3,27.7
1935-08-16,96.1000031,96.01262948562966,122.200005,27.300001
1935-09-16,87.0,87.49243612504381,341.80002,27.1
1935-10-16,99.2,99.03273544150804,232.7,26.7
1935-11-16,99.0,99.6293085838762,23.300001,24.9
1935-12-16,102.3,103.02510477168634,7.9,23.0
1936-01-16,105.4,105.41388512417483,0.4,23.5
1936-02-15,121.8000087,121.14548394755377,22.6,26.300001
1936-03-16,151.9,151.4196807823255,44.9,28.4
1936-04-16,150.0,150.24702192017537,36.2,29.800001
1936-05-16,117.8,117.95595840880029,207.3,28.9
1936-06-16,102.0,100.92369776055794,168.7,28.1
1936-07-16,99.2,99.82055781906578,232.3,27.7
1936-08-16,93.0,94.04616698995274,89.1,27.300001
1936-09-16,90.0,89.82684704578466,156.2,27.2
1936-10-16,99.2,99.33937026246232,47.8,26.6
1936-11-16,108.000003,106.74170696267852,4.0,24.9
1936-12-16,108.5,109.00103160734774,0.3,23.1
1937-01-16,108.5,109.2606477836432,0.2,23.6
1937-02-15,114.79999999999998,116.90068226808522,28.1,26.4
1937-03-16,170.5,170.41546339856484,11.7,28.5
1937-04-16,156.000009,156.93841073958032,100.3,30.4
1937-05-16,111.6000031,110.26600437382896,176.6,28.2
1937-06-16,99.0,98.30060430054716,89.0,28.0
1937-07-16,89.89999999999999,90.78889863545618,186.90001,26.9
1937-08-16,89.89999999999999,88.5287763153495,175.90001,27.1
1937-09-16,81.0,81.12671893251762,221.6,26.7
1937-10-16,108.5,107.78762875436985,99.3,26.5
1937-11-16,102.0,101.38408288481709,40.600002,26.0
1937-12-16,108.5,107.31728398426999,0.5,24.4
1938-01-16,105.4,106.02657750742706,1.2,23.9
1938-02-15,120.4,120.67718559479644,15.5,26.2
1938-03-16,158.1,157.90236941535517,13.5,27.7
1938-04-16,147.0,146.7172308305298,75.1,29.0
1938-05-16,108.5,108.22331803045901,159.6,27.9
1938-06-16,93.000003,93.51305718044911,181.5,27.1
1938-07-16,93.0,92.07512866645848,204.40001,26.5
1938-08-16,93.0,92.65652796560157,99.200005,27.300001
1938-09-16,84.0,84.71659895216116,279.6,26.800001
1938-10-16,96.1000031,95.90813400332289,143.90001,26.300001
1938-11-16,102.0,101.50521396041168,5.6,24.2
1938-12-16,105.4,105.97894881788318,1.2,23.5
1939-01-16,108.5,108.35218321777663,0.3,23.7
1939-02-15,126.0,125.66918387151756,28.300001,26.300001
1939-03-16,155.0,155.00217870218992,68.1,28.2
1939-04-16,153.0,152.14467213870583,63.8,29.300001
1939-05-16,117.8,117.76990225027843,125.8,28.7
1939-06-16,99.0,98.08213619204572,101.700005,27.7
1939-07-16,96.1000031,95.68127196536177,84.1,27.6
1939-08-16,89.89999999999999,89.90245986623373,118.700005,27.300001
1939-09-16,87.0,86.24693862401526,275.2,27.1
1939-10-16,105.4,104.91775460938959,52.9,26.7
1939-11-16,99.0,99.87729625026404,29.2,25.800001
1939-12-16,99.2,100.14292282584294,0.1,19.7
1940-01-16,108.5,108.30731528423158,0.0,21.300001
1940-02-15,124.7,124.25955908253185,2.9,26.1
1940-03-16,164.29999999999998,163.86552902340216,8.8,28.2
1940-04-16,162.0,162.08271787162775,48.7,30.6
1940-05-16,124.0,123.73975368724162,172.1,29.4
1940-06-16,102.0,102.67411038792456,116.6,28.4
1940-07-16,99.2,98.84263851332355,59.0,27.800001
1940-08-16,93.0,92.76026244720364,174.2,27.2
1940-09-16,93.000003,93.0817728017264,212.5,27.800001
1940-10-16,111.6000031,111.0615611905627,80.1,27.7
1940-11-16,108.000003,107.15414363956756,14.6,25.800001
1940-12-16,111.6000031,110.72639604714753,0.0,24.2
1941-01-16,117.8,118.24772555505741,1.7,26.4
1941-02-15,128.79999999999998,128.4575284380821,12.1,27.4
1941-03-16,164.29999999999998,164.59856786399877,38.0,29.5
1941-04-16,162.0,160.7838036223392,106.0,30.9
1941-05-16,124.0,123.75731433517262,177.7,29.5
1941-06-16,99.0,99.03814234496588,124.0,28.5
1941-07-16,99.2,98.59383057724325,77.6,28.300001
1941-08-16,89.89999999999999,90.79700637101917,193.1,27.6
1941-09-16,93.000003,94.11923353609899,163.90001,27.9
1941-10-16,102.3,102.62916959609346,189.0,27.1
1941-11-16,105.0,105.38377766541055,6.0,25.800001
1941-12-16,111.6000031,111.14741543013405,0.2,24.6
1942-01-16,114.7,114.8495148927653,2.8,23.7
1942-02-15,123.20000000000002,123.64488925171909,10.8,26.5
1942-03-16,155.0,155.226428975254,67.5,28.5
1942-04-16,153.0,152.73524536028557,155.40001,29.7
1942-05-16,117.8,118.24036965151595,181.7,28.9
1942-06-16,99.0,99.39694238892486,193.5,28.0
1942-07-16,96.1000031,96.32540470469692,153.2,27.6
1942-08-16,96.1000031,96.4464149501452,242.6,27.1
1942-09-16,93.000003,92.54940107121949,332.80002,27.1
1942-10-16,105.4,104.56308121986783,150.3,26.7
1942-11-16,102.0,101.15169507796965,24.6,24.9
1942-12-16,102.3,102.94763971350658,1.6,23.0
1943-01-16,114.7,114.81714289204817,0.1,23.6
1943-02-15,126.0,125.95857763864058,5.9,26.2
1943-03-16,161.2000093,160.76298809187605,46.3,28.4
1943-04-16,156.000009,153.93363416708826,117.1,29.7
1943-05-16,124.0,123.46277824659236,153.7,28.9
1943-06-16,108.000003,106.31486268251663,128.7,27.9
1943-07-16,105.4,104.18837506597727,181.8,27.6
1943-08-16,102.3,102.75247266724497,143.40001,27.1
1943-09-16,90.0,89.8975991543316,285.9,27.0
1943-10-16,105.4,106.19287744584709,9.3,26.7
1943-11-16,105.0,103.04540374508767,68.6,24.800001
1943-12-16,108.5,108.53894732962186,1.0,23.0
1944-01-16,111.6000031,112.77445720358415,0.1,23.7
1944-02-15,130.5,129.10113070360416,30.0,26.4
1944-03-16,164.29999999999998,163.95209187120284,25.4,28.5
1944-04-16,162.0,161.74487023347382,85.700005,29.7
1944-05-16,124.0,123.64544854139363,155.8,28.7
1944-06-16,111.0,110.74844083606396,132.6,27.9
1944-07-16,102.3,103.53029741441736,95.8,27.6
1944-08-16,99.2,100.48643671020778,212.0,27.2
1944-09-16,87.0,87.52894189206737,157.8,27.2
1944-10-16,105.4,104.77257496805261,146.2,26.7
1944-11-16,105.0,103.71193762403499,27.1,24.800001
1944-12-16,108.5,108.28119894507323,0.3,22.7
1945-01-16,111.6000031,110.75372723682845,17.5,23.5
1945-02-15,117.6000084,119.50419796986338,47.8,26.4
1945-03-16,176.7000093,175.0821450074278,17.6,28.300001
1945-04-16,159.0,158.24698616132648,106.0,29.6
1945-05-16,127.1,126.88993902605424,153.8,28.9
1945-06-16,105.0,104.54787598208914,209.40001,28.0
1945-07-16,105.4,104.96864341303848,156.1,27.7
1945-08-16,102.3,102.91503440254758,171.8,27.300001
1945-09-16,96.0,97.53035042979172,324.2,27.1
1945-10-16,105.4,105.68748874064964,24.9,26.5
1945-11-16,102.0,103.12236501687148,12.2,25.0
1945-12-16,105.4,105.15826024144468,7.0,23.0
1946-01-16,108.5,108.45315563356797,0.0,22.800001
1946-02-15,123.20000000000002,123.27672601750618,13.900001,25.6
1946-03-16,151.9,152.4939884897175,35.9,29.1
1946-04-16,159.0,160.00931709448008,163.6,29.0
1946-05-16,111.6000031,113.6093234396795,146.2,28.300001
1946-06-16,108.000003,106.47156464690246,121.3,28.300001
1946-07-16,108.5,106.35194795943569,126.1,27.7
1946-08-16,99.2,100.18137431842042,157.6,27.300001
1946-09-16,96.0,96.72812470584977,202.5,27.300001
1946-10-16,108.5,106.83390740455513,158.1,26.5
1946-11-16,108.000003,107.83633116220578,1.0,25.2
1946-12-16,120.9,120.9784881715703,0.0,24.9
1947-01-16,117.8,118.7115273236164,9.1,26.1
1947-02-15,128.79999999999998,129.12486973419277,9.1,26.7
1947-03-16,170.5,170.3859873919236,49.4,28.4
1947-04-16,150.0,151.0373309755952,147.90001,29.0
1947-05-16,127.1,128.15268543978533,109.9,29.4
1947-06-16,105.0,105.17352220021768,109.9,28.0
1947-07-16,105.4,104.28620024940071,129.6,27.7
1947-08-16,102.3,102.06565004780167,253.3,27.6
1947-09-16,99.0,99.63074741223095,235.0,27.7
1947-10-16,108.5,107.67491747701963,55.100002,27.2
1947-11-16,105.0,104.92726986061697,0.7,24.7
1947-12-16,111.6000031,112.6035385410076,0.0,23.4
1948-01-16,111.6000031,111.76394388401042,1.5,23.300001
1948-02-15,130.5,130.3291762710881,18.2,27.4
1948-03-16,161.2000093,161.54666425991445,26.300001,29.1
1948-04-16,150.0,150.85093426598348,166.40001,29.1
1948-05-16,120.9,120.92440734868502,157.5,28.7
1948-06-16,108.000003,107.37713387359908,93.8,28.4
1948-07-16,102.3,102.4864690295699,193.3,27.5
1948-08-16,99.2,97.97579387498226,186.8,27.5
1948-09-16,93.000003,94.46550981372752,269.6,27.300001
1948-10-16,102.3,102.83730852807638,170.5,26.7
1948-11-16,102.0,103.20551596844041,1.1,23.6
1948-12-16,111.6000031,111.37047901363108,1.3000001,24.0
1949-01-16,108.5,107.74095835594571,2.0,22.4
1949-02-15,123.20000000000002,124.47435251379227,21.1,25.7
1949-03-16,161.2000093,161.43488491371983,40.4,28.9
1949-04-16,147.0,147.63808621682054,147.8,29.1
1949-05-16,120.9,120.85446994313004,124.0,28.800001
1949-06-16,111.0,111.42235607802125,57.2,28.7
1949-07-16,102.3,102.30139130052552,221.7,27.7
1949-08-16,96.1000031,95.28843056543928,223.6,27.2
1949-09-16,87.0,87.25386960808581,284.0,27.300001
1949-10-16,102.3,102.26375123641029,135.8,27.1
1949-11-16,96.0,97.53099289252091,50.2,25.1
1949-12-16,108.5,107.70289194806217,1.1,24.2
1950-01-16,114.7,114.32278386713755,0.7,23.7
1950-02-15,128.79999999999998,128.23456701991202,3.4,25.6
1950-03-16,164.29999999999998,164.0465397865462,21.6,28.7
1950-04-16,153.0,152.64686449358967,61.0,29.5
1950-05-16,120.9,120.50126083119862,190.1,28.6
1950-06-16,99.0,99.57149348730916,165.40001,27.5
1950-07-16,102.3,102.83973200751505,128.0,27.4
1950-08-16,99.2,100.61823587614592,143.2,27.800001
1950-09-16,90.0,89.1984726532279,266.0,27.1
1950-10-16,93.0,93.11738003779742,227.2,26.5
1950-11-16,102.0,101.84767541092758,14.7,25.5
1950-12-16,99.2,100.31995470793586,0.1,21.6
1951-01-16,102.3,102.07725989288993,15.5,23.1
1951-02-15,126.0,125.72395889470144,10.8,25.7
1951-03-16,158.1,158.2058842644014,41.100002,28.300001
1951-04-16,159.0,158.95748051977284,93.4,30.0
1951-05-16,117.8,118.65141743662831,203.8,28.9
1951-06-16,93.000003,93.31757561560882,119.0,27.5
1951-07-16,102.3,102.18691013986684,207.6,27.4
1951-08-16,93.0,93.65007529183971,116.5,27.4
1951-09-16,90.0,90.05944344017465,285.2,27.5
1951-10-16,96.1000031,95.81213199617896,252.6,26.800001
1951-11-16,99.0,100.11598588953916,26.9,25.6
1951-12-16,102.3,102.17327074126406,0.2,23.1
1952-01-16,108.5,109.70487277632849,0.1,23.800001
1952-02-15,130.5,129.62007817211025,16.7,27.2
1952-03-16,145.7000093,146.87604814110853,140.90001,28.1
1952-04-16,159.0,159.1306062153742,37.3,29.300001
1952-05-16,124.0,123.8143658114112,174.1,29.300001
1952-06-16,102.0,101.91223964068074,154.7,28.0
1952-07-16,96.1000031,95.92788858615985,116.8,27.5
1952-08-16,89.89999999999999,90.17030984748601,189.1,26.800001
1952-09-16,87.0,87.5978078715011,247.5,27.0
1952-10-16,93.0,92.51728055438412,219.7,26.6
1952-11-16,102.0,102.53003615618748,5.5,25.0
1952-12-16,105.4,105.46016654940098,0.1,21.6
1953-01-16,102.3,102.62782441928843,16.0,23.9
1953-02-15,112.0,112.22830166771423,42.7,25.9
1953-03-16,155.0,155.05463404852696,35.7,28.1
1953-04-16,150.0,150.14744478149362,145.90001,29.4
1953-05-16,117.8,118.07845594564303,147.90001,28.7
1953-06-16,99.0,99.91882056152177,152.40001,27.800001
1953-07-16,102.3,102.21809741573475,160.40001,27.5
1953-08-16,93.0,92.6905948628968,142.7,27.2
1953-09-16,90.0,89.46137416518181,312.80002,27.300001
1953-10-16,105.4,105.17433755811557,113.9,27.300001
1953-11-16,99.0,97.5532033726407,49.0,25.0
1953-12-16,102.3,102.32238480167844,0.4,22.9
1954-01-16,111.6000031,110.4632053942202,11.7,25.0
1954-02-15,120.4,120.26120898756396,16.300001,26.0
1954-03-16,155.0,154.1894037533329,30.5,27.800001
1954-04-16,162.0,162.16843720057503,45.3,30.1
1954-05-16,117.8,119.40470334933033,189.90001,28.7
1954-06-16,102.0,102.93277072899754,113.3,28.0
1954-07-16,105.4,105.64898317740032,80.3,28.0
1954-08-16,96.1000031,97.12502193827156,186.3,27.2
1954-09-16,84.0,84.68641826672624,350.4,26.4
1954-10-16,102.3,103.3193297799441,105.5,26.2
1954-11-16,108.000003,107.64635359062923,4.9,24.0
1954-12-16,105.4,105.40337793603491,1.6,22.2
1955-01-16,108.5,108.12570724686836,0.0,21.7
1955-02-15,123.20000000000002,123.92868881228486,5.9,26.0
1955-03-16,158.1,157.97018099622215,68.700005,28.0
1955-04-16,147.0,148.0237079336375,103.3,28.6
1955-05-16,120.9,120.22542230726482,159.1,28.6
1955-06-16,93.000003,92.80231657736853,196.5,27.0
1955-07-16,102.3,102.07766396985619,137.2,27.5
1955-08-16,96.1000031,95.00134075742051,153.3,27.0
1955-09-16,90.0,89.1819716431112,237.5,27.0
1955-10-16,105.4,105.30018317879235,31.300001,26.300001
1955-11-16,99.0,99.2254493738371,12.5,23.5
1955-12-16,111.6000031,110.49012890495217,0.0,21.300001
1956-01-16,108.5,108.41028221606955,0.4,21.9
1956-02-15,121.8000087,121.59233282089602,35.7,26.2
1956-03-16,158.1,157.6054612574527,40.8,28.4
1956-04-16,144.0,145.12757763731315,150.8,28.7
1956-05-16,111.6000031,110.64871699845119,183.6,27.9
1956-06-16,102.0,102.25457895123846,129.5,27.4
1956-07-16,99.2,99.89893532494935,171.5,27.0
1956-08-16,89.89999999999999,90.23703428448914,144.3,26.800001
1956-09-16,87.0,87.64227467515661,251.90001,26.7
1956-10-16,105.4,105.19417066826816,78.1,26.0
1956-11-16,105.0,105.1626639722599,3.1000001,23.2
1956-12-16,102.3,102.61998797851196,0.2,21.7
1957-01-16,111.6000031,110.9011387055199,5.8,23.1
1957-02-15,120.4,120.39565593822594,12.900001,25.5
1957-03-16,145.7000093,145.00866505559736,126.5,27.6
1957-04-16,153.0,151.78112599138456,91.5,29.4
1957-05-16,133.29999999999998,132.60830920088154,93.5,30.1
1957-06-16,102.0,101.91834270915501,138.5,28.4
1957-07-16,102.3,103.51844083351541,112.8,27.7
1957-08-16,99.2,99.21626693762316,176.5,27.4
1957-09-16,87.0,86.81239751252805,266.7,27.0
1957-10-16,96.1000031,95.67161930668141,98.8,26.5
1957-11-16,108.000003,107.76987065229731,3.8,25.2
1957-12-16,111.6000031,111.53900792442498,0.0,23.800001
1958-01-16,105.4,105.825722439332,17.300001,24.2
1958-02-15,117.6000084,117.166299020075,18.9,25.9
1958-03-16,158.1,158.7203888509964,37.100002,29.2
1958-04-16,159.0,158.4605536086633,58.3,30.2
1958-05-16,130.2000093,130.26285263652153,89.700005,30.2
1958-06-16,102.0,102.02554688243825,134.6,28.300001
1958-07-16,96.1000031,95.83685862492823,134.1,27.5
1958-08-16,99.2,98.51583979331849,209.40001,27.2
1958-09-16,87.0,86.43046815541256,258.6,27.0
1958-10-16,96.1000031,96.42384230703944,85.4,26.5
1958-11-16,105.0,104.9001675605628,0.4,23.800001
1958-12-16,111.6000031,110.807658086253,0.0,21.800001
1959-01-16,108.5,108.49472153135304,0.8,23.2
1959-02-15,123.20000000000002,123.70514059839068,34.5,27.1
1959-03-16,151.9,150.90047659069012,68.6,27.4
1959-04-16,150.0,151.3140051595111,74.8,29.800001
1959-05-16,124.0,124.34940300910236,154.0,29.0
1959-06-16,111.0,110.79517295937313,88.9,28.9
1959-07-16,99.2,99.2484149605081,198.2,27.2
1959-08-16,93.0,93.40083118840198,123.3,27.2
1959-09-16,84.0,84.34585538853642,406.80002,27.0
1959-10-16,105.4,103.20152005983479,45.4,26.5
1959-11-16,108.000003,108.06803131781402,7.0,25.5
1959-12-16,111.6000031,112.40080389285875,1.4,24.800001
1960-01-16,108.5,108.49302434260413,5.1,24.1
1960-02-15,127.6,126.13964210407187,0.2,25.7
1960-03-16,164.29999999999998,164.37726728729783,44.0,29.2
1960-04-16,162.0,161.75190130366803,37.4,30.7
1960-05-16,124.0,124.48496460967777,126.6,29.4
1960-06-16,102.0,102.73096686591887,110.8,28.0
1960-07-16,102.3,102.60894020644848,162.90001,27.7
1960-08-16,93.0,93.19860540217013,171.0,27.6
1960-09-16,90.0,89.53021001894221,198.7,27.300001
1960-10-16,93.0,93.00668521584288,159.0,26.6
1960-11-16,99.0,100.24157327261665,13.3,25.5
1960-12-16,105.4,105.05300372261802,0.7,22.800001
1961-01-16,108.5,107.86095628053401,1.8000001,22.9
1961-02-15,114.79999999999998,114.4615053888835,24.7,26.1
1961-03-16,155.0,154.25874519448058,42.9,28.4
1961-04-16,153.0,154.92381003753655,84.6,29.9
1961-05-16,114.7,114.33624742349488,176.8,28.6
1961-06-16,99.0,98.03674662591781,134.1,28.1
1961-07-16,96.1000031,95.89168080133994,143.7,27.6
1961-08-16,89.89999999999999,90.66737559865525,175.6,27.2
1961-09-16,81.0,81.49220360142743,296.1,26.9
1961-10-16,99.2,99.43385550744438,162.8,26.4
1961-11-16,102.0,101.63795029675293,1.1,24.7
1961-12-16,108.5,108.01866974714738,2.0,23.7
1962-01-16,99.2,100.55532102700789,1.5,22.300001
1962-02-15,123.20000000000002,122.83782377286515,1.7,24.9
1962-03-16,155.0,155.02230265197824,18.2,28.4
1962-04-16,156.000009,156.70914650662365,113.0,30.1
1962-05-16,120.9,120.36291064112183,133.2,28.800001
1962-06-16,105.0,104.49543029561475,86.6,28.1
1962-07-16,99.2,98.3166436019747,145.5,27.4
1962-08-16,96.1000031,95.20992044110245,207.0,27.0
1962-09-16,84.0,84.6407791814344,341.0,26.800001
1962-10-16,102.3,101.72819797283675,90.6,26.6
1962-11-16,105.0,105.306005558673,7.8,24.800001
1962-12-16,111.6000031,110.88484857511654,2.1000001,22.9
1963-01-16,102.3,102.19654446118082,0.0,20.6
1963-02-15,120.4,120.91556611846691,4.3,25.5
1963-03-16,151.9,151.57365178893286,43.600002,27.800001
1963-04-16,156.000009,154.73198546747687,73.0,29.300001
1963-05-16,133.29999999999998,132.81296206853474,95.6,30.2
1963-06-16,102.0,102.66184563689421,138.40001,28.2
1963-07-16,93.0,93.71542835580011,175.7,27.1
1963-08-16,96.1000031,95.54773991830088,215.5,27.2
1963-09-16,87.0,86.51490255890147,238.0,27.300001
1963-10-16,99.2,98.0603500909764,203.6,26.6
1963-11-16,99.0,100.50286731793571,66.5,25.7
1963-12-16,102.3,102.26738694674776,4.8,23.1
1964-01-16,111.6000031,110.79953397804147,1.7,23.6
1964-02-15,127.6,125.81533006192889,10.2,26.2
1964-03-16,158.1,157.5753041486317,36.9,28.2
1964-04-16,159.0,158.9354494838812,121.700005,30.300001
1964-05-16,114.7,115.3966757092563,233.2,28.4
1964-06-16,102.0,102.49276152958791,100.6,28.0
1964-07-16,102.3,102.0981599062196,166.0,27.800001
1964-08-16,96.1000031,96.44928409307745,152.6,27.2
1964-09-16,87.0,86.85786501246307,298.9,27.2
1964-10-16,96.1000031,96.05090611832061,179.5,26.9
1964-11-16,96.0,96.2822293755592,14.8,23.6
1964-12-16,99.2,99.48728469891729,1.6,22.0
1965-01-16,105.4,105.21235804071992,0.3,22.0
1965-02-15,114.79999999999998,115.74375883100548,22.2,26.5
1965-03-16,148.79999999999998,149.32479909027754,71.8,27.7
1965-04-16,153.0,151.67835291170547,90.700005,29.5
1965-05-16,120.9,120.66687082620865,151.2,28.9
1965-06-16,93.000003,92.40720134401514,147.8,27.5
1965-07-16,102.3,102.99220737267717,99.3,27.800001
1965-08-16,102.3,101.95820224950798,204.0,27.5
1965-09-16,87.0,87.48290986321028,242.8,27.0
1965-10-16,102.3,102.85869726496534,84.1,26.9
1965-11-16,108.000003,105.88830214035416,15.8,25.4
1965-12-16,105.4,105.46201829595222,1.2,24.5
1966-01-16,105.4,106.66233825665161,8.2,24.9
1966-02-15,117.6000084,118.81009983658299,24.300001,27.1
1966-03-16,158.1,159.06498463997755,44.600002,29.2
1966-04-16,156.000009,156.44528228293487,82.1,30.2
1966-05-16,111.6000031,112.07030298956309,226.2,28.6
1966-06-16,102.0,100.84743363614947,104.6,28.2
1966-07-16,99.2,99.89471052671698,130.6,27.800001
1966-08-16,93.0,93.47267044081278,249.2,27.300001
1966-09-16,90.0,90.86565361186824,179.8,26.9
1966-10-16,102.3,102.58978257037771,134.5,26.9
1966-11-16,102.0,101.55487613290572,30.5,25.1
1966-12-16,102.3,102.63401573633838,18.1,24.5
1967-01-16,96.1000031,97.07480440553863,5.1,22.9
1967-02-15,114.79999999999998,115.22761763446121,13.900001,25.5
1967-03-16,158.1,158.1667575637976,10.3,27.9
1967-04-16,150.0,150.224173561668,154.3,29.2
1967-05-16,117.8,117.43378225399971,115.700005,28.800001
1967-06-16,108.000003,107.31923249317418,97.4,28.5
1967-07-16,102.3,102.60664050423286,147.8,28.0
1967-08-16,93.0,93.46936185599337,118.1,27.2
1967-09-16,87.0,87.52239545227032,376.0,27.2
1967-10-16,102.3,102.11345261487317,46.9,26.2
1967-11-16,102.0,101.74011660607671,32.100002,25.2
1967-12-16,102.3,103.15987786550748,0.0,22.2
1968-01-16,105.4,105.10716787716798,5.1,23.4
1968-02-15,118.9,116.20547472413894,10.2,25.7
1968-03-16,148.79999999999998,149.77523291874675,36.3,28.300001
1968-04-16,144.0,143.06099574083444,136.7,28.6
1968-05-16,117.8,118.11787080486131,155.8,28.7
1968-06-16,99.0,100.56839294961185,121.700005,28.1
1968-07-16,102.3,100.58012657192317,180.90001,27.800001
1968-08-16,96.1000031,95.66250694540328,141.1,27.5
1968-09-16,96.0,95.54859719017907,204.0,27.4
1968-10-16,105.4,104.85129322968417,62.600002,26.7
1968-11-16,111.0,110.15551879432292,4.1,25.9
1968-12-16,117.8,117.23181319089716,0.2,24.800001
1969-01-16,105.4,105.34370880074584,28.1,25.7
1969-02-15,123.20000000000002,123.93981828386461,2.6000001,26.800001
1969-03-16,151.9,151.48662264810142,57.2,29.4
1969-04-16,153.0,153.5360591070164,81.0,30.2
1969-05-16,124.0,123.96535175673452,114.4,29.7
1969-06-16,102.0,102.27123762996072,177.8,28.300001
1969-07-16,96.1000031,95.34820317586721,168.8,27.2
1969-08-16,96.1000031,97.6328569627524,90.3,27.2
1969-09-16,87.0,87.77439539991232,284.6,27.0
1969-10-16,105.4,103.81733810449049,123.700005,26.9
1969-11-16,99.0,98.6324091215735,24.0,24.0
1969-12-16,102.3,103.01253860019615,0.2,22.1
1970-01-16,102.3,102.87913687941773,0.5,24.1
1970-02-15,120.4,121.13870436124134,18.0,26.0
1970-03-16,155.0,155.35366934092932,78.9,29.0
1970-04-16,147.0,146.73309527207078,107.6,29.1
1970-05-16,117.8,118.37716640469812,233.0,29.1
1970-06-16,96.0,96.65202267066196,256.80002,27.9
1970-07-16,96.1000031,95.82835925561189,129.7,27.4
1970-08-16,89.89999999999999,89.73119410350787,241.1,26.800001
1970-09-16,87.0,87.02143039112192,280.7,27.4
1970-10-16,96.1000031,97.20486938054214,78.3,26.4
1970-11-16,99.0,99.15651462927944,3.0,24.7
1970-12-16,99.2,98.28842370493037,10.400001,23.9
1971-01-16,99.2,99.05672137163681,0.90000004,22.2
1971-02-15,114.79999999999998,114.92428877870256,18.2,25.2
1971-03-16,136.4,135.91991182686297,34.4,27.300001
1971-04-16,138.0,139.9941078887953,67.5,29.300001
1971-05-16,105.4,105.86679019928485,178.8,28.6
1971-06-16,81.0,80.70793539841736,107.5,27.5
1971-07-16,83.7,84.26143277335447,111.3,27.0
1971-08-16,77.5,77.69106926223448,223.7,26.9
1971-09-16,81.0,81.78753474582138,153.3,27.300001
1971-10-16,86.8,88.43478552435373,80.3,25.9
1971-11-16,93.000003,93.96757369256126,2.7,23.2
1971-12-16,96.1000031,96.93525770230565,9.2,23.4
1972-01-16,99.2,99.96011663805868,0.0,22.300001
1972-02-15,118.9,118.56251133536685,15.400001,26.5
1972-03-16,145.7000093,145.50965500317156,49.5,27.5
1972-04-16,129.0,129.43893380815405,117.3,28.6
1972-05-16,124.0,123.78665936062545,53.100002,30.5
1972-06-16,87.0,87.00197968464207,143.8,28.2
1972-07-16,93.0,91.51558226879082,96.8,28.1
1972-08-16,80.6000031,81.36993790128818,163.5,27.5
1972-09-16,81.0,81.16051469875283,219.90001,27.4
1972-10-16,96.1000031,95.90703507115207,160.6,27.4
1972-11-16,93.000003,93.84630344945397,27.300001,25.800001
1972-12-16,99.2,98.50970201482929,15.400001,24.0
1973-01-16,108.5,109.02492061139708,0.2,23.9
1973-02-15,123.20000000000002,123.7068184674143,1.2,27.2
1973-03-16,142.6,143.00181058103658,64.1,29.0
1973-04-16,150.0,149.85595400554405,44.100002,30.7
1973-05-16,108.5,108.59939613043497,142.8,29.300001
1973-06-16,84.0,84.19491659644092,127.4,28.5
1973-07-16,93.0,93.18547584784326,157.7,28.0
1973-08-16,77.5,77.75094600270718,159.0,27.300001
1973-09-16,78.00000299999999,78.09828453777378,298.2,27.300001
1973-10-16,93.0,92.948088161581,52.100002,26.6
1973-11-16,90.0,91.02487434450731,4.1,24.0
1973-12-16,96.1000031,96.44760753386572,0.1,21.7
1974-01-16,102.3,102.99080702004652,4.5,22.9
1974-02-15,109.2,111.37964311247865,9.5,25.2
1974-03-16,136.4,136.13943105940146,42.100002,27.4
1974-04-16,126.000009,127.1477401305312,110.200005,28.9
1974-05-16,111.6000031,111.98933565813157,103.700005,28.2
1974-06-16,84.0,84.80650967913778,76.6,27.9
1974-07-16,86.8,87.15223213531027,142.7,27.7
1974-08-16,77.5,77.28160111025441,191.90001,27.300001
1974-09-16,81.0,80.47485437363024,191.6,27.300001
1974-10-16,86.8,87.67317313750407,169.5,26.800001
1974-11-16,90.0,90.77220246336873,35.100002,24.800001
1974-12-16,96.1000031,95.8166285803773,0.4,23.1
1975-01-16,93.0,93.90623782164958,33.100002,23.9
1975-02-15,114.79999999999998,114.51233067433068,29.0,26.300001
1975-03-16,142.6,142.2653190763133,54.8,28.6
1975-04-16,141.000009,139.34530305046934,21.7,30.300001
1975-05-16,105.4,105.16196013256447,170.90001,28.7
1975-06-16,78.00000299999999,78.81955864802681,121.8,27.6
1975-07-16,86.8,86.26022273614447,140.90001,27.5
1975-08-16,77.5,77.940858247416,179.3,27.2
1975-09-16,87.0,86.17227148774657,252.40001,27.0
1975-10-16,96.1000031,94.74598048738969,171.3,26.7
1975-11-16,93.000003,93.56513923039915,16.0,24.5
1975-12-16,99.2,99.05100076823273,0.5,21.0
1976-01-16,105.4,105.54380700222998,0.0,23.2
1976-02-15,121.8000087,120.84495546960346,19.6,26.300001
1976-03-16,139.5,141.09597665785387,42.0,27.9
1976-04-16,141.000009,140.7653853775382,90.4,29.800001
1976-05-16,99.2,99.75620446902596,195.6,28.1
1976-06-16,93.000003,93.88622258624767,88.6,28.4
1976-07-16,86.8,86.50960829926568,149.5,27.800001
1976-08-16,77.5,77.76715623458561,186.0,26.9
1976-09-16,81.0,80.70155661454149,278.6,27.300001
1976-10-16,89.89999999999999,90.7412778047836,164.8,27.2
1976-11-16,93.000003,92.7912761729969,16.9,24.300001
1976-12-16,99.2,98.27952549789529,3.0,23.0
1977-01-16,102.3,102.18587440611944,5.9,24.300001
1977-02-15,112.0,111.80237245487993,1.4,25.2
1977-03-16,139.5,137.95278702431457,31.4,27.7
1977-04-16,138.0,138.90412959202118,95.700005,29.5
1977-05-16,108.5,108.42649703228956,159.3,29.0
1977-06-16,99.0,99.5753364753773,72.6,29.300001
1977-07-16,96.1000031,95.56120740409386,96.700005,28.300001
1977-08-16,86.8,87.16544813722149,158.3,27.800001
1977-09-16,78.00000299999999,78.20027434994616,198.90001,27.2
1977-10-16,96.1000031,97.52175216967812,47.9,27.5
1977-11-16,96.0,95.94835767137964,7.7000003,24.7
1977-12-16,99.2,98.26810852260698,14.900001,23.0
1978-01-16,102.3,103.10119747446447,10.2,25.1
1978-02-15,106.4,106.83550602995976,35.600002,26.4
1978-03-16,148.79999999999998,148.6670089424262,42.4,29.6
1978-04-16,141.000009,141.04779391788298,78.700005,30.300001
1978-05-16,105.4,105.40635845390895,167.1,29.300001
1978-06-16,84.0,85.01188425313916,123.5,28.5
1978-07-16,89.89999999999999,89.41901353903603,278.2,27.6
1978-08-16,77.5,77.63081005669159,210.1,27.300001
1978-09-16,75.0,75.37896312806907,306.80002,27.1
1978-10-16,93.0,93.13872080282611,98.200005,26.7
1978-11-16,99.0,98.4962594154621,9.400001,24.9
1978-12-16,102.3,102.27626828995483,0.1,23.5
1979-01-16,108.5,109.39392147030993,1.5,25.5
1979-02-15,120.4,120.84113605814925,18.4,27.6
1979-03-16,164.29999999999998,163.97844528631225,3.8,30.1
1979-04-16,144.0,144.66796464715972,106.6,30.6
1979-05-16,111.6000031,111.54128961672718,167.90001,29.800001
1979-06-16,84.0,83.60415345213795,152.3,28.300001
1979-07-16,89.89999999999999,90.65828681399104,95.0,28.4
1979-08-16,83.7,83.8077623997195,133.90001,27.7
1979-09-16,81.0,80.17017641163089,219.3,27.6
1979-10-16,108.5,107.8809718433889,7.8,26.7
1979-11-16,108.000003,106.59587381730749,0.8,24.7
1979-12-16,108.5,108.7012824674685,0.1,23.4
1980-01-16,108.5,109.2680698326848,0.1,24.0
1980-02-15,121.8000087,120.94599042891228,10.8,26.9
1980-03-16,151.9,152.1656919998229,36.2,29.4
1980-04-16,147.0,147.48816252893528,60.8,30.800001
1980-05-16,117.8,117.55520836472121,196.3,30.0
1980-06-16,81.0,81.00510027944915,205.90001,27.800001
1980-07-16,86.8,86.09011091768856,177.1,28.1
1980-08-16,83.7,83.01912204464008,144.1,27.300001
1980-09-16,75.0,75.45446854394363,311.2,27.1
1980-10-16,86.8,88.08672528293896,128.90001,26.7
1980-11-16,96.0,96.16824954539916,11.5,25.1
1980-12-16,99.2,99.67972193348581,0.1,23.1
1981-01-16,99.2,98.81897610673018,0.0,22.5
1981-02-15,114.79999999999998,115.99200551269341,15.5,26.300001
1981-03-16,145.7000093,146.921600778816,38.0,28.2
1981-04-16,132.0,132.05252196332142,101.3,28.7
1981-05-16,102.3,103.02096707594426,166.40001,28.1
1981-06-16,78.00000299999999,78.96917845955497,172.7,27.2
1981-07-16,80.6000031,79.90816426194634,231.40001,26.9
1981-08-16,77.5,77.6129835169481,167.8,26.800001
1981-09-16,81.0,81.40504871865511,165.7,26.9
1981-10-16,89.89999999999999,89.51818725565747,144.2,26.6
1981-11-16,90.0,90.67298159351948,47.100002,24.6
1981-12-16,93.0,94.22513706618125,0.0,21.7
1982-01-16,102.3,102.22759551661277,0.0,22.6
1982-02-15,117.6000084,118.02820632251893,14.0,26.5
1982-03-16,148.79999999999998,148.18982351603483,56.4,28.7
1982-04-16,132.0,130.98481570782565,88.700005,28.5
1982-05-16,114.7,113.78892091580053,107.8,29.0
1982-06-16,84.0,83.49741819150925,97.8,27.5
1982-07-16,80.6000031,80.47337952544868,132.6,27.2
1982-08-16,74.39999999999999,74.87718729336437,154.7,26.4
1982-09-16,75.0,75.03659663891477,344.7,26.4
1982-10-16,93.0,92.52602223889903,104.4,26.5
1982-11-16,99.0,98.58342346691762,33.7,25.9
1982-12-16,96.1000031,96.8399695426386,6.8,21.7
1983-01-16,99.2,98.8386802618096,22.5,22.9
1983-02-15,117.6000084,118.0791855108625,2.7,26.800001
1983-03-16,155.0,154.00863923482308,10.8,28.800001
1983-04-16,159.0,158.63204465903326,35.5,31.1
1983-05-16,114.7,115.20531743222736,118.700005,29.5
1983-06-16,90.0,90.11629975444248,121.700005,28.1
1983-07-16,89.89999999999999,89.56568496401293,161.3,27.800001
1983-08-16,77.5,77.08184169980044,195.1,27.0
1983-09-16,78.00000299999999,77.77556522688195,203.8,26.9
1983-10-16,80.6000031,80.78994272048493,187.7,26.2
1983-11-16,90.0,90.31951051921124,21.1,23.5
1983-12-16,99.2,99.14022449887608,9.1,22.2
1984-01-16,99.2,98.82705437152576,4.4,22.800001
1984-02-15,116.0,115.47701629570126,18.9,26.6
1984-03-16,145.7000093,146.42861640147783,17.1,28.1
1984-04-16,138.0,138.0776435323607,85.5,29.7
1984-05-16,105.4,105.58998413368487,114.3,28.4
1984-06-16,78.00000299999999,78.43423556831945,131.2,27.1
1984-07-16,80.6000031,81.40479461514957,172.1,27.1
1984-08-16,77.5,77.32144820739447,149.6,26.9
1984-09-16,78.00000299999999,77.90503227276034,230.6,26.4
1984-10-16,86.8,86.08598370044156,113.9,25.9
1984-11-16,96.0,95.66088015904315,14.8,24.9
1984-12-16,102.3,101.45406023963453,0.3,23.4
1985-01-16,102.3,101.69192011308104,8.1,24.2
1985-02-15,117.6000084,119.24460766235264,9.6,27.1
1985-03-16,145.7000093,146.33495437326496,19.5,28.5
1985-04-16,138.0,138.82480738431616,99.700005,29.300001
1985-05-16,99.2,100.69882467194293,163.0,27.9
1985-06-16,78.00000299999999,77.22258884562524,116.3,27.1
1985-07-16,77.5,78.52714576451079,126.0,26.7
1985-08-16,77.5,77.16285094521226,121.6,26.9
1985-09-16,78.00000299999999,76.94446862938923,212.5,26.5
1985-10-16,86.8,87.03310081500983,140.90001,26.2
1985-11-16,93.000003,93.96463185506943,12.2,25.300001
1985-12-16,105.4,104.6683066971761,0.0,22.7
1986-01-16,99.2,99.46511416805997,0.0,22.4
1986-02-15,117.6000084,118.15374131312105,4.4,26.2
1986-03-16,151.9,151.00726817322985,9.5,27.6
1986-04-16,138.0,138.88264081824957,115.700005,29.300001
1986-05-16,99.2,99.9153793582491,206.0,28.1
1986-06-16,87.0,86.62234904738328,113.1,28.1
1986-07-16,80.6000031,81.14148051245215,133.6,27.4
1986-08-16,86.8,84.94358149281561,181.0,27.2
1986-09-16,87.0,88.8574539605024,154.2,27.1
1986-10-16,89.89999999999999,91.39066943883367,113.4,26.6
1986-11-16,96.0,96.2583115556484,9.5,24.800001
1986-12-16,99.2,100.7196569025076,8.3,23.2
1987-01-16,108.5,107.3871125117121,0.1,24.4
1987-02-15,120.4,119.98479021696548,27.5,26.800001
1987-03-16,148.79999999999998,149.65006729509597,74.3,28.4
1987-04-16,156.000009,156.24635329321546,107.6,30.4
1987-05-16,133.29999999999998,132.57095598556893,97.1,30.1
1987-06-16,105.0,104.12595819094496,140.8,29.0
1987-07-16,99.2,100.23070019671322,85.1,28.9
1987-08-16,114.7,113.14875821628628,188.5,28.1
1987-09-16,90.0,90.30236508164751,284.30002,27.7
1987-10-16,108.5,107.61140731838026,109.6,27.7
1987-11-16,99.0,99.87171383201373,44.3,26.5
1987-12-16,102.3,101.83122351875653,0.0,21.6
1988-01-16,111.6000031,111.96033707792209,0.0,24.9
1988-02-15,127.6,126.31047562887595,26.300001,27.7
1988-03-16,158.1,157.34170181871465,32.0,29.5
1988-04-16,147.0,146.17667408555872,135.2,30.0
1988-05-16,114.7,113.96997752236051,217.90001,28.9
1988-06-16,102.0,101.60781512728099,155.6,28.300001
1988-07-16,105.4,104.09872818423209,192.5,28.0
1988-08-16,99.2,99.02649418787999,135.5,27.9
1988-09-16,99.0,98.93237176078985,196.8,27.9
1988-10-16,89.89999999999999,90.69620455822572,216.8,26.7
1988-11-16,96.0,96.3564361129506,0.1,24.1
1988-12-16,105.4,105.35784948891566,0.0,22.800001
1989-01-16,108.5,107.27726726649094,5.6,25.4
1989-02-15,120.4,120.73714878285351,0.90000004,26.7
1989-03-16,145.7000093,145.48902546599598,46.4,28.1
1989-04-16,168.0,167.2534203327649,69.4,30.800001
1989-05-16,117.8,118.53132078496924,159.90001,29.300001
1989-06-16,99.0,98.90691884135082,111.8,28.1
1989-07-16,93.0,92.82778063020858,128.1,28.300001
1989-08-16,108.5,106.75416196388504,174.40001,27.800001
1989-09-16,96.0,96.20979219402328,197.2,27.800001
1989-10-16,102.3,101.75045331401355,137.6,26.800001
1989-11-16,108.000003,106.88774542106239,7.8,25.300001
1989-12-16,108.5,108.57822236642151,0.1,22.9
1990-01-16,111.6000031,111.04754816811996,0.7,25.6
1990-02-15,123.20000000000002,123.7878460501925,37.2,27.5
1990-03-16,145.7000093,147.24456109509453,94.0,28.6
1990-04-16,159.0,159.79092953940952,34.7,30.6
1990-05-16,124.0,122.66301365918075,206.2,29.4
1990-06-16,96.0,94.77591165366067,149.3,28.800001
1990-07-16,102.3,101.92917059654843,147.2,28.2
1990-08-16,111.6000031,111.12106332483653,167.8,28.300001
1990-09-16,93.000003,94.27945954935916,213.0,27.9
1990-10-16,102.3,100.32456950265674,184.8,27.1
1990-11-16,105.0,103.20450872310148,28.1,25.6
1990-12-16,108.5,108.70545323596066,0.0,23.9
1991-01-16,111.6000031,111.91995426772141,1.4,25.9
1991-02-15,126.0,126.0919047001416,1.0,26.9
1991-03-16,164.29999999999998,164.08450337419683,33.600002,30.1
1991-04-16,159.0,159.15831135634807,64.6,30.7
1991-05-16,130.2000093,130.12423524482037,127.6,30.1
1991-06-16,90.0,90.7123270327079,77.3,28.7
1991-07-16,93.0,93.43690340769189,109.3,28.5
1991-08-16,89.89999999999999,90.11633511936336,225.5,27.4
1991-09-16,90.0,89.65984472074177,192.1,27.800001
1991-10-16,102.3,101.74840444077375,84.1,26.7
1991-11-16,108.000003,107.98311883298739,1.6,24.800001
1991-12-16,99.2,99.7699381740844,13.2,24.1
1992-01-16,99.2,98.51493602311841,22.7,23.5
1992-02-15,124.7,122.78711178614594,17.4,26.300001
1992-03-16,161.2000093,161.26253986600142,1.6,29.300001
1992-04-16,159.0,157.9958113951715,28.1,31.5
1992-05-16,142.6,141.79907843802602,112.5,30.800001
1992-06-16,102.0,102.09943271591804,126.6,28.9
1992-07-16,96.1000031,96.99744364113013,176.5,28.1
1992-08-16,96.1000031,96.19289038147002,146.6,27.6
1992-09-16,93.000003,92.67643841605275,221.40001,27.7
1992-10-16,89.89999999999999,90.42441073339022,75.6,25.9
1992-11-16,102.0,102.13797982476306,1.3000001,24.1
1992-12-16,108.5,106.55492353110799,16.800001,23.6
1993-01-16,102.3,101.76916037479617,2.3,24.0
1993-02-15,120.4,120.51313820536423,5.6,25.7
1993-03-16,151.9,151.1169518204098,41.0,28.7
1993-04-16,156.000009,154.92170386002684,47.8,29.9
1993-05-16,124.0,125.96660154624297,119.8,29.800001
1993-06-16,111.0,110.89414103552875,91.6,29.2
1993-07-16,114.7,114.08051582179489,113.1,28.800001
1993-08-16,93.0,93.62148602784404,141.40001,27.7
1993-09-16,90.0,89.66986609146751,229.0,27.6
1993-10-16,105.4,105.40375704471214,32.8,26.9
1993-11-16,105.0,104.7207965898016,0.4,25.5
1993-12-16,105.4,105.17475596114932,5.2000003,23.2
1994-01-16,114.7,114.0404440919167,0.0,24.9
1994-02-15,126.0,126.91497477040815,23.4,28.2
1994-03-16,139.5,138.8939052004534,81.9,28.0
1994-04-16,165.0,164.38958999750403,52.8,30.4
1994-05-16,117.8,117.53722988679917,179.90001,29.2
1994-06-16,87.0,86.68181581673625,195.5,28.0
1994-07-16,86.8,89.06349522875283,97.200005,27.7
1994-08-16,89.89999999999999,89.3317774479269,225.0,27.4
1994-09-16,90.0,88.91483681914767,223.7,27.6
1994-10-16,111.6000031,110.08580503914716,92.3,26.300001
1994-11-16,105.0,105.5676524959658,4.0,25.2
1994-12-16,111.6000031,111.0225975615385,6.2000003,24.9
1995-01-16,108.5,108.56665410786057,1.1,24.5
1995-02-15,117.6000084,118.89255642412682,8.7,25.9
1995-03-16,148.79999999999998,149.64897753160835,33.100002,29.1
1995-04-16,150.0,149.85612690071275,51.7,30.5
1995-05-16,124.0,123.45129250618012,175.40001,29.800001
1995-06-16,108.000003,107.9993709788461,141.1,29.1
1995-07-16,93.0,92.79411453534989,214.6,27.9
1995-08-16,77.5,78.95491198851263,220.3,27.0
1995-09-16,84.0,84.47870960794727,225.1,27.4
1995-10-16,89.89999999999999,90.59823586853773,118.8,26.7
1995-11-16,99.0,99.00618031536848,16.2,25.2
1995-12-16,105.4,104.96316361036297,0.1,22.800001
1996-01-16,108.5,107.80876977308621,1.3000001,24.2
1996-02-15,116.0,115.25917165765668,25.4,25.2
1996-03-16,161.2000093,160.09913351500103,113.200005,28.7
1996-04-16,141.000009,141.9574137378314,148.5,29.0
1996-05-16,117.8,116.74676889320078,126.1,28.300001
1996-06-16,99.0,100.0363768330315,150.3,28.0
1996-07-16,96.1000031,95.62658469957412,109.1,27.800001
1996-08-16,93.0,93.02161052226293,137.2,27.5
1996-09-16,81.0,81.02136290380294,320.4,26.800001
1996-10-16,99.2,96.92880753368208,118.9,26.7
1996-11-16,96.0,96.31599305140325,80.700005,25.6
1996-12-16,99.2,98.9774816820805,0.7,22.6
1997-01-16,105.4,105.36887360250198,1.7,23.300001
1997-02-15,117.6000084,117.77373999909904,9.8,26.2
1997-03-16,155.0,153.59490633534818,82.5,28.2
1997-04-16,150.0,149.46368106397932,106.9,28.800001
1997-05-16,133.29999999999998,131.5934459960405,117.3,29.4
1997-06-16,120.0,119.87568812626209,96.6,29.300001
1997-07-16,93.0,93.08179506852842,186.40001,28.2
1997-08-16,89.89999999999999,90.89159443623413,174.8,27.6
1997-09-16,93.000003,94.19585818622858,199.90001,27.4
1997-10-16,108.5,107.69258651188404,150.6,27.4
1997-11-16,108.000003,108.30748392251166,3.8,26.0
1997-12-16,114.7,114.49418846992313,0.0,25.4
1998-01-16,111.6000031,113.09963241175879,1.2,26.0
1998-02-15,126.0,126.267427351491,24.9,28.2
1998-03-16,164.29999999999998,164.27543203292777,25.6,30.2
1998-04-16,162.0,161.86265899659298,64.8,30.800001
1998-05-16,130.2000093,130.42510165423678,159.40001,30.300001
1998-06-16,114.0,114.26893619076765,152.8,29.2
1998-07-16,105.4,104.62464950052569,162.3,28.5
1998-08-16,111.6000031,110.82882792083082,153.0,27.9
1998-09-16,90.0,90.70000170287791,176.1,27.2
1998-10-16,105.4,106.0451017675886,68.6,27.300001
1998-11-16,102.0,101.3485578394418,38.9,25.5
1998-12-16,99.2,99.63210241262512,2.7,23.9
1999-01-16,99.2,99.9965844205376,6.7000003,24.4
1999-02-15,117.6000084,117.75453815687717,11.1,26.300001
1999-03-16,155.0,154.71507841567606,48.7,29.0
1999-04-16,129.0,129.622433213878,195.0,28.6
1999-05-16,105.4,105.14684077956035,251.2,27.800001
1999-06-16,90.0,90.86210795109781,139.40001,27.5
1999-07-16,99.2,97.5163858703887,167.8,27.7
1999-08-16,93.0,93.63565557280694,139.8,27.300001
1999-09-16,93.000003,92.87924313913742,259.80002,27.2
1999-10-16,96.1000031,96.82126739365056,158.1,26.6
1999-11-16,96.0,96.76590295511879,24.4,25.300001
1999-12-16,93.0,93.92506636748446,6.6,21.300001
2000-01-16,105.4,106.01636760565324,0.8,24.7
2000-02-15,118.9,117.29072983925877,22.300001,25.6
2000-03-16,151.9,152.38367613283313,37.2,28.300001
2000-04-16,132.0,130.06935674649762,193.8,28.6
2000-05-16,114.7,113.1193143000362,187.2,28.5
2000-06-16,93.000003,93.19677035572042,195.2,27.7
2000-07-16,96.1000031,95.5103015652158,157.5,27.7
2000-08-16,99.2,97.82742624361538,183.90001,27.6
2000-09-16,87.0,88.33145315500008,216.40001,27.1
2000-10-16,96.1000031,98.16602571379082,137.8,27.0
2000-11-16,108.000003,105.84533629925465,1.9,24.9
2000-12-16,108.5,107.76439269154476,0.3,24.800001
2001-01-16,105.4,105.68487803997478,1.9,25.7
2001-02-15,120.4,120.80799912729175,2.9,26.9
2001-03-16,130.2000093,128.56219026649816,75.0,27.9
2001-04-16,162.0,161.89410496030803,44.5,31.0
2001-05-16,111.6000031,110.65127768068473,204.40001,28.300001
2001-06-16,96.0,96.36139768036783,148.90001,27.800001
2001-07-16,99.2,98.87434971394512,124.9,27.800001
2001-08-16,93.0,93.87507608711343,213.40001,27.300001
2001-09-16,93.000003,93.72715772122281,186.3,27.5
2001-10-16,99.2,99.47717688060719,126.6,27.0
2001-11-16,102.0,100.86595241147373,12.6,23.7
2001-12-16,102.3,102.43677263824037,0.6,23.2
2002-01-16,105.4,105.32082159812978,5.3,23.9
2002-02-15,117.6000084,119.00314122188308,3.3,26.9
2002-03-16,145.7000093,144.9807713017122,51.0,28.6
2002-04-16,153.0,152.69684167584188,69.9,29.800001
2002-05-16,111.6000031,110.62979349125472,188.90001,28.6
2002-06-16,102.0,101.73528700220682,153.1,28.5
2002-07-16,102.3,100.5686932239863,118.0,28.300001
2002-08-16,89.89999999999999,89.50136141219348,217.7,27.0
2002-09-16,84.0,85.55582424220701,379.0,26.800001
2002-10-16,108.5,107.65687629185364,156.1,27.0
2002-11-16,102.0,101.5272328805434,32.4,25.7
2002-12-16,102.3,102.86119311151062,19.800001,25.2
2003-01-16,105.4,105.06927424165828,1.7,23.800001
2003-02-15,117.6000084,117.21382292466815,34.9,26.6
2003-03-16,142.6,140.02409472207137,120.3,27.9
2003-04-16,162.0,161.67954729518675,66.4,30.2
2003-05-16,127.1,126.56887138794833,122.9,29.4
2003-06-16,96.0,95.90704096530554,162.40001,28.2
2003-07-16,99.2,98.65981366071995,139.6,27.7
2003-08-16,102.3,100.99940488746266,179.90001,27.7
2003-09-16,84.0,85.52329637387567,326.9,27.2
2003-10-16,105.4,106.7462279421232,53.5,27.1
2003-11-16,117.0,116.03770353952004,0.1,26.300001
2003-12-16,105.4,105.9169600876105,0.0,23.1
2004-01-16,108.5,108.54670927484742,6.6,24.5
2004-02-15,118.9,117.1986487539901,43.3,25.6
2004-03-16,158.1,157.9090494559644,17.2,29.1
2004-04-16,162.0,161.4430005081541,88.8,30.5
2004-05-16,117.8,118.80663145471372,134.5,28.800001
2004-06-16,90.0,90.86508384369863,171.8,27.800001
2004-07-16,96.1000031,97.28614517267239,243.3,27.6
2004-08-16,102.3,100.57292981052564,139.7,27.4
2004-09-16,87.0,86.68671320337114,209.8,27.2
2004-10-16,117.8,115.16619662577708,3.9,27.0
2004-11-16,114.0,113.94901267334257,3.2,26.1
2004-12-16,111.6000031,111.03609713772265,0.0,23.0
2005-01-16,105.4,105.46418988219291,1.5,24.2
2005-02-15,128.79999999999998,129.108787863879,1.7,27.9
2005-03-16,148.79999999999998,149.73522602455682,59.600002,28.300001
2005-04-16,150.0,150.5577826485648,62.2,29.9
2005-05-16,124.0,123.78482431417574,91.1,29.6
2005-06-16,96.0,95.72548270079392,146.1,28.4
2005-07-16,93.0,93.13870377527162,176.1,27.7
2005-08-16,96.1000031,96.67990922058178,175.7,27.6
2005-09-16,84.0,84.3809531077845,314.6,27.1
2005-10-16,105.4,104.71809283108551,50.5,27.1
2005-11-16,99.0,99.29888201240497,45.2,25.6
2005-12-16,93.0,93.62173096266638,2.6000001,23.300001
2006-01-16,111.6000031,111.37273189007185,0.0,24.4
2006-02-15,117.6000084,118.86550618909504,31.1,27.0
2006-03-16,151.9,152.67906490894998,72.4,28.9
2006-04-16,150.0,150.45509339684628,152.2,29.4
2006-05-16,111.6000031,112.98144088148524,158.40001,28.2
2006-06-16,102.0,102.36016534311825,143.90001,28.1
2006-07-16,89.89999999999999,89.29661947733214,157.1,27.6
2006-08-16,93.0,92.54464907370374,193.2,27.2
2006-09-16,93.000003,91.82958347178165,228.1,27.0
2006-10-16,102.3,102.20814251796213,207.40001,27.1
2006-11-16,114.0,113.19922264855938,6.1,26.5
2006-12-16,108.5,108.0488812131616,0.0,23.7
2007-01-16,105.4,105.97625158776071,0.5,24.4
2007-02-15,123.20000000000002,123.6152442793448,25.300001,26.5
2007-03-16,155.0,154.55019929569738,25.4,29.2
2007-04-16,147.0,147.33126016333117,118.700005,29.5
2007-05-16,108.5,108.82655778786459,214.8,27.9
2007-06-16,105.0,105.38782240544046,120.5,28.6
2007-07-16,99.2,100.25524770868732,127.0,27.7
2007-08-16,96.1000031,94.88799356640054,153.0,27.5
2007-09-16,87.0,87.61015677794501,230.5,27.300001
2007-10-16,93.0,92.83035441056096,225.0,26.5
2007-11-16,99.0,99.9731473015883,4.8,24.2
2007-12-16,111.6000031,111.92322552290211,0.0,24.7
2008-01-16,105.4,105.07927894298122,13.1,24.300001
2008-02-15,110.2,110.01035463537173,23.800001,25.6
2008-03-16,151.9,151.67659776378068,60.7,28.2
2008-04-16,144.0,144.75605735524113,158.90001,29.1
2008-05-16,105.4,105.77853343726497,187.8,27.9
2008-06-16,99.0,99.46845353345866,139.5,27.800001
2008-07-16,96.1000031,96.7314182278325,144.0,27.5
2008-08-16,99.2,98.68084334542615,161.2,27.4
2008-09-16,87.0,86.74220469365567,337.80002,26.9
2008-10-16,96.1000031,96.26432883144426,192.90001,27.1
2008-11-16,96.0,95.7710039030162,50.5,24.7
2008-12-16,102.3,101.54218110867143,0.90000004,22.7
2009-01-16,102.3,102.71177975908071,0.1,22.4
2009-02-15,123.20000000000002,122.92935997639,4.2000003,27.2
2009-03-16,145.7000093,146.38916748715056,90.8,28.2
2009-04-16,147.0,147.522710127192,124.0,29.300001
2009-05-16,111.6000031,110.92875608909752,221.40001,28.300001
2009-06-16,99.0,99.70295865121685,112.0,28.0
2009-07-16,86.8,87.70948636218066,167.1,27.5
2009-08-16,105.4,104.84615611677576,144.6,27.9
2009-09-16,90.0,89.1736255217853,286.6,27.300001
2009-10-16,99.2,101.32447432832765,104.1,27.1
2009-11-16,108.000003,106.43151125439064,14.7,25.300001
2009-12-16,111.6000031,111.59313262600837,0.6,24.5
2010-01-16,99.2,99.85599838157454,22.300001,25.2
2010-02-15,123.20000000000002,123.21599266006122,9.3,28.0
2010-03-16,155.0,155.08711738325422,15.8,29.1
2010-04-16,159.0,159.40028600382865,63.0,30.9
2010-05-16,127.1,126.90647671090369,96.4,30.5
2010-06-16,111.0,110.90351404937184,137.6,29.2
2010-07-16,99.2,99.35023318732365,171.8,28.2
2010-08-16,89.89999999999999,89.36347489552368,296.30002,27.0
2010-09-16,93.000003,92.32878683594585,197.40001,27.4
2010-10-16,86.8,88.36988172586959,158.90001,26.4
2010-11-16,105.0,104.1656580161113,0.8,25.4
2010-12-16,102.3,102.52798875648604,6.3,24.4
2011-01-16,102.3,101.67487291140863,3.7,23.300001
2011-02-15,114.79999999999998,115.6639421693142,20.0,26.5
2011-03-16,124.0,122.69836810155812,102.5,26.5
2011-04-16,138.0,138.38074972009906,183.7,28.5
2011-05-16,111.6000031,111.76780651925682,176.40001,28.4
2011-06-16,87.0,87.77936089676518,119.3,27.9
2011-07-16,93.0,93.2535231948494,262.80002,27.4
2011-08-16,93.0,91.88266490819932,228.90001,27.2
2011-09-16,81.0,81.35997023284969,260.80002,26.9
2011-10-16,96.1000031,95.26024144897424,175.3,26.7
2011-11-16,111.0,110.28835565872629,10.6,26.0
2011-12-16,102.3,101.95494900424067,0.6,23.2
2012-01-16,99.2,99.74357198830914,12.7,25.2
2012-02-15,124.7,124.24981015267801,6.0,27.300001
2012-03-16,148.79999999999998,145.68857530654847,45.2,28.9
2012-04-16,153.0,151.84862845664688,102.5,29.800001
2012-05-16,114.7,114.95969430374342,146.3,28.800001
2012-06-16,90.0,90.31305183681042,93.3,28.1
2012-07-16,89.89999999999999,89.77075828128096,131.3,27.5
2012-08-16,93.0,93.15691801933282,122.700005,27.5
2012-09-16,84.0,84.60558584591877,261.9,27.0
2012-10-16,108.5,107.51432602624378,74.200005,27.4
2012-11-16,102.0,102.73146197481108,40.3,26.7
2012-12-16,108.5,109.2974515328704,1.0,25.6
2013-01-16,102.3,101.91009711589122,13.7,24.7
2013-02-15,117.6000084,118.76675554171221,3.5,27.5
2013-03-16,155.0,154.61095884938004,54.8,29.1
2013-04-16,150.0,151.63780637501927,61.9,30.2
2013-05-16,127.1,125.97444600961724,102.1,29.800001
2013-06-16,96.0,95.11618702814191,149.7,27.9
2013-07-16,86.8,87.2696109273097,204.8,27.300001
2013-08-16,96.1000031,95.68951592136071,208.3,27.7
2013-09-16,81.0,81.0626403155205,310.7,26.9
2013-10-16,99.2,99.47381655821837,139.90001,26.6
2013-11-16,99.0,99.72872134116648,13.5,25.9
2013-12-16,99.2,99.49681227056271,3.6000001,21.6
2014-01-16,102.3,102.50744239236509,0.1,22.0
2014-02-15,117.6000084,117.15221068344891,1.5,26.300001
2014-03-16,151.9,152.57786360353188,42.2,29.0
2014-04-16,150.0,149.0895359188914,134.0,29.9
2014-05-16,124.0,124.3108801317772,120.9,29.800001
2014-06-16,96.0,96.93429106113513,105.200005,28.7
2014-07-16,96.1000031,95.69548538902278,138.7,28.1
2014-08-16,96.1000031,95.59278696862107,233.5,27.5
2014-09-16,93.000003,91.68846433938174,227.0,27.4
2014-10-16,102.3,102.38868764298135,89.6,27.0
2014-11-16,105.0,106.1107697594439,17.9,26.4
2014-12-16,102.3,102.65843161221814,2.8,24.2
2015-01-16,99.2,99.06473676546196,8.1,23.1
2015-02-15,114.79999999999998,115.55429192233727,20.7,26.2
2015-03-16,148.79999999999998,149.52526841877273,62.4,29.4
2015-04-16,150.0,150.3285865258261,46.100002,29.7
2015-05-16,133.29999999999998,133.180545056083,53.2,30.4
2015-06-16,111.0,111.44701787108225,72.8,29.300001
2015-07-16,96.1000031,95.94350285363099,160.0,28.6
2015-08-16,108.5,108.11432105215933,166.40001,27.800001
2015-09-16,90.0,91.07971223866164,231.0,27.5
2015-10-16,99.2,100.32434945426021,112.0,27.2
2015-11-16,108.000003,106.73841294951633,23.7,27.0
2015-12-16,105.4,105.37696963162125,7.7000003,25.4
2016-01-16,99.2,99.6789327718256,18.5,24.9
2016-02-15,124.7,123.54706464133837,0.4,26.0
2016-03-16,158.1,158.6935219896284,6.6,29.6
2016-04-16,165.0,163.93229799400933,35.0,32.0
2016-05-16,127.1,127.2784148229668,145.90001,30.6
2016-06-16,102.0,101.85954951056348,116.8,28.300001
2016-07-16,102.3,101.70913038633302,140.7,27.9
2016-08-16,96.1000031,96.5545196190988,143.5,27.5
2016-09-16,87.0,87.47982263659931,229.6,27.4
2016-10-16,99.2,97.69531010320127,176.7,27.300001
2016-11-16,102.0,102.20997298007025,68.9,26.6
2016-12-16,99.2,99.56058275431407,2.3,24.6
2017-01-16,93.0,95.29062842978092,18.1,25.2
2017-02-15,120.4,120.20983554584325,15.7,26.300001
2017-03-16,148.79999999999998,148.914759860316,100.6,28.7
2017-04-16,150.0,150.47982788446683,99.8,29.6
2017-05-16,111.6000031,112.25303091608727,252.40001,28.7
2017-06-16,96.0,96.05349103207402,209.0,28.300001
2017-07-16,99.2,98.35942074829964,162.5,27.6
2017-08-16,96.1000031,96.92995099945695,219.1,27.800001
2017-09-16,93.000003,93.18734363959008,266.80002,28.1
2017-10-16,96.1000031,96.0855650505875,152.3,27.300001
2017-11-16,93.000003,94.91032061977802,13.3,25.800001
2017-12-16,96.1000031,96.1093571285574,19.0,23.800001
2018-01-16,96.1000031,97.03271294573504,4.0,24.9
2018-02-15,112.0,111.40760432167585,24.5,25.800001
2018-03-16,142.6,142.94839121315277,35.2,28.5
2018-04-16,141.000009,140.07135011522826,151.2,28.800001
2018-05-16,114.7,113.85777117749164,153.8,28.7
2018-06-16,90.0,89.99396332446149,121.0,28.2
2018-07-16,83.7,84.1730820323319,142.6,27.800001
2018-08-16,86.8,86.87788155767687,165.0,27.1
2018-09-16,93.000003,92.99141542889728,161.5,27.6
2018-10-16,108.5,108.26778024977293,67.9,27.7
2018-11-16,105.0,106.12538914292577,11.0,26.5
2018-12-16,102.3,102.45117074537706,6.5,25.7
2019-01-16,102.3,103.26330257659896,4.8,25.300001
2019-02-15,123.20000000000002,122.85171563770861,29.5,28.0
2019-03-16,158.1,157.7611716942422,25.5,29.5
2019-04-16,153.0,152.17279118023507,52.100002,30.9
2019-05-16,124.0,125.92362399869975,136.90001,30.2
2019-06-16,102.0,104.96045913278529,112.8,28.800001
2019-07-16,96.1000031,96.68090729723751,78.8,28.6
2019-08-16,86.8,91.39630686918312,186.5,27.5
2019-09-16,93.000003,91.47563038670002,187.40001,27.4
2019-10-16,111.6000031,109.75563126136957,44.100002,27.9
2019-11-16,111.0,108.96888784135142,9.1,26.1
2019-12-16,111.6000031,110.33817468119346,0.1,23.9
2020-01-16,111.6000031,115.28350599774664,0.7,26.2
2020-02-15,127.6,126.11613883962241,0.6,27.2
2020-03-16,158.1,159.9808522626134,61.4,29.9
2020-04-16,153.0,154.33499720312912,78.6,30.300001
2020-05-16,130.2000093,131.18218602140288,122.700005,30.5
2020-06-16,102.0,104.42616654268446,145.40001,28.6
2020-07-16,108.5,106.82205475308884,113.6,28.7
2020-08-16,96.1000031,97.6957587137716,203.8,27.9
2020-09-16,90.0,90.9730293705083,230.2,27.9
2020-10-16,80.6000031,90.23230324396353,178.2,26.0
2020-11-16,105.0,103.3482139153402,3.2,26.1
2020-12-16,105.4,103.86240897701433,0.3,24.2
2021-01-16,102.3,101.45464900007646,0.2,23.300001
2021-02-15,120.4,122.26477976373116,20.1,26.2
2021-03-16,151.9,153.13716375656531,39.2,29.4
2021-04-16,132.0,133.32197854333512,232.3,28.7
2021-05-16,124.0,125.89391615535502,76.5,29.7
2021-06-16,102.0,104.65465802756108,99.6,29.0
2021-07-16,93.0,93.78400486680745,166.7,28.1
2021-08-16,105.4,105.7432128862701,118.3,28.2
2021-09-16,84.0,84.84395065184663,293.1,27.0
2021-10-16,93.0,91.81331429836844,156.6,26.9
2021-11-16,99.0,101.27007129171886,3.8,26.1
2021-12-16,105.4,103.8765912926431,0.1,23.800001
2022-01-16,108.5,106.76477635194134,7.9,25.1
2022-02-15,106.4,110.9225914594647,47.100002,26.2
2022-03-16,142.6,143.11369209255815,66.5,28.9
2022-04-16,141.000009,143.41572947379902,105.6,29.1
2022-05-16,102.3,105.92148769797785,185.1,28.0
2022-06-16,105.0,103.13431443069072,123.200005,28.6
2022-07-16,99.2,98.56405920802213,228.2,28.0
2022-08-16,99.2,95.36680446934018,218.0,27.4
2022-09-16,84.0,85.47601871391673,332.6,26.9
2022-10-16,99.2,98.37495642705773,123.6,26.5
2022-11-16,102.0,102.12102365501661,49.7,26.1
2022-12-16,99.2,102.3556882423717,5.0,23.6
2023-01-16,99.2,99.44449641919134,6.4,23.7
2023-02-15,114.79999999999998,115.0679653188063,6.3,26.7
2023-03-16,151.9,151.98197778494995,23.0,28.6
2023-04-16,150.0,148.76681136875203,58.0,31.2
2023-05-16,130.2000093,128.43341218167086,101.8,30.6
2023-06-16,108.000003,108.99887631189235,113.5,29.2
2023-07-16,105.4,103.97455777202353,104.3,28.9
2023-08-16,99.2,100.14708377074597,122.4,28.2
2023-09-16,84.0,87.26817013423712,270.5,27.6
2023-10-16,93.0,94.89949305983757,199.3,27.5
2023-11-16,108.000003,105.12004293913891,10.2,26.300001
2023-12-16,105.4,105.29239947841002,3.1000001,25.5
