time,spei,spei_predicted
1901-01-16,-0.38459527,
1901-02-15,-1.3616713,
1901-03-16,-0.83086246,
1901-04-16,0.5452391,
1901-05-16,-0.8227308,
1901-06-16,0.743385,
1901-07-16,0.8788479,
1901-08-16,-0.70110244,
1901-09-16,-0.550119,
1901-10-16,-0.8666777,
1901-11-16,0.9870439,
1901-12-16,-0.947275,
1902-01-16,-0.3229977,
1902-02-15,0.35637626,
1902-03-16,-0.3210037,
1902-04-16,1.2459543,
1902-05-16,0.32671365,
1902-06-16,0.3438088,
1902-07-16,-1.1829327,
1902-08-16,0.97078925,
1902-09-16,-0.85330623,
1902-10-16,1.7466357,
1902-11-16,1.7198766,
1902-12-16,0.13726246,
1903-01-16,-0.13617024,-0.06961551811058433
1903-02-15,-0.41775116,-0.06961513491359758
1903-03-16,-1.021428,-0.0696158480857674
1903-04-16,-0.6794158,-0.06961584276358701
1903-05-16,0.13745612,-0.06961582679704591
1903-06-16,-0.42109966,-0.06961576825306182
1903-07-16,-0.87536645,-0.06961559262110956
1903-08-16,1.8457626,-0.06961521474630315
1903-09-16,-1.5681677,-0.06961580550832441
1903-10-16,-0.7862124,-0.06961568842035623
1903-11-16,-0.56074226,-0.06961529457900872
1903-12-16,0.45062152,-0.06961407047752324
1904-01-16,1.5631025,-0.06961186709484934
1904-02-15,0.2071792,-0.06961458140683892
1904-03-16,-1.245087,-0.06961581615268517
1904-04-16,-0.1862808,-0.06961569906471698
1904-05-16,-0.19336735,-0.06961530522336948
1904-06-16,-0.95337117,-0.06961401725571952
1904-07-16,0.8174295,-0.06961163824109334
1904-08-16,0.40494725,-0.06961401725571952
1904-09-16,-0.9831489,-0.06961523071284427
1904-10-16,0.1589367,-0.0696158480857674
1904-11-16,-0.12513839,-0.06961585340794776
1904-12-16,-0.74115473,-0.0696158480857674
1905-01-16,0.2831166,-0.06961584276358701
1905-02-15,-0.18166219,-0.06961582679704591
1905-03-16,-0.2991946,-0.06961577889742256
1905-04-16,-0.12245042,-0.06961561390983104
1905-05-16,1.4613329,-0.06961527329028724
1905-06-16,-0.47044152,-0.06961582679704591
1905-07-16,-0.0099261785,-0.06961577357524218
1905-08-16,0.47877488,-0.06961559262110956
1905-09-16,1.0673553,-0.06961522539066389
1905-10-16,0.8248213,-0.0696158480857674
1905-11-16,0.45214903,-0.0696158480857674
1905-12-16,-0.32764176,-0.0696158480857674
1906-01-16,0.50411797,-0.0696158480857674
1906-02-15,0.34884474,-0.0696158480857674
1906-03-16,-0.672256,-0.0696158480857674
1906-04-16,-0.09959708,-0.0696158480857674
1906-05-16,-0.5778579,-0.06961584276358701
1906-06-16,-0.12585418,-0.06961582679704591
1906-07-16,-0.7322941,-0.0696158480857674
1906-08-16,1.3858562,-0.0696158480857674
1906-09-16,-0.29404655,-0.0696158480857674
1906-10-16,-0.64611936,-0.0696158480857674
1906-11-16,-0.26067153,-0.0696158480857674
1906-12-16,1.8201916,-0.06961585340794776
1907-01-16,1.0973449,-0.06961585340794776
1907-02-15,-0.68479043,-0.0696158480857674
1907-03-16,0.3355473,-0.06961583744140665
1907-04-16,-0.85290366,-0.06961579486396367
1907-05-16,-1.2774333,-0.0696156777759955
1907-06-16,1.2435305,-0.0696154116669769
1907-07-16,0.60568887,-0.06961575760870106
1907-08-16,-1.8486816,-0.06961569906471698
1907-09-16,-1.7457122,-0.0696158480857674
1907-10-16,0.9508942,-0.06961584276358701
1907-11-16,1.4885635,-0.06961580550832441
1907-12-16,0.61770785,-0.06961569906471698
1908-01-16,0.09749729,-0.06961539037825543
1908-02-15,0.76529497,-0.06961477300533231
1908-03-16,-0.5437501,-0.06961584276358701
1908-04-16,0.3696844,-0.06961582679704591
1908-05-16,0.749186,-0.06961578421960293
1908-06-16,0.62405837,-0.06961573099779922
1908-07-16,-0.001987725,-0.06961557133238806
1908-08-16,0.83034056,-0.06961580550832441
1908-09-16,2.2111008,-0.0696157522865207
1908-10-16,0.06953019,-0.06961577889742256
1908-11-16,0.791003,-0.06961560326547028
1908-12-16,0.6147083,-0.069615055080892
1909-01-16,2.0689197,-0.06961370324707758
1909-02-15,1.2601503,-0.06961459205119966
1909-03-16,0.52969056,-0.0696158480857674
1909-04-16,0.051703822,-0.06961583744140665
1909-05-16,-0.41945994,-0.06961578421960293
1909-06-16,-0.09613308,-0.06961561390983104
1909-07-16,-0.86709154,-0.06961506572525275
1909-08-16,1.5285996,-0.06961402790008026
1909-09-16,-0.94014657,-0.06961522539066389
1909-10-16,-0.31033227,-0.0696158480857674
1909-11-16,-1.220232,-0.0696158480857674
1909-12-16,-1.2753524,-0.0696158480857674
1910-01-16,0.19142114,-0.06961585340794776
1910-02-15,1.1591238,-0.0696158480857674
1910-03-16,0.5478678,-0.06961583744140665
1910-04-16,0.021861268,-0.06961582679704591
1910-05-16,-0.7400954,-0.0696157522865207
1910-06-16,1.8229136,-0.0696155819767488
1910-07-16,1.1855398,-0.06961567245381513
1910-08-16,-0.45387867,-0.06961542763351802
1910-09-16,-0.8274452,-0.06961584276358701
1910-10-16,0.3948673,-0.0696158480857674
1910-11-16,-0.28914434,-0.0696158480857674
1910-12-16,1.2354975,-0.0696158480857674
1911-01-16,-0.096483864,-0.0696158480857674
1911-02-15,-1.1133626,-0.0696158480857674
1911-03-16,-0.030310841,-0.06961584276358701
1911-04-16,-0.6964149,-0.06961583744140665
1911-05-16,-1.0431334,-0.06961580550832441
1911-06-16,-0.792181,-0.06961568842035623
1911-07-16,-1.5246767,-0.06961548617750211
1911-08-16,-0.47296065,-0.0696158480857674
1911-09-16,0.7429209,-0.0696158480857674
1911-10-16,1.2436498,-0.06961584276358701
1911-11-16,0.56939596,-0.06961580550832441
1911-12-16,0.37643418,-0.06961568842035623
1912-01-16,0.43361,-0.06961533715645171
1912-02-15,0.4050019,-0.06961468785044636
1912-03-16,-0.6796846,-0.06961585340794776
1912-04-16,-0.6559499,-0.0696158480857674
1912-05-16,1.5615219,-0.06961584276358701
1912-06-16,-0.5540022,-0.06961582679704591
1912-07-16,-1.2254639,-0.06961576293088145
1912-08-16,0.43594888,-0.06961557665456844
1912-09-16,-0.5172648,-0.06961522006848353
1912-10-16,1.1358234,-0.06961583744140665
1912-11-16,1.0266312,-0.06961580550832441
1912-12-16,0.42774698,-0.0696156777759955
1913-01-16,1.5579774,-0.06961530522336948
1913-02-15,-0.7763381,-0.06961461333992115
1913-03-16,-0.42336145,-0.06961577889742256
1913-04-16,0.4803371,-0.06961559262110956
1913-05-16,0.9228954,-0.06961497524818643
1913-06-16,2.2027516,-0.06961368728053646
1913-07-16,-1.1971263,-0.06961506040307237
1913-08-16,-1.549527,-0.06961576293088145
1913-09-16,-0.10749393,-0.06961564584291327
1913-10-16,0.79498506,-0.0696158480857674
1913-11-16,1.3366785,-0.06961585340794776
1913-12-16,0.6246987,-0.0696158480857674
1914-01-16,0.26496112,-0.06961583211922628
1914-02-15,-0.010682142,-0.0696158480857674
1914-03-16,-0.7664107,-0.06961584276358701
1914-04-16,-0.4292191,-0.06961582679704591
1914-05-16,-1.0431335,-0.06961576825306182
1914-06-16,1.3296756,-0.06961558729892918
1914-07-16,-1.1178468,-0.06961522006848353
1914-08-16,-0.6096337,-0.0696158480857674
1914-09-16,0.7898796,-0.0696158480857674
1914-10-16,1.3252852,-0.06961583744140665
1914-11-16,1.0772538,-0.06961580018614405
1914-12-16,0.52167505,-0.06961566713163475
1915-01-16,-0.5637912,-0.06961527861246761
1915-02-15,-1.198186,-0.06961458140683892
1915-03-16,1.5958537,-0.06961583211922628
1915-04-16,0.58527046,-0.06961578421960293
1915-05-16,-0.38016537,-0.06961561390983104
1915-06-16,1.5956681,-0.06961507104743311
1915-07-16,1.522478,-0.06961401725571952
1915-08-16,1.4979279,-0.06961523071284427
1915-09-16,0.7429209,-0.0696158480857674
1915-10-16,1.2242362,-0.06961583211922628
1915-11-16,0.28284645,-0.0696157895417833
1915-12-16,-1.1693248,-0.06961564584291327
1916-01-16,-0.9541834,-0.06961519877976205
1916-02-15,-0.64726454,-0.06961458140683892
1916-03-16,1.1077541,-0.06961583211922628
1916-04-16,-0.7218055,-0.0696157895417833
1916-05-16,-0.2173818,-0.06961561390983104
1916-06-16,-1.2887207,-0.06961507104743311
1916-07-16,2.1827354,-0.06961401725571952
1916-08-16,1.2321199,-0.06961522539066389
1916-09-16,-1.1654102,-0.0696158480857674
1916-10-16,-0.14696944,-0.0696158480857674
1916-11-16,-0.28709972,-0.0696158480857674
1916-12-16,-0.41033208,-0.0696158480857674
1917-01-16,1.0066297,-0.0696158480857674
1917-02-15,0.4932254,-0.0696158480857674
1917-03-16,0.98719895,-0.0696158480857674
1917-04-16,-0.5436334,-0.06961583744140665
1917-05-16,-0.7025769,-0.06961582679704591
1917-06-16,-1.1442417,-0.06961577357524218
1917-07-16,0.41321206,-0.06961560326547028
1917-08-16,1.9246293,-0.06961525732374613
1917-09-16,-0.61354023,-0.0696158480857674
1917-10-16,-2.289784,-0.0696158480857674
1917-11-16,1.7842113,-0.0696158480857674
1917-12-16,-0.577215,-0.0696158480857674
1918-01-16,0.7864685,-0.0696158480857674
1918-02-15,-0.26823676,-0.06961557665456844
1918-03-16,-0.09361327,-0.06961630047109899
1918-04-16,0.8185296,-0.06961603968426078
1918-05-16,-0.6301627,-0.06961593324065335
1918-06-16,1.3194385,-0.06961544360005914
1918-07-16,-1.2879714,-0.06961589598539074
1918-08-16,-0.4006947,-0.06961559262110956
1918-09-16,0.71922296,-0.06961510830269572
1918-10-16,0.5860988,-0.06961573631997958
1918-11-16,1.2260823,-0.06961544360005914
1918-12-16,1.1686903,-0.06961470381698748
1919-01-16,-0.53765684,-0.06961435255308293
1919-02-15,-0.30965245,-0.06961570970907772
1919-03-16,-0.02797902,-0.06961576293088145
1919-04-16,-0.062981606,-0.06961555004366657
1919-05-16,0.56656975,-0.06961507636961349
1919-06-16,-1.3164606,-0.06961577357524218
1919-07-16,0.2896102,-0.06961559262110956
1919-08-16,-1.4294351,-0.06961522539066389
1919-09-16,0.6639885,-0.0696158480857674
1919-10-16,0.123334624,-0.06961583744140665
1919-11-16,-0.40747577,-0.06961580018614405
1919-12-16,1.4302727,-0.06961566713163475
1920-01-16,-0.17111646,-0.06961527329028724
1920-02-15,-0.042985413,-0.06961459205119966
1920-03-16,1.3357195,-0.0696158480857674
1920-04-16,0.2717718,-0.06961583744140665
1920-05-16,-0.71257854,-0.06961579486396367
1920-06-16,-1.2128426,-0.0696156192320114
1920-07-16,-1.3661237,-0.06961508169179387
1920-08-16,-0.083460316,-0.0696140757997036
1920-09-16,-0.5090399,-0.06961525200156576
1920-10-16,-0.8552059,-0.06961583744140665
1920-11-16,0.58304787,-0.06961579486396367
1920-12-16,-0.7302278,-0.06961567245381513
1921-01-16,0.052139625,-0.06961527861246761
1921-02-15,-0.23106125,-0.06961459205119966
1921-03-16,1.0721161,-0.0696158480857674
1921-04-16,-1.6498907,-0.0696158480857674
1921-05-16,1.1271048,-0.06961583744140665
1921-06-16,-1.0606567,-0.06961579486396367
1921-07-16,-0.60964876,-0.06961566180945439
1921-08-16,-0.43674377,-0.06961532651209096
1921-09-16,-0.43896374,-0.06961522539066389
1921-10-16,0.79383165,-0.0696158480857674
1921-11-16,-0.87765807,-0.0696158480857674
1921-12-16,-1.0140561,-0.0696158480857674
1922-01-16,1.2262028,-0.0696158480857674
1922-02-15,-0.65560657,-0.0696158480857674
1922-03-16,1.5347846,-0.0696158480857674
1922-04-16,0.36287493,-0.0696158480857674
1922-05-16,1.1239622,-0.0696158480857674
1922-06-16,0.065913245,-0.0696158480857674
1922-07-16,-1.0688251,-0.06961584276358701
1922-08-16,-0.92736626,-0.0696158480857674
1922-09-16,-0.8014959,-0.0696158480857674
1922-10-16,0.3504804,-0.0696158480857674
1922-11-16,1.8848039,-0.0696158480857674
1922-12-16,0.81640375,-0.0696158480857674
1923-01-16,1.2793448,-0.0696158480857674
1923-02-15,0.4932254,-0.0696158480857674
1923-03-16,1.3951479,-0.0696158480857674
1923-04-16,-0.04694578,-0.0696158480857674
1923-05-16,-0.9430015,-0.0696158480857674
1923-06-16,-0.5197436,-0.06961584276358701
1923-07-16,-0.81738544,-0.06961583211922628
1923-08-16,-0.6368051,-0.06961583744140665
1923-09-16,1.6405128,-0.06961578421960293
1923-10-16,0.6399327,-0.06961562455419178
1923-11-16,-0.3272826,-0.06961502846999015
1923-12-16,-0.27843997,-0.06961344246023937
1924-01-16,0.64210266,-0.06961188838357082
1924-02-15,0.6251371,-0.0696145867290193
1924-03-16,1.2325001,-0.06961583744140665
1924-04-16,0.97649586,-0.06961582679704591
1924-05-16,0.05328414,-0.0696157522865207
1924-06-16,0.66490203,-0.06961550746622361
1924-07-16,1.3927214,-0.06961481558277527
1924-08-16,-0.7128281,-0.06961402790008026
1924-09-16,1.4689844,-0.06961522539066389
1924-10-16,-0.48093507,-0.0696158480857674
1924-11-16,0.352895,-0.0696158480857674
1924-12-16,0.45165887,-0.0696158480857674
1925-01-16,0.6461148,-0.0696158480857674
1925-02-15,-0.059187442,-0.0696158480857674
1925-03-16,0.79817015,-0.0696158480857674
1925-04-16,-0.035486378,-0.0696158480857674
1925-05-16,0.46748966,-0.06961583744140665
1925-06-16,0.55813706,-0.06961581083050479
1925-07-16,-0.8236034,-0.06961573099779922
1925-08-16,-0.54586303,-0.06961557133238806
1925-09-16,0.25798476,-0.0696158480857674
1925-10-16,0.7225824,-0.0696158480857674
1925-11-16,1.7012001,-0.0696158480857674
1925-12-16,-0.62696296,-0.06961585340794776
1926-01-16,0.22607419,-0.0696158480857674
1926-02-15,-0.44692957,-0.06961583744140665
1926-03-16,-0.40135354,-0.0696158480857674
1926-04-16,-0.4003226,-0.0696158480857674
1926-05-16,-0.34346142,-0.0696158480857674
1926-06-16,1.0456443,-0.0696158480857674
1926-07-16,-0.69488925,-0.06961584276358701
1926-08-16,0.19183539,-0.06961582679704591
1926-09-16,0.7880843,-0.06961580550832441
1926-10-16,-0.47079298,-0.06961569906471698
1926-11-16,1.9429904,-0.06961530522336948
1926-12-16,2.1179867,-0.06961410241060546
1927-01-16,1.0083458,-0.06961195224973529
1927-02-15,-0.06324323,-0.06961462398428189
1927-03-16,0.19329746,-0.06961383097940652
1927-04-16,0.71495366,-0.06961566713163475
1927-05-16,-1.5537509,-0.06961562987637215
1927-06-16,0.51995844,-0.06961512426923683
1927-07-16,-1.0933574,-0.0696140757997036
1927-08-16,-1.4034352,-0.06961524135720501
1927-09-16,1.5534261,-0.06961585340794776
1927-10-16,0.28836626,-0.06961583744140665
1927-11-16,-0.48027417,-0.06961579486396367
1927-12-16,0.08695724,-0.06961669963462687
1928-01-16,-0.5454923,-0.06961349035986272
1928-02-15,0.42354947,-0.06961384694594762
1928-03-16,-0.8630809,-0.06961552875494509
1928-04-16,-0.16579178,-0.06961569906471698
1928-05-16,-0.5927888,-0.06961572035343846
1928-06-16,-1.4087278,-0.06961558729892918
1928-07-16,-0.6678645,-0.06961504975871163
1928-08-16,-0.88781613,-0.06961401725571952
1928-09-16,-1.4070536,-0.06961522006848353
1928-10-16,-0.37094012,-0.0696158480857674
1928-11-16,0.6106266,-0.06961583744140665
1928-12-16,1.0150332,-0.06961580550832441
1929-01-16,-0.97007555,-0.06961569906471698
1929-02-15,0.017467724,-0.06961544360005914
1929-03-16,1.5782518,-0.06961582679704591
1929-04-16,0.29003423,-0.06961578421960293
1929-05-16,-0.3215061,-0.06961562455419178
1929-06-16,-1.0524533,-0.06961524135720501
1929-07-16,-2.7136307,-0.06961565648727401
1929-08-16,-1.2196593,-0.06961539037825543
1929-09-16,0.84332967,-0.0696158480857674
1929-10-16,-1.5724955,-0.06961583744140665
1929-11-16,0.93009907,-0.06961579486396367
1929-12-16,-1.821249,-0.06961567245381513
1930-01-16,0.8426294,-0.06961527329028724
1930-02-15,-0.22281425,-0.06961459205119966
1930-03-16,-0.81599003,-0.0696158480857674
1930-04-16,0.32194602,-0.06961583744140665
1930-05-16,-0.4071653,-0.0696157895417833
1930-06-16,-0.07071292,-0.06961564584291327
1930-07-16,-1.1524644,-0.06961514023577794
1930-08-16,0.3877506,-0.06961419288767179
1930-09-16,-1.0855362,-0.06961520942412278
1930-10-16,1.8014655,-0.06961580018614405
1930-11-16,0.07158813,-0.06961566713163475
1930-12-16,0.29803556,-0.06961527329028724
1931-01-16,0.365862,-0.06961459205119966
1931-02-15,-0.59718895,-0.06961583744140665
1931-03-16,-1.2939175,-0.06961582147486553
1931-04-16,-0.9481944,-0.06961573631997958
1931-05-16,0.88811135,-0.06961545956660026
1931-06-16,0.98630416,-0.06961476236097155
1931-07-16,0.34358364,-0.06961559262110956
1931-08-16,-1.6517415,-0.06961522539066389
1931-09-16,-0.68471897,-0.0696158480857674
1931-10-16,-0.10010352,-0.0696158480857674
1931-11-16,-0.61454046,-0.0696158480857674
1931-12-16,1.4010044,-0.0696158480857674
1932-01-16,-0.49074277,-0.0696158480857674
1932-02-15,0.6599109,-0.06961583744140665
1932-03-16,0.9650286,-0.0696158480857674
1932-04-16,0.09762332,-0.06961582679704591
1932-05-16,0.44272196,-0.06961576293088145
1932-06-16,0.6371042,-0.06961556601020769
1932-07-16,-1.2960123,-0.06961522539066389
1932-08-16,0.93874407,-0.0696158480857674
1932-09-16,-1.2571371,-0.0696158480857674
1932-10-16,0.7915226,-0.06961583744140665
1932-11-16,0.6685948,-0.06961580018614405
1932-12-16,-0.55283093,-0.06961567245381513
1933-01-16,0.24671297,-0.06961527861246761
1933-02-15,0.24203274,-0.06961459205119966
1933-03-16,0.11235732,-0.06961585340794776
1933-04-16,1.2731305,-0.0696158480857674
1933-05-16,-0.43423077,-0.06961584276358701
1933-06-16,-1.1035835,-0.06961582679704591
1933-07-16,-0.009926235,-0.06961576825306182
1933-08-16,0.7202903,-0.06961559262110956
1933-09-16,-1.9085474,-0.06961523071284427
1933-10-16,-1.1446114,-0.0696158480857674
1933-11-16,0.7453817,-0.06961583744140665
1933-12-16,-0.102079935,-0.06961579486396367
1934-01-16,1.2748475,-0.06961568842035623
1934-02-15,0.5041084,-0.0696158480857674
1934-03-16,0.046116915,-0.0696158480857674
1934-04-16,-0.23396848,-0.06961583744140665
1934-05-16,-0.027726972,-0.06961580018614405
1934-06-16,2.0389845,-0.06961566713163475
1934-07-16,-1.1605964,-0.06961523071284427
1934-08-16,1.1626964,-0.06961436319744368
1934-09-16,0.30788735,-0.06961532651209096
1934-10-16,1.3640928,-0.0696158480857674
1934-11-16,0.9035125,-0.0696158480857674
1934-12-16,-1.1321665,-0.0696158480857674
1935-01-16,1.5502616,-0.0696158480857674
1935-02-15,0.19161144,-0.0696158480857674
1935-03-16,0.2199449,-0.0696158480857674
1935-04-16,-0.5784285,-0.0696158480857674
1935-05-16,-0.34590414,-0.0696158480857674
1935-06-16,0.0009969882,-0.0696158480857674
1935-07-16,-1.2557514,-0.0696158480857674
1935-08-16,2.1023903,-0.0696158480857674
1935-09-16,-1.2756608,-0.06961583744140665
1935-10-16,1.4721692,-0.06961580550832441
1935-11-16,0.04182592,-0.06961567245381513
1935-12-16,0.9782736,-0.06961529457900872
1936-01-16,1.3670915,-0.06961461866210153
1936-02-15,-0.5804906,-0.0696158480857674
1936-03-16,-0.27502036,-0.06961584276358701
1936-04-16,0.21688505,-0.06961581083050479
1936-05-16,1.5502424,-0.06961569906471698
1936-06-16,-1.3676662,-0.06961535844517319
1936-07-16,-1.8251556,-0.06961460269556041
1936-08-16,-0.49017233,-0.06961557665456844
1936-09-16,0.26799375,-0.06961583744140665
1936-10-16,0.5251288,-0.0696158480857674
1936-11-16,0.60361916,-0.06961585340794776
1936-12-16,0.50631946,-0.0696158480857674
1937-01-16,-0.41555053,-0.06961583744140665
1937-02-15,0.67026937,-0.06961581615268517
1937-03-16,1.3227451,-0.06961573099779922
1937-04-16,0.8886383,-0.0696154489222395
1937-05-16,-0.5356197,-0.06961470913916784
1937-06-16,-1.290706,-0.06961560326547028
1937-07-16,-0.23979135,-0.06961517749104056
1937-08-16,0.1935045,-0.06961559262110956
1937-09-16,0.28796965,-0.06961523071284427
1937-10-16,1.0408638,-0.0696158480857674
1937-11-16,0.15578409,-0.06961582679704591
1937-12-16,0.19160749,-0.06961576293088145
1938-01-16,0.67799085,-0.06961557133238806
1938-02-15,-0.6639469,-0.06961515620231906
1938-03-16,0.17320092,-0.0696158480857674
1938-04-16,0.48258287,-0.06961583744140665
1938-05-16,-0.60274875,-0.06961578421960293
1938-06-16,-1.3872526,-0.06961560858765067
1938-07-16,-0.5576863,-0.06961504975871163
1938-08-16,1.5472585,-0.06961402790008026
1938-09-16,-0.13025858,-0.06961523071284427
1938-10-16,-1.1948967,-0.0696158480857674
1938-11-16,-1.5362765,-0.0696158480857674
1938-12-16,-0.7389704,-0.0696158480857674
1939-01-16,-0.38202012,-0.0696158480857674
1939-02-15,-0.40108964,-0.0696158480857674
1939-03-16,-0.2316702,-0.0696158480857674
1939-04-16,1.2962768,-0.06961583744140665
1939-05-16,0.22663485,-0.06961580550832441
1939-06-16,0.820058,-0.06961568842035623
1939-07-16,-1.638132,-0.06961534247863208
1939-08-16,-1.1379198,-0.06961462398428189
1939-09-16,1.0241115,-0.06961523071284427
1939-10-16,-0.9709412,-0.0696158480857674
1939-11-16,-0.7626232,-0.06961585340794776
1939-12-16,0.2067564,-0.0696158480857674
1940-01-16,-0.23905985,-0.06961584276358701
1940-02-15,-0.6514359,-0.06961582679704591
1940-03-16,-1.2255187,-0.06961576293088145
1940-04-16,-0.5849296,-0.06961557665456844
1940-05-16,-0.01374771,-0.06961518281322093
1940-06-16,-0.2624191,-0.06961583744140665
1940-07-16,-0.74683416,-0.0696158480857674
1940-08-16,-0.875965,-0.0696158480857674
1940-09-16,-0.5562706,-0.0696158480857674
1940-10-16,0.55761296,-0.0696158480857674
1940-11-16,1.1128168,-0.0696158480857674
1940-12-16,-0.12100462,-0.0696158480857674
1941-01-16,0.40973723,-0.0696158480857674
1941-02-15,0.51856846,-0.06961582679704591
1941-03-16,0.2727222,-0.06961583744140665
1941-04-16,-0.5827632,-0.06961581615268517
1941-05-16,0.11938999,-0.06961574164215996
1941-06-16,-1.3164606,-0.06961559262110956
1941-07-16,-0.3918664,-0.0696158480857674
1941-08-16,0.022671176,-0.06961584276358701
1941-09-16,1.1520401,-0.06961582679704591
1941-10-16,0.7131113,-0.06961575760870106
1941-11-16,0.12474104,-0.06961552875494509
1941-12-16,0.24341562,-0.06961480493841454
1942-01-16,1.6709439,-0.06961327747264784
1942-02-15,-0.7389238,-0.06961489009330048
1942-03-16,-0.030310774,-0.06961584276358701
1942-04-16,2.0416565,-0.06961583211922628
1942-05-16,-0.5654244,-0.06961577357524218
1942-06-16,-0.022148998,-0.06961558729892918
1942-07-16,-1.7811066,-0.06961500718126866
1942-08-16,0.188495,-0.06961404918880175
1942-09-16,-0.70091766,-0.06961524667938539
1942-10-16,0.25095978,-0.0696158480857674
1942-11-16,1.0718303,-0.0696158480857674
1942-12-16,2.3724768,-0.0696158480857674
1943-01-16,-0.5324359,-0.0696158480857674
1943-02-15,2.4366841,-0.0696158480857674
1943-03-16,2.303595,-0.0696158480857674
1943-04-16,0.6953333,-0.06961583744140665
1943-05-16,-0.7751406,-0.06961581615268517
1943-06-16,-1.3401443,-0.0696157522865207
1943-07-16,-1.4059857,-0.0696158480857674
1943-08-16,-0.14472154,-0.0696158480857674
1943-09-16,-1.1483907,-0.0696158480857674
1943-10-16,-0.93104315,-0.06961583744140665
1943-11-16,-0.7723532,-0.06961580018614405
1943-12-16,-0.38241088,-0.06961566713163475
1944-01-16,-0.3204408,-0.06961527329028724
1944-02-15,1.6506584,-0.06961459205119966
1944-03-16,-2.0216062,-0.0696158480857674
1944-04-16,1.4765842,-0.06961583211922628
1944-05-16,-0.36546773,-0.0696157895417833
1944-06-16,1.5456747,-0.06961561390983104
1944-07-16,0.45293847,-0.06961506572525275
1944-08-16,1.2139384,-0.06961401725571952
1944-09-16,-0.03314664,-0.06961522539066389
1944-10-16,-1.0954765,-0.0696158480857674
1944-11-16,-1.4239023,-0.0696158480857674
1944-12-16,0.46822545,-0.0696158480857674
1945-01-16,0.4097372,-0.0696158480857674
1945-02-15,0.35261223,-0.0696158480857674
1945-03-16,0.6681754,-0.0696158480857674
1945-04-16,2.0696628,-0.0696158480857674
1945-05-16,1.2146868,-0.06961583744140665
1945-06-16,1.7380106,-0.06961582147486553
1945-07-16,1.4718155,-0.0696158480857674
1945-08-16,0.6003255,-0.0696158480857674
1945-09-16,-1.475,-0.0696158480857674
1945-10-16,1.393206,-0.0696158480857674
1945-11-16,-0.6717141,-0.0696158480857674
1945-12-16,0.81545573,-0.06961585340794776
1946-01-16,0.98938996,-0.0696158480857674
1946-02-15,0.08534853,-0.06961583211922628
1946-03-16,1.2684938,-0.06961579486396367
1946-04-16,1.3667892,-0.06961566713163475
1946-05-16,0.70234066,-0.06961540102261617
1946-06-16,0.38947508,-0.0696158480857674
1946-07-16,0.0355853,-0.0696158480857674
1946-08-16,-0.37613136,-0.0696158480857674
1946-09-16,1.7064992,-0.0696158480857674
1946-10-16,-0.4809351,-0.0696158480857674
1946-11-16,-0.46599346,-0.0696158480857674
1946-12-16,0.7926252,-0.0696158480857674
1947-01-16,1.0014725,-0.0696158480857674
1947-02-15,-0.45944098,-0.0696158480857674
1947-03-16,1.6440043,-0.0696158480857674
1947-04-16,0.5385477,-0.0696158480857674
1947-05-16,1.3285857,-0.06961584276358701
1947-06-16,1.1916071,-0.06961582679704591
1947-07-16,0.17768092,-0.06961577889742256
1947-08-16,1.2679363,-0.06961561390983104
1947-09-16,0.2198261,-0.06961527861246761
1947-10-16,-1.0489368,-0.0696158480857674
1947-11-16,-1.3429147,-0.0696158480857674
1947-12-16,1.0087883,-0.0696158480857674
1948-01-16,-1.1421413,-0.0696158480857674
1948-02-15,0.28811657,-0.0696158480857674
1948-03-16,0.9564439,-0.0696158480857674
1948-04-16,0.72148025,-0.0696158480857674
1948-05-16,-1.0381311,-0.0696158480857674
1948-06-16,-1.1442416,-0.0696158480857674
1948-07-16,0.6684984,-0.0696158480857674
1948-08-16,-0.5863981,-0.0696158480857674
1948-09-16,-0.2587872,-0.0696158480857674
1948-10-16,0.15757142,-0.0696158480857674
1948-11-16,-0.16652416,-0.0696158480857674
1948-12-16,-1.942253,-0.0696158480857674
1949-01-16,-0.50115335,-0.0696158480857674
1949-02-15,1.4494021,-0.06961583744140665
1949-03-16,-1.0238969,-0.06961585340794776
1949-04-16,-0.61732507,-0.0696158480857674
1949-05-16,1.2296653,-0.06961584276358701
1949-06-16,-0.13223155,-0.06961582679704591
1949-07-16,1.5143182,-0.06961577357524218
1949-08-16,1.0928388,-0.06961559262110956
1949-09-16,1.2234067,-0.06961523071284427
1949-10-16,0.08751677,-0.0696158480857674
1949-11-16,-0.45942762,-0.0696158480857674
1949-12-16,0.9800771,-0.0696158480857674
1950-01-16,0.45944262,-0.06961584276358701
1950-02-15,0.49322525,-0.06961584276358701
1950-03-16,-0.041982986,-0.06961582679704591
1950-04-16,1.149376,-0.06961577357524218
1950-05-16,0.52249485,-0.06961559262110956
1950-06-16,-0.8615736,-0.06961523071284427
1950-07-16,0.003959885,-0.0696158480857674
1950-08-16,0.11760139,-0.06961584276358701
1950-09-16,-1.1786112,-0.0696158480857674
1950-10-16,-0.8092397,-0.0696158480857674
1950-11-16,0.06200741,-0.0696158480857674
1950-12-16,-1.0968615,-0.0696158480857674
1951-01-16,0.95448786,-0.0696158480857674
1951-02-15,1.3542064,-0.0696158480857674
1951-03-16,-0.6994989,-0.0696158480857674
1951-04-16,-0.85700315,-0.06961583744140665
1951-05-16,1.8015724,-0.06961581615268517
1951-06-16,-0.7245018,-0.0696157522865207
1951-07-16,-0.21734598,-0.0696157895417833
1951-08-16,0.04705481,-0.06961564584291327
1951-09-16,1.9504149,-0.06961535844517319
1951-10-16,-0.4172154,-0.0696158480857674
1951-11-16,0.13318045,-0.0696158480857674
1951-12-16,-0.5306315,-0.06961585340794776
1952-01-16,-0.21129522,-0.0696158480857674
1952-02-15,0.48230955,-0.06961584276358701
1952-03-16,1.0242292,-0.06961582679704591
1952-04-16,0.8801897,-0.06961578421960293
1952-05-16,0.22222261,-0.06961562987637215
1952-06-16,-0.8804209,-0.06961531586773022
1952-07-16,-0.58470285,-0.0696158480857674
1952-08-16,-0.45959866,-0.0696158480857674
1952-09-16,-1.1804943,-0.0696158480857674
1952-10-16,-1.0390393,-0.0696158480857674
1952-11-16,0.047989506,-0.0696158480857674
1952-12-16,-0.94088155,-0.0696158480857674
1953-01-16,-0.33579436,-0.0696158480857674
1953-02-15,1.4744151,-0.0696158480857674
1953-03-16,0.034606922,-0.06961584276358701
1953-04-16,0.5162046,-0.06961583744140665
1953-05-16,0.773206,-0.06961580018614405
1953-06-16,0.39342555,-0.06961573099779922
1953-07-16,1.7338802,-0.0696158480857674
1953-08-16,-1.1558517,-0.06961584276358701
1953-09-16,1.111625,-0.0696158480857674
1953-10-16,0.5024659,-0.0696158480857674
1953-11-16,-0.84382284,-0.0696158480857674
1953-12-16,0.3827439,-0.0696158480857674
1954-01-16,0.71142787,-0.0696158480857674
1954-02-15,-0.055133946,-0.06961585340794776
1954-03-16,0.14851214,-0.0696158480857674
1954-04-16,-0.9079139,-0.06961584276358701
1954-05-16,0.9177113,-0.06961582679704591
1954-06-16,0.2532676,-0.06961577357524218
1954-07-16,1.4622462,-0.06961561390983104
1954-08-16,-0.0691608,-0.06961528925682836
1954-09-16,-1.8712311,-0.0696158480857674
1954-10-16,1.3178155,-0.0696158480857674
1954-11-16,-0.9258969,-0.0696158480857674
1954-12-16,-0.5439548,-0.0696158480857674
1955-01-16,-0.8720935,-0.0696158480857674
1955-02-15,-0.45109963,-0.0696158480857674
1955-03-16,-1.1936779,-0.06961583744140665
1955-04-16,-0.044654094,-0.06961582679704591
1955-05-16,-0.6501204,-0.06961576825306182
1955-06-16,-0.15138009,-0.06961565116509363
1955-07-16,-0.43115205,-0.0696158480857674
1955-08-16,-0.065592974,-0.0696158480857674
1955-09-16,-0.55627054,-0.0696158480857674
1955-10-16,0.40653762,-0.0696158480857674
1955-11-16,0.18387158,-0.0696158480857674
1955-12-16,-0.13994567,-0.0696158480857674
1956-01-16,-0.0546251,-0.06961585340794776
1956-02-15,-0.014712422,-0.0696158480857674
1956-03-16,0.32047936,-0.0696158480857674
1956-04-16,-0.18172994,-0.0696158480857674
1956-05-16,0.24423398,-0.0696158480857674
1956-06-16,0.19618711,-0.0696158480857674
1956-07-16,0.9585178,-0.06961583744140665
1956-08-16,0.10906815,-0.06961582147486553
1956-09-16,0.47267494,-0.06961578421960293
1956-10-16,1.0670339,-0.0696158480857674
1956-11-16,-0.10709185,-0.0696158480857674
1956-12-16,0.14489241,-0.0696158480857674
1957-01-16,-1.216128,-0.0696158480857674
1957-02-15,-0.23931387,-0.06961583744140665
1957-03-16,1.20201,-0.06961585340794776
1957-04-16,-0.85085243,-0.0696158480857674
1957-05-16,1.5776886,-0.06961583744140665
1957-06-16,-1.3460518,-0.06961580550832441
1957-07-16,0.32876566,-0.06961568842035623
1957-08-16,-0.75786793,-0.06961549682186285
1957-09-16,1.1165043,-0.0696158480857674
1957-10-16,-0.23413761,-0.0696158480857674
1957-11-16,-0.19388169,-0.0696158480857674
1957-12-16,0.27453008,-0.0696158480857674
1958-01-16,-0.49074292,-0.0696158480857674
1958-02-15,-0.6472647,-0.06961582679704591
1958-03-16,-0.33071175,-0.0696158480857674
1958-04-16,-1.1775618,-0.06961584276358701
1958-05-16,0.6966615,-0.0696158480857674
1958-06-16,1.0456443,-0.0696158480857674
1958-07-16,-1.5168059,-0.0696158480857674
1958-08-16,0.2530422,-0.06961583744140665
1958-09-16,-0.8711567,-0.06961583211922628
1958-10-16,0.77530885,-0.0696158480857674
1958-11-16,0.0026531238,-0.0696158480857674
1958-12-16,-2.0552154,-0.06961585340794776
1959-01-16,-1.4870608,-0.0696158480857674
1959-02-15,-0.65560645,-0.06961584276358701
1959-03-16,0.03230189,-0.06961582679704591
1959-04-16,0.26034877,-0.06961576293088145
1959-05-16,0.732421,-0.0696155819767488
1959-06-16,0.68881875,-0.0696151881354013
1959-07-16,0.5187597,-0.06961583744140665
1959-08-16,0.63196003,-0.0696158480857674
1959-09-16,0.3277453,-0.06961583744140665
1959-10-16,0.80649734,-0.06961580550832441
1959-11-16,-0.35023826,-0.06961566713163475
1959-12-16,-0.7782139,-0.069615283934648
1960-01-16,-0.017966118,-0.06961460269556041
1960-02-15,-0.02277953,-0.0696158480857674
1960-03-16,-0.66235346,-0.06961584276358701
1960-04-16,-0.12016616,-0.06961582679704591
1960-05-16,-0.34101963,-0.06961577889742256
1960-06-16,-0.6095803,-0.06961561390983104
1960-07-16,1.1841716,-0.06961527329028724
1960-08-16,-0.007134327,-0.0696158480857674
1960-09-16,-0.14682531,-0.0696158480857674
1960-10-16,-0.22696953,-0.0696158480857674
1960-11-16,0.95118684,-0.0696158480857674
1960-12-16,0.25630838,-0.0696158480857674
1961-01-16,0.38128686,-0.0696158480857674
1961-02-15,0.41243148,-0.0696158480857674
1961-03-16,-0.03731124,-0.0696158480857674
1961-04-16,-0.024023052,-0.0696158480857674
1961-05-16,-2.472612,-0.0696158480857674
1961-06-16,-0.10674024,-0.0696158480857674
1961-07-16,0.6262018,-0.06961584276358701
1961-08-16,-1.1359278,-0.06961584276358701
1961-09-16,0.26599294,-0.0696158480857674
1961-10-16,0.16303018,-0.0696158480857674
1961-11-16,0.47241515,-0.06961582147486553
1961-12-16,0.06390266,-0.06961574164215996
1962-01-16,0.26496118,-0.06961549682186285
1962-02-15,-0.88817257,-0.06961498589254717
1962-03-16,0.7667403,-0.0696158480857674
1962-04-16,-0.9381619,-0.06961584276358701
1962-05-16,-0.80519456,-0.06961582679704591
1962-06-16,-0.18547837,-0.06961576825306182
1962-07-16,-0.9517623,-0.06961559262110956
1962-08-16,1.5006577,-0.06961522539066389
1962-09-16,0.07773968,-0.0696158480857674
1962-10-16,1.0313748,-0.06961583744140665
1962-11-16,-0.6953725,-0.06961580550832441
1962-12-16,-0.4705595,-0.0696156777759955
1963-01-16,0.3213865,-0.06961531054554984
1963-02-15,-0.7389237,-0.06961463995082301
1963-03-16,-0.43560344,-0.0696158480857674
1963-04-16,-1.7908115,-0.06961583744140665
1963-05-16,-0.076938234,-0.0696157895417833
1963-06-16,-1.2027957,-0.06961564584291327
1963-07-16,1.1132576,-0.06961515620231906
1963-08-16,-0.70110244,-0.06961419820985215
1963-09-16,0.25798473,-0.06961533715645171
1963-10-16,-0.12563895,-0.0696158480857674
1963-11-16,1.086689,-0.0696158480857674
1963-12-16,-0.77494985,-0.06961585340794776
1964-01-16,-0.4284771,-0.0696158480857674
1964-02-15,1.2101934,-0.06961583744140665
1964-03-16,-0.37206972,-0.06961581615268517
1964-04-16,-0.9321302,-0.06961573631997958
1964-05-16,-0.71257854,-0.06961552875494509
1964-06-16,0.6184531,-0.06961545424441988
1964-07-16,2.3211455,-0.06961522539066389
1964-08-16,-1.0662646,-0.0696158480857674
1964-09-16,1.1067382,-0.06961583211922628
1964-10-16,-0.69241303,-0.06961577357524218
1964-11-16,-1.1236736,-0.06961558729892918
1964-12-16,-0.3969322,-0.06961500718126866
1965-01-16,-2.2560008,-0.06961377775760279
1965-02-15,-0.09168778,-0.06961524667938539
1965-03-16,-0.1933256,-0.06961583744140665
1965-04-16,0.73668206,-0.06961580550832441
1965-05-16,0.15320204,-0.06961569374253662
1965-06-16,-0.8615736,-0.06961543295569839
1965-07-16,-0.4705083,-0.06961559262110956
1965-08-16,1.4262764,-0.06961523071284427
1965-09-16,0.39871266,-0.0696158480857674
1965-10-16,0.91909486,-0.06961585340794776
1965-11-16,-0.14814422,-0.0696158480857674
1965-12-16,1.1905805,-0.06961584276358701
1966-01-16,1.15725,-0.06961582679704591
1966-02-15,-0.034896735,-0.06961576293088145
1966-03-16,-0.45276043,-0.06961559262110956
1966-04-16,0.7561714,-0.06961522539066389
1966-05-16,-0.7876617,-0.0696158480857674
1966-06-16,1.1931494,-0.0696158480857674
1966-07-16,1.1910042,-0.0696158480857674
1966-08-16,0.6490421,-0.06961583744140665
1966-09-16,1.124618,-0.06961582679704591
1966-10-16,0.6314266,-0.06961585340794776
1966-11-16,2.3491693,-0.0696158480857674
1966-12-16,-0.3656498,-0.0696158480857674
1967-01-16,0.5667604,-0.0696158480857674
1967-02-15,0.4823096,-0.06689559654288946
1967-03-16,-0.9744823,-0.06220940608121912
1967-04-16,-0.06527172,-0.06927887955771159
1967-05-16,0.94351315,-0.06974791266951154
1967-06-16,-0.3267,-0.06352528856722787
1967-07-16,-0.22958288,-0.07382483588876718
1967-08-16,-0.36293998,-0.07128744914128157
1967-09-16,-0.42037186,-0.07036495561744935
1967-10-16,-0.25853702,-0.06994731880149921
1967-11-16,0.7149194,-0.06976486381399549
1967-12-16,-1.964343,-0.07613403947499517
1968-01-16,-0.80066437,-0.060871846354556294
1968-02-15,-0.8840433,-0.06586214620266738
1968-03-16,-1.2328591,-0.06794333161522928
1968-04-16,-1.173793,-0.06889180270145592
1968-05-16,1.9007872,-0.06929714528074737
1968-06-16,0.39934528,-0.06947134556649451
1968-07-16,0.96002537,-0.06954951775179449
1968-08-16,-0.42534122,-0.06958420240127708
1968-09-16,-0.03314664,-0.06960096726944803
1968-10-16,0.8464281,-0.069608540732117
1968-11-16,-2.5173886,-0.06961185112830823
1968-12-16,0.22079538,-0.06961528925682836
1969-01-16,0.6320449,-0.06961460801774078
1969-02-15,-0.713951,-0.06961584276358701
1969-03-16,-0.49696645,-0.06961582679704591
1969-04-16,-1.009831,-0.06961577357524218
1969-05-16,0.97071177,-0.06961559262110956
1969-06-16,0.789963,-0.06961522006848353
1969-07-16,-0.42701328,-0.0696158480857674
1969-08-16,1.6810776,-0.06961584276358701
1969-09-16,-1.6629163,-0.0696158480857674
1969-10-16,2.7051585,-0.0696158480857674
1969-11-16,-0.3935799,-0.0696158480857674
1969-12-16,-0.33434996,-0.0696158480857674
1970-01-16,0.8352191,-0.06961585340794776
1970-02-15,-1.1820838,-0.0696158480857674
1970-03-16,-0.24369,-0.06961584276358701
1970-04-16,0.6228859,-0.06961583211922628
1970-05-16,-0.034730215,-0.06961579486396367
1970-06-16,-0.57753175,-0.06961567245381513
1970-07-16,0.009901936,-0.06961557665456844
1970-08-16,-0.9868128,-0.06961574164215996
1970-09-16,-0.043455955,-0.0696155819767488
1970-10-16,0.55014306,-0.0696158480857674
1970-11-16,0.6439386,-0.0696158480857674
1970-12-16,0.30656105,-0.0696158480857674
1971-01-16,-0.30511588,-0.06961584276358701
1971-02-15,0.51495904,-0.06961583211922628
1971-03-16,0.9112826,-0.06961579486396367
1971-04-16,-0.9900548,-0.06961564584291327
1971-05-16,-0.8678332,-0.06961530522336948
1971-06-16,-0.6671399,-0.0696155819767488
1971-07-16,-1.2718725,-0.06961521474630315
1971-08-16,1.187953,-0.06961583744140665
1971-09-16,1.2452512,-0.06961583211922628
1971-10-16,-1.374215,-0.06961583744140665
1971-11-16,-0.33352262,-0.06961580018614405
1971-12-16,1.6660348,-0.06961566713163475
1972-01-16,-1.0786455,-0.069615283934648
1972-02-15,0.9180724,-0.06961459205119966
1972-03-16,-0.3964681,-0.06961582147486553
1972-04-16,1.5366013,-0.06961573099779922
1972-05-16,-0.14320756,-0.06961522539066389
1972-06-16,0.1282464,-0.06961475171661081
1972-07-16,-1.407975,-0.06961254833393692
1972-08-16,-0.44054833,-0.0696144909297726
1972-09-16,1.9196011,-0.06961550214404323
1972-10-16,0.3740378,-0.06961585873012813
1972-11-16,0.07592798,-0.06961583211922628
1972-12-16,-0.74770516,-0.06961576293088145
1973-01-16,-0.92504966,-0.0696155819767488
1973-02-15,-0.32624727,-0.06961513491359758
1973-03-16,0.3569651,-0.0696156405207329
1973-04-16,1.1890702,-0.06961514555795832
1973-05-16,1.8603368,-0.06961415563240919
1973-06-16,0.7271071,-0.06961531586773022
1973-07-16,1.0356925,-0.06961584276358701
1973-08-16,-0.6135112,-0.06961582679704591
1973-09-16,-0.43070266,-0.06961579486396367
1973-10-16,1.1779616,-0.0696158480857674
1973-11-16,2.4681952,-0.0696158480857674
1973-12-16,0.16013166,-0.06961585340794776
1974-01-16,-1.0786456,-0.06961585340794776
1974-02-15,1.3542064,-0.0668891513824593
1974-03-16,-0.25572693,-0.062207947803797264
1974-04-16,0.7236544,-0.06927903922312273
1974-05-16,-0.06753097,-0.06974809362364418
1974-06-16,2.0621402,-0.0635272418074243
1974-07-16,0.121683024,-0.07382589500266115
1974-08-16,-1.2196592,-0.0712878004051861
1974-09-16,1.3579468,-0.07036511528286049
1974-10-16,-1.3605516,-0.06994731880149921
1974-11-16,-0.88396364,-0.06976458706061617
1974-12-16,-0.1366021,-0.08077090396898029
1975-01-16,1.4979312,-0.06032279159977717
1975-02-15,1.684588,-0.06569407174652811
1975-03-16,0.43925852,-0.06789130197991522
1975-04-16,0.1756411,-0.0688799076283251
1975-05-16,0.8133291,-0.06929541024994618
1975-06-16,-0.1173558,-0.06947185117362983
1975-07-16,1.7012897,-0.0695487832909032
1975-08-16,-1.052347,-0.06958479848547872
1975-09-16,0.6435472,-0.06960138239951702
1975-10-16,-1.7634062,-0.06960885474075894
1975-11-16,-0.32728258,-0.0696121757813109
1975-12-16,1.1432176,-0.0696158480857674
1976-01-16,-1.234606,-0.0696158480857674
1976-02-15,-0.3387029,-0.0696158480857674
1976-03-16,0.3612331,-0.0696158480857674
1976-04-16,0.02186117,-0.0696158480857674
1976-05-16,-0.46629637,-0.0696158480857674
1976-06-16,0.11789361,-0.06961583744140665
1976-07-16,1.0342315,-0.06961579486396367
1976-08-16,0.3307486,-0.0696157150312581
1976-09-16,-0.7271807,-0.0696158480857674
1976-10-16,0.27504063,-0.06961583744140665
1976-11-16,-0.3418666,-0.06961580018614405
1976-12-16,-0.6214445,-0.06961566713163475
1977-01-16,-0.015531758,-0.069615283934648
1977-02-15,1.4669422,-0.06961460269556041
1977-03-16,-0.79615843,-0.0696158480857674
1977-04-16,-1.3123246,-0.06961583744140665
1977-05-16,-0.5902994,-0.06961582679704591
1977-06-16,0.9120469,-0.06961576293088145
1977-07-16,-0.338246,-0.06961559262110956
1977-08-16,0.6603627,-0.06961522006848353
1977-09-16,-1.3872046,-0.0696158480857674
1977-10-16,1.7213428,-0.0696158480857674
1977-11-16,-0.11087891,-0.0696158480857674
1977-12-16,-0.65892166,-0.0696158480857674
1978-01-16,-0.4673526,-0.06961585340794776
1978-02-15,0.43463588,-0.0696158480857674
1978-03-16,0.21551548,-0.06961584276358701
1978-04-16,-0.19082987,-0.06961582679704591
1978-05-16,0.44686356,-0.06961576293088145
1978-06-16,-1.499663,-0.06961559262110956
1978-07-16,0.041496973,-0.06961523071284427
1978-08-16,0.29051793,-0.0696158480857674
1978-09-16,-1.0161793,-0.0696158480857674
1978-10-16,0.556369,-0.06961585340794776
1978-11-16,-1.3780013,-0.0696158480857674
1978-12-16,-1.1847388,-0.0696158480857674
1979-01-16,-1.4922996,-0.0696158480857674
1979-02-15,0.9306873,-0.06961583744140665
1979-03-16,-0.8407769,-0.06961581615268517
1979-04-16,1.5581825,-0.06961574164215996
1979-05-16,-0.355681,-0.0696155447214862
1979-06-16,1.4001373,-0.06961553407712545
1979-07-16,0.8078529,-0.06961504975871163
1979-08-16,-0.20490758,-0.06961578421960293
1979-09-16,0.4045879,-0.06961581083050479
1979-10-16,-0.22267061,-0.0696158480857674
1979-11-16,0.13486402,-0.06961585340794776
1979-12-16,-2.1665921,-0.0696158480857674
1980-01-16,-0.94888616,-0.06961584276358701
1980-02-15,0.6040917,-0.06961582679704591
1980-03-16,-0.03964662,-0.06961577357524218
1980-04-16,-0.25208685,-0.06961559262110956
1980-05-16,1.2563435,-0.06961523603502465
1980-06-16,0.99794185,-0.0696158480857674
1980-07-16,-0.013899102,-0.0696158480857674
1980-08-16,1.3642918,-0.0696158480857674
1980-09-16,0.67509604,-0.0696158480857674
1980-10-16,-0.16977014,-0.06961583744140665
1980-11-16,0.28206947,-0.06961580550832441
1980-12-16,0.8644071,-0.06961569906471698
1981-01-16,-0.63194746,-0.06961544360005914
1981-02-15,1.2847201,-0.06961583744140665
1981-03-16,-0.57582086,-0.06961581615268517
1981-04-16,1.302042,-0.0696158480857674
1981-05-16,1.6798835,-0.0696158480857674
1981-06-16,-2.1320567,-0.0696158480857674
1981-07-16,0.10612793,-0.0696158480857674
1981-08-16,-1.5815792,-0.0696158480857674
1981-09-16,0.7934675,-0.0696158480857674
1981-10-16,-0.9524323,-0.0696158480857674
1981-11-16,-1.5909013,-0.0696158480857674
1981-12-16,-1.453163,-0.06961585340794776
1982-01-16,-1.5210966,-0.0696158480857674
1982-02-15,0.23430872,-0.06961583744140665
1982-03-16,0.19552447,-0.06961582679704591
1982-04-16,1.2146685,-0.0696157522865207
1982-05-16,0.7823828,-0.06961560326547028
1982-06-16,-0.55614233,-0.06961575760870106
1982-07-16,0.726714,-0.06961577357524218
1982-08-16,-0.7971436,-0.06961559794328992
1982-09-16,0.44165656,-0.06961524135720501
1982-10-16,0.276375,-0.0696158480857674
1982-11-16,-0.8675948,-0.0696158480857674
1982-12-16,-0.2672583,-0.06961585340794776
1983-01-16,-0.8932728,-0.0696158480857674
1983-02-15,-0.33870322,-0.06961584276358701
1983-03-16,0.7349205,-0.06961582679704591
1983-04-16,-1.6628374,-0.06961577357524218
1983-05-16,0.22883913,-0.06961559262110956
1983-06-16,0.01779491,-0.06961522539066389
1983-07-16,0.33062077,-0.0696158480857674
1983-08-16,0.48635155,-0.0696158480857674
1983-09-16,2.0574822,-0.0696158480857674
1983-10-16,-1.3892192,-0.0696158480857674
1983-11-16,-2.3946147,-0.0696158480857674
1983-12-16,0.2627451,-0.0696158480857674
1984-01-16,0.91722625,-0.0696158480857674
1984-02-15,1.9660805,-0.0696158480857674
1984-03-16,1.4769696,-0.06961583744140665
1984-04-16,1.159335,-0.06961580550832441
1984-05-16,0.34810644,-0.06961574164215996
1984-06-16,-0.35029244,-0.06961547553314137
1984-07-16,1.5843116,-0.0696149433151042
1984-08-16,-1.2595732,-0.06961572567561884
1984-09-16,-1.6424093,-0.0696158480857674
1984-10-16,-1.5029069,-0.0696158480857674
1984-11-16,0.06375266,-0.0696158480857674
1984-12-16,1.1097566,-0.0696158480857674
1985-01-16,-1.0415821,-0.0696158480857674
1985-02-15,1.2241807,-0.0696158480857674
1985-03-16,1.7423549,-0.0696158480857674
1985-04-16,-0.15439734,-0.0696158480857674
1985-05-16,1.1427459,-0.06961584276358701
1985-06-16,-2.3806255,-0.06961583744140665
1985-07-16,0.11002118,-0.0696158480857674
1985-08-16,-0.17928925,-0.0696158480857674
1985-09-16,-1.2067902,-0.0696158480857674
1985-10-16,0.0026944946,-0.0696158480857674
1985-11-16,1.226481,-0.06961581615268517
1985-12-16,-0.108757205,-0.06961573631997958
1986-01-16,-0.98067015,-0.069615470210961
1986-02-15,-0.30550614,-0.0696149060598416
1986-03-16,0.4392586,-0.06961556601020769
1986-04-16,0.1136931,-0.06961512426923683
1986-05-16,-0.07458483,-0.0696157895417833
1986-06-16,-0.9034083,-0.06961561390983104
1986-07-16,-0.65331084,-0.06961507104743311
1986-08-16,-1.5615451,-0.06961402257789989
1986-09-16,-0.004314155,-0.06961523071284427
1986-10-16,-0.36949533,-0.0696158480857674
1986-11-16,-1.8965808,-0.06961582679704591
1986-12-16,-0.9099011,-0.06961577357524218
1987-01-16,-1.5603232,-0.06961565116509363
1987-02-15,-1.9862041,-0.06961584276358701
1987-03-16,-0.76145303,-0.0696158480857674
1987-04-16,-0.9681836,-0.06961583744140665
1987-05-16,-0.67508835,-0.06961582147486553
1987-06-16,0.0030982806,-0.06961576293088145
1987-07-16,-0.8236034,-0.06961558729892918
1987-08-16,1.0732201,-0.06961522006848353
1987-09-16,1.5213839,-0.0696158480857674
1987-10-16,0.6604971,-0.0696158480857674
1987-11-16,-1.0180147,-0.06961585340794776
1987-12-16,1.5571814,-0.06961585340794776
1988-01-16,-0.7610304,-0.0696158480857674
1988-02-15,0.8958509,-0.06961583744140665
1988-03-16,0.4225398,-0.06961579486396367
1988-04-16,-0.44251862,-0.06961565116509363
1988-05-16,1.3775784,-0.06961516684667982
1988-06-16,0.6165827,-0.06961419820985215
1988-07-16,0.68858963,-0.0696152999011891
1988-08-16,1.3711828,-0.06961583744140665
1988-09-16,0.46687317,-0.0696158480857674
1988-10-16,-2.4254262,-0.06961584276358701
1988-11-16,0.45636287,-0.06961581083050479
1988-12-16,-0.35223714,-0.06961570970907772
1989-01-16,-0.89592075,-0.06961540102261617
1989-02-15,-1.4128938,-0.06961479429405379
1989-03-16,-0.746581,-0.06961582147486553
1989-04-16,-0.079007596,-0.06961573631997958
1989-05-16,-0.32881895,-0.06961546488878062
1989-06-16,-0.9242586,-0.06961480493841454
1989-07-16,0.693591,-0.06961564584291327
1989-08-16,-0.7265207,-0.06961562455419178
1989-09-16,1.111625,-0.06961530522336948
1989-10-16,-0.08594722,-0.0696158480857674
1989-11-16,-1.6691084,-0.0696158480857674
1989-12-16,-1.9093802,-0.0696158480857674
1990-01-16,-0.56640726,-0.0696158480857674
1990-02-15,-1.5027761,-0.06961585340794776
1990-03-16,-0.28468257,-0.0696158480857674
1990-04-16,1.2244714,-0.0696158480857674
1990-05-16,-0.55051583,-0.0696158480857674
1990-06-16,-1.4958204,-0.0696158480857674
1990-07-16,0.20830598,-0.0696158480857674
1990-08-16,-2.4524493,-0.0696158480857674
1990-09-16,0.27199343,-0.0696158480857674
1990-10-16,-0.3637164,-0.0696158480857674
1990-11-16,-0.87136495,-0.0696158480857674
1990-12-16,-1.6757714,-0.06961585340794776
1991-01-16,-1.1474296,-0.0696158480857674
1991-02-15,-1.6415582,-0.06961584276358701
1991-03-16,-1.0238969,-0.06961582679704591
1991-04-16,-0.5914237,-0.06961578421960293
1991-05-16,2.1892781,-0.06961562455419178
1991-06-16,0.32582417,-0.06961531054554984
1991-07-16,0.69692045,-0.0696158480857674
1991-08-16,-0.26762384,-0.0696158480857674
1991-09-16,-1.2738113,-0.0696158480857674
1991-10-16,-0.83511096,-0.0696158480857674
1991-11-16,-1.2216324,-0.0696158480857674
1991-12-16,-0.9141819,-0.06961585340794776
1992-01-16,-0.9144566,-0.0696158480857674
1992-02-15,-0.4677843,-0.06961584276358701
1992-03-16,-1.0263658,-0.06961582679704591
1992-04-16,-1.359023,-0.06961577357524218
1992-05-16,-0.81271,-0.06961559262110956
1992-06-16,-1.4862039,-0.06961522539066389
1992-07-16,0.4993225,-0.0696158480857674
1992-08-16,-0.9135159,-0.0696158480857674
1992-09-16,-1.2627012,-0.0696158480857674
1992-10-16,-1.5484754,-0.0696158480857674
1992-11-16,-0.77357155,-0.0696158480857674
1992-12-16,-0.26390412,-0.0696158480857674
1993-01-16,-0.65297174,-0.0696158480857674
1993-02-15,-1.2303109,-0.0696158480857674
1993-03-16,0.86344963,-0.0696158480857674
1993-04-16,-0.46904346,-0.0696158480857674
1993-05-16,0.31166044,-0.0696158480857674
1993-06-16,-0.2538575,-0.0696158480857674
1993-07-16,1.0719242,-0.0696158480857674
1993-08-16,-1.2775419,-0.06961584276358701
1993-09-16,0.07160428,-0.06961583744140665
1993-10-16,0.92460465,-0.0696158480857674
1993-11-16,0.78650725,-0.0696158480857674
1993-12-16,1.5774716,-0.0696158480857674
1994-01-16,-1.8492318,-0.0696158480857674
1994-02-15,-0.32209736,-0.0696158480857674
1994-03-16,0.69124705,-0.0696158480857674
1994-04-16,-1.1377865,-0.0696158480857674
1994-05-16,-0.52817684,-0.0696158480857674
1994-06-16,0.78462285,-0.06961583744140665
1994-07-16,-1.6459107,-0.06961581615268517
1994-08-16,0.84858584,-0.06961577357524218
1994-09-16,-0.07235238,-0.0696158480857674
1994-10-16,-0.11428158,-0.06961583744140665
1994-11-16,-0.8763984,-0.06961580018614405
1994-12-16,-1.3115913,-0.06961566713163475
1995-01-16,-0.7003546,-0.06961527861246761
1995-02-15,1.1533797,-0.06961458140683892
1995-03-16,0.57393086,-0.06961582679704591
1995-04-16,-0.0033806984,-0.06961573099779922
1995-05-16,-0.41946003,-0.06961542231133766
1995-06-16,0.6575106,-0.06961438980834553
1995-07-16,0.3583469,-0.06961240995724725
1995-08-16,1.7907947,-0.06961401725571952
1995-09-16,0.1855255,-0.06961522539066389
1995-10-16,-0.037987735,-0.0696158480857674
1995-11-16,0.21638645,-0.0696158480857674
1995-12-16,-0.14106041,-0.0696158480857674
1996-01-16,0.114089504,-0.06961585340794776
1996-02-15,-0.7139509,-0.0696158480857674
1996-03-16,-0.4969666,-0.06961584276358701
1996-04-16,0.9432113,-0.06961582679704591
1996-05-16,-0.9480115,-0.06961576825306182
1996-06-16,-0.20468776,-0.06961559262110956
1996-07-16,0.39683577,-0.06961522539066389
1996-08-16,1.8311018,-0.0696158480857674
1996-09-16,-1.8434526,-0.0696158480857674
1996-10-16,0.121960916,-0.0696158480857674
1996-11-16,1.4381224,-0.0696158480857674
1996-12-16,0.4308725,-0.0696158480857674
1997-01-16,-1.991748,-0.06961583744140665
1997-02-15,1.8105617,-0.06961582147486553
1997-03-16,-1.2475317,-0.06961576293088145
1997-04-16,-0.7323462,-0.06961557133238806
1997-05-16,-2.9960072,-0.0696151508801387
1997-06-16,-0.0011049098,-0.06961581083050479
1997-07-16,0.31203005,-0.06961570970907772
1997-08-16,0.045318127,-0.06961546488878062
1997-09-16,0.45912692,-0.06961530522336948
1997-10-16,0.29501486,-0.06961575760870106
1997-11-16,0.26959214,-0.06961552875494509
1997-12-16,-0.5428449,-0.06961477832751267
1998-01-16,-0.65560126,-0.0696131550624993
1998-02-15,-1.7818309,-0.06961460269556041
1998-03-16,-1.631809,-0.06961583744140665
1998-04-16,-2.033815,-0.06961579486396367
1998-05-16,-0.16227171,-0.06961566713163475
1998-06-16,0.11167469,-0.0696152999011891
1998-07-16,1.6398636,-0.06961435787526331
1998-08-16,1.6996447,-0.06961401725571952
1998-09-16,0.7008959,-0.06961522539066389
1998-10-16,-0.33917195,-0.0696158480857674
1998-11-16,-0.02904356,-0.0696158480857674
1998-12-16,0.26810455,-0.06961583744140665
1999-01-16,0.44224542,-0.06961580018614405
1999-02-15,1.2241808,-0.06961582147486553
1999-03-16,0.783428,-0.06961579486396367
1999-04-16,1.4545135,-0.0696156405207329
1999-05-16,-0.19816376,-0.06961511894705646
1999-06-16,-0.51974356,-0.06961395871173542
1999-07-16,-0.79250056,-0.0696142088542129
1999-08-16,0.59598005,-0.06961529457900872
1999-09-16,1.4431052,-0.0696158480857674
1999-10-16,0.37664697,-0.0696158480857674
1999-11-16,2.3855872,-0.0696158480857674
1999-12-16,0.26167294,-0.0696158480857674
2000-01-16,1.0083458,-0.0696158480857674
2000-02-15,1.1186177,-0.06689444695192917
2000-03-16,1.702724,-0.06220916126092202
2000-04-16,1.6624398,-0.06927907647838533
2000-05-16,-2.1619337,-0.06974835441048238
2000-06-16,0.53909343,-0.06352518744580082
2000-07-16,-0.99498755,-0.07382621433348345
2000-08-16,-1.1518663,-0.07128755026270864
2000-09-16,1.405268,-0.07036529091481276
2000-10-16,1.3686675,-0.06994721768007214
2000-11-16,-0.001845704,-0.06976459238279654
2000-12-16,1.2330213,-0.07613328372538238
2001-01-16,1.6588902,-0.06087185433782685
2001-02-15,-0.63057715,-0.06586215684702812
2001-03-16,1.5321953,-0.06794335822613114
2001-04-16,0.17105511,-0.0688918825341615
2001-05-16,-1.5929389,-0.0692974007454052
2001-06-16,-0.88251287,-0.06947206938302507
2001-07-16,-0.86502206,-0.06954951775179449
2001-08-16,-1.5595421,-0.06958420772345744
2001-09-16,0.61926144,-0.06960097791380877
2001-10-16,-0.49252763,-0.06960856734301887
2001-11-16,-0.694185,-0.06961197886063714
2001-12-16,-0.57278454,-0.06961567245381513
2002-01-16,-1.7895393,-0.06961530522336948
2002-02-15,-1.4794201,-0.06961462930646226
2002-03-16,-1.1421374,-0.06961583744140665
2002-04-16,0.25349212,-0.0696157895417833
2002-05-16,-0.8327525,-0.0696156192320114
2002-06-16,0.9863042,-0.069615055080892
2002-07-16,-0.61380666,-0.06961390548993171
2002-08-16,0.12441364,-0.06961503911435088
2002-09-16,0.557001,-0.06961576825306182
2002-10-16,-0.7285324,-0.06961585340794776
2002-11-16,0.3243019,-0.0696158480857674
2002-12-16,1.0872309,-0.06961583744140665
2003-01-16,-0.8667995,-0.06961579486396367
2003-02-15,-0.5136901,-0.06961568842035623
2003-03-16,0.40573722,-0.06961584276358701
2003-04-16,-1.5070565,-0.06961582679704591
2003-05-16,-0.95803046,-0.06961577357524218
2003-06-16,1.5708102,-0.0696156777759955
2003-07-16,2.0518951,-0.0696158480857674
2003-08-16,0.9424675,-0.0696158480857674
2003-09-16,-0.584939,-0.0696158480857674
2003-10-16,1.2552193,-0.06961583744140665
2003-11-16,0.3573664,-0.06961580018614405
2003-12-16,-0.2247802,-0.06961566713163475
2004-01-16,-0.9409405,-0.06961527329028724
2004-02-15,0.4161407,-0.06961458140683892
2004-03-16,-0.16945675,-0.06961583744140665
2004-04-16,-1.9119121,-0.06961580018614405
2004-05-16,-1.8920053,-0.06961566713163475
2004-06-16,0.411162,-0.06961522539066389
2004-07-16,1.1552427,-0.06961436851962405
2004-08-16,-0.9016506,-0.06961522539066389
2004-09-16,-0.4348337,-0.0696158480857674
2004-10-16,-0.0015040748,-0.0696158480857674
2004-11-16,-2.043274,-0.0696158480857674
2004-12-16,-1.4080372,-0.0696158480857674
2005-01-16,-0.73463345,-0.0696158480857674
2005-02-15,-1.9641342,-0.06961583744140665
2005-03-16,-0.92500126,-0.06961582147486553
2005-04-16,-1.9044904,-0.06961575760870106
2005-05-16,1.1489689,-0.0696156192320114
2005-06-16,0.31179255,-0.06961508169179387
2005-07-16,0.16999398,-0.06961404918880175
2005-08-16,-0.9293457,-0.06961522539066389
2005-09-16,-1.5402364,-0.0696158480857674
2005-10-16,0.18345252,-0.0696158480857674
2005-11-16,0.352895,-0.0696158480857674
2005-12-16,1.6750605,-0.0696158480857674
2006-01-16,0.26268503,-0.0696158480857674
2006-02-15,1.8665396,-0.0696158480857674
2006-03-16,0.6312451,-0.0696158480857674
2006-04-16,-0.736556,-0.06961584276358701
2006-05-16,1.6551862,-0.06961583744140665
2006-06-16,1.1464672,-0.06961581615268517
2006-07-16,-0.03579307,-0.0696158480857674
2006-08-16,-0.34226242,-0.0696158480857674
2006-09-16,-0.16754402,-0.0696158480857674
2006-10-16,-1.1990753,-0.06961583744140665
2006-11-16,-1.7445151,-0.06961580550832441
2006-12-16,-1.0812213,-0.06961566713163475
2007-01-16,0.91543585,-0.069615283934648
2007-02-15,-1.52219,-0.06961459737338004
2007-03-16,1.0057905,-0.06961585340794776
2007-04-16,0.94112355,-0.0696158480857674
2007-05-16,-1.103116,-0.06961584276358701
2007-06-16,0.24514669,-0.06961582679704591
2007-07-16,0.78214747,-0.06961576825306182
2007-08-16,0.18012966,-0.06961559262110956
2007-09-16,0.51118565,-0.06961522539066389
2007-10-16,0.28170818,-0.0696158480857674
2007-11-16,-1.4735117,-0.0696158480857674
2007-12-16,-0.7966878,-0.0696158480857674
2008-01-16,0.24671297,-0.0696158480857674
2008-02-15,0.639092,-0.0696158480857674
2008-03-16,0.8400759,-0.0696158480857674
2008-04-16,-0.062981606,-0.0696158480857674
2008-05-16,-0.657608,-0.0696158480857674
2008-06-16,-0.034796715,-0.0696158480857674
2008-07-16,0.3895343,-0.0696158480857674
2008-08-16,-0.15197943,-0.0696158480857674
2008-09-16,-0.34379822,-0.0696158480857674
2008-10-16,2.8654835,-0.0696158480857674
2008-11-16,-0.111826755,-0.0696158480857674
2008-12-16,-1.2965208,-0.0696158480857674
2009-01-16,1.5935369,-0.0696158480857674
2009-02-15,-0.7389239,-0.0696158480857674
2009-03-16,2.0651104,-0.0696158480857674
2009-04-16,0.9117994,-0.0696158480857674
2009-05-16,1.1965622,-0.0696158480857674
2009-06-16,-1.2108344,-0.0696158480857674
2009-07-16,0.68190783,-0.0696158480857674
2009-08-16,1.1133912,-0.0696158480857674
2009-09-16,-0.1758342,-0.06961583744140665
2009-10-16,-1.0178009,-0.06961580018614405
2009-11-16,0.21073718,-0.06961567245381513
2009-12-16,-0.2817948,-0.06961527329028724
2010-01-16,-0.008235504,-0.06961459205119966
2010-02-15,-1.1820838,-0.0696158480857674
2010-03-16,-1.3012304,-0.06961584276358701
2010-04-16,-0.96219754,-0.06961582679704591
2010-05-16,-1.1629997,-0.06961576825306182
2010-06-16,1.0342052,-0.06961559262110956
2010-07-16,0.42770836,-0.06961523071284427
2010-08-16,-0.3723596,-0.0696158480857674
2010-09-16,-1.3853964,-0.0696158480857674
2010-10-16,-1.0560012,-0.0696158480857674
2010-11-16,0.76151824,-0.0696158480857674
2010-12-16,0.9782736,-0.0696158480857674
2011-01-16,1.957985,-0.0696158480857674
2011-02-15,-1.4520897,-0.0696158480857674
2011-03-16,1.9587734,-0.06961583744140665
2011-04-16,-1.4243239,-0.06961580550832441
2011-05-16,-0.62019,-0.06961568309817587
2011-06-16,0.38947508,-0.069615470210961
2011-07-16,0.32319474,-0.0696158480857674
2011-08-16,0.6884285,-0.0696158480857674
2011-09-16,-0.6522407,-0.0696158480857674
2011-10-16,0.73320216,-0.0696158480857674
2011-11-16,0.43518424,-0.0696158480857674
2011-12-16,1.0828788,-0.0696158480857674
2012-01-16,1.9078164,-0.0696158480857674
2012-02-15,0.4493688,-0.06961582679704591
2012-03-16,1.5706557,-0.0696158480857674
2012-04-16,2.0463398,-0.06961583744140665
2012-05-16,0.7042311,-0.06961578421960293
2012-06-16,-1.6420289,-0.06961561390983104
2012-07-16,-0.4352917,-0.06961507104743311
2012-08-16,0.36097053,-0.06961402257789989
2012-09-16,0.5131036,-0.06961522539066389
2012-10-16,-1.20186,-0.0696158480857674
2012-11-16,-0.45833486,-0.0696158480857674
2012-12-16,1.3143523,-0.06961583744140665
2013-01-16,1.1218469,-0.06961580550832441
2013-02-15,2.4276364,-0.06961572035343846
2013-03-16,-1.8878335,-0.06961585340794776
2013-04-16,1.6009601,-0.0696158480857674
2013-05-16,-0.4342308,-0.06961584276358701
2013-06-16,-0.3116918,-0.06961582679704591
2013-07-16,-0.40013033,-0.06961576825306182
2013-08-16,0.45897508,-0.06961558729892918
2013-09-16,-0.83541185,-0.06961522539066389
2013-10-16,0.5326516,-0.0696158480857674
2013-11-16,-0.09482842,-0.0696158480857674
2013-12-16,0.03308385,-0.0696158480857674
2014-01-16,-0.8641528,-0.0696158480857674
2014-02-15,-2.5237386,-0.06961584276358701
2014-03-16,-1.7056847,-0.06961582679704591
2014-04-16,-1.7830719,-0.06961576293088145
2014-05-16,0.92634463,-0.06961556068802732
2014-06-16,-0.17694747,-0.06961509765833498
2014-07-16,-0.5971752,-0.06961576825306182
2014-08-16,1.218233,-0.06961559262110956
2014-09-16,-1.2848976,-0.06961522539066389
2014-10-16,-0.891027,-0.0696158480857674
2014-11-16,-0.21362208,-0.0696158480857674
2014-12-16,1.3167543,-0.0696158480857674
2015-01-16,-1.1659348,-0.0696158480857674
2015-02-15,-1.7062995,-0.06961583744140665
2015-03-16,-1.8901874,-0.06961581083050479
2015-04-16,1.0157197,-0.06961569906471698
2015-05-16,-1.212813,-0.06961533183427134
2015-06-16,0.27554002,-0.06961444303014926
2015-07-16,-0.27661985,-0.06961528925682836
2015-08-16,1.0662472,-0.06961559262110956
2015-09-16,-0.22559956,-0.06961522006848353
2015-10-16,-1.0701162,-0.06961584276358701
2015-11-16,0.630828,-0.06961580550832441
2015-12-16,-1.0718186,-0.06961568842035623
2016-01-16,-0.10390386,-0.06961533715645171
2016-02-15,0.053492565,-0.06961468252826598
2016-03-16,-2.0940585,-0.06961585340794776
2016-04-16,-1.8731083,-0.0696158480857674
2016-05-16,0.40939325,-0.06961584276358701
2016-06-16,-0.07282902,-0.06961582679704591
2016-07-16,1.3143253,-0.06961576825306182
2016-08-16,-0.3817922,-0.06961559262110956
2016-09-16,0.73382354,-0.06961522539066389
2016-10-16,-0.62295246,-0.0696158480857674
2016-11-16,-1.0604028,-0.06961582679704591
2016-12-16,1.1863842,-0.06961577357524218
2017-01-16,1.788054,-0.06961563519855252
2017-02-15,-0.042985413,-0.06961583744140665
2017-03-16,0.54383796,-0.06961580018614405
2017-04-16,0.1985614,-0.06961566713163475
2017-05-16,-1.6296134,-0.06961524135720501
2017-06-16,-2.0113506,-0.06961419820985215
2017-07-16,0.77568316,-0.06961540102261617
2017-08-16,0.12611496,-0.06961562455419178
2017-09-16,0.9081557,-0.0696158480857674
2017-10-16,-1.8783958,-0.0696158480857674
2017-11-16,1.0938294,-0.0696158480857674
2017-12-16,-0.91097146,-0.0696158480857674
2018-01-16,1.9088563,-0.06961585340794776
2018-02-15,1.1039821,-0.0696158480857674
2018-03-16,-1.3741925,-0.06961584276358701
2018-04-16,-0.93615246,-0.06961583211922628
2018-05-16,-0.3483473,-0.06961579486396367
2018-06-16,0.36570236,-0.06961565116509363
2018-07-16,-0.115982816,-0.06961517749104056
2018-08-16,-1.2995098,-0.06961426739819698
2018-09-16,0.016247002,-0.06961522539066389
2018-10-16,0.5476498,-0.0696158480857674
2018-11-16,-0.8475646,-0.0696158480857674
2018-12-16,0.8587949,-0.0696158480857674
2019-01-16,0.5564168,-0.0696158480857674
2019-02-15,-1.6987089,-0.06961583744140665
2019-03-16,-1.845414,-0.06961581615268517
2019-04-16,-1.8000717,-0.06961573631997958
2019-05-16,1.593709,-0.06961543295569839
2019-06-16,0.4190233,-0.0696146984948071
2019-07-16,-0.3258985,-0.06961559262110956
2019-08-16,-1.2336262,-0.06961522539066389
2019-09-16,-0.07854994,-0.0696158480857674
2019-10-16,-0.8924581,-0.0696158480857674
2019-11-16,-2.1327136,-0.0696158480857674
2019-12-16,-1.6118199,-0.0696158480857674
2020-01-16,-1.7869424,-0.06961583744140665
2020-02-15,0.37889078,-0.06961580550832441
2020-03-16,-1.6723624,-0.0696157895417833
2020-04-16,1.0566502,-0.06961563519855252
2020-05-16,-2.0632737,-0.0696151136248761
2020-06-16,2.3949103,-0.06961410241060546
2020-07-16,0.5485781,-0.06961527861246761
2020-08-16,-0.103194505,-0.0696158480857674
2020-09-16,0.63608974,-0.0696158480857674
2020-10-16,-1.3864932,-0.0696158480857674
2020-11-16,0.6395814,-0.0696158480857674
2020-12-16,0.48885465,-0.0696158480857674
2021-01-16,0.43577117,-0.0696158480857674
2021-02-15,-1.8118558,-0.0696158480857674
2021-03-16,0.15525906,-0.0696158480857674
2021-04-16,0.08155166,-0.0696158480857674
2021-05-16,1.67169,-0.0696158480857674
2021-06-16,0.38947514,-0.0696158480857674
2021-07-16,0.072925106,-0.0696158480857674
2021-08-16,0.9350134,-0.0696158480857674
2021-09-16,-0.59516174,-0.0696158480857674
2021-10-16,-1.6110437,-0.06961583744140665
2021-11-16,0.7220069,-0.06961580550832441
2021-12-16,-0.4516132,-0.06961568309817587
2022-01-16,-1.5184798,-0.06961532651209096
2022-02-15,0.9463713,-0.06961467188390524
2022-03-16,-0.023318982,-0.0696158480857674
2022-04-16,1.9801927,-0.0696158480857674
2022-05-16,1.4731803,-0.0696158480857674
2022-06-16,0.3756219,-0.0696158480857674
2022-07-16,-0.4456442,-0.0696158480857674
2022-08-16,-1.0265143,-0.0696158480857674
2022-09-16,0.10224666,-0.0696158480857674
2022-10-16,-0.31177333,-0.0696158480857674
2022-11-16,-0.19781643,-0.0696158480857674
2022-12-16,2.1750348,-0.0696158480857674
2023-01-16,1.3670915,-0.0696158480857674
2023-02-15,0.7045504,-0.0696158480857674
2023-03-16,-1.0707661,-0.0696158480857674
2023-04-16,-1.4917122,-0.0696158480857674
2023-05-16,0.15544674,-0.0696158480857674
2023-06-16,1.0260051,-0.0696158480857674
2023-07-16,1.4943606,-0.0696158480857674
2023-08-16,0.29051793,-0.0696158480857674
2023-09-16,1.5016822,-0.0696158480857674
2023-10-16,-1.1137542,-0.06961583744140665
2023-11-16,0.35214856,-0.06961579486396367
2023-12-16,0.82492423,-0.06961567245381513
